2024-12-12 00:20:08,661 [ERROR] LogOutputStream:75 - [STDERR_REDIRECT] 
2024-12-12 01:51:25,450 [INFO] Activator:176 - 


2024-12-12 01:51:25,460 [INFO] Activator:177 - !SESSION log4j initialized
2024-12-12 01:51:39,489 [INFO] LogOutputStream:77 - [STDOUT_REDIRECT] 
2024-12-12 01:51:47,131 [INFO] ApplicationProperties:184 - Using Application install path: C:\ST\STM32CubeIDE_1.16.1\STM32CubeIDE\plugins\com.st.stm32cube.common.mx_6.12.1.202409122256
2024-12-12 01:51:47,167 [INFO] DbMcusXml:78 - Set database path to: C:\ST\STM32CubeIDE_1.16.1\STM32CubeIDE\plugins\com.st.stm32cube.common.mx_6.12.1.202409122256\\db\/mcu/
2024-12-12 01:51:47,168 [INFO] ApiDb:274 - Set plugin database path to: C:\ST\STM32CubeIDE_1.16.1\STM32CubeIDE\plugins\com.st.stm32cube.common.mx_6.12.1.202409122256\\db\/plugins/boardmanager/
2024-12-12 01:51:47,168 [WARN] ApiDb:259 - Overriding images path with different value:  => C:\ST\STM32CubeIDE_1.16.1\STM32CubeIDE\plugins\com.st.stm32cube.common.mx_6.12.1.202409122256\\db\/plugins/mcufinder/images/
2024-12-12 01:51:47,183 [INFO] ApiDb:250 - Set database path to: C:\Users\leona\.stmcufinder\plugins\mcufinder//mcu/
2024-12-12 01:51:47,185 [INFO] DbMcusAds:125 - Set database path to: C:\Users\leona\.stmcufinder\plugins\mcufinder//mcu/
2024-12-12 01:51:47,190 [INFO] CrossReferenceDbSqlite:203 - Set database path to: C:\Users\leona\.stmcufinder\plugins\mcufinder//mcu/cs/
2024-12-12 01:51:47,459 [INFO] RulesReader:64 - Compatibility file has been processed (297 Rules)
2024-12-12 01:51:47,697 [INFO] DbMcusXml:78 - Set database path to: C:\ST\STM32CubeIDE_1.16.1\STM32CubeIDE\plugins\com.st.stm32cube.common.mx_6.12.1.202409122256\\db\/mcu/
2024-12-12 01:51:47,697 [INFO] ApiDb:274 - Set plugin database path to: C:\ST\STM32CubeIDE_1.16.1\STM32CubeIDE\plugins\com.st.stm32cube.common.mx_6.12.1.202409122256\\db\/plugins/boardmanager/
2024-12-12 01:51:47,697 [INFO] ApiDb:261 - Set plugin images path to: C:\ST\STM32CubeIDE_1.16.1\STM32CubeIDE\plugins\com.st.stm32cube.common.mx_6.12.1.202409122256\\db\/plugins/mcufinder/images/
2024-12-12 01:51:47,698 [WARN] DbFile:41 - Overriding database path with different value: C:\Users\leona\.stmcufinder\plugins\mcufinder/ => C:\Users\leona\.stmcufinder\plugins\mcufinder
2024-12-12 01:51:47,698 [INFO] ApiDb:250 - Set database path to: C:\Users\leona\.stmcufinder\plugins\mcufinder//mcu/
2024-12-12 01:51:47,698 [WARN] DbFile:41 - Overriding database path with different value: C:\Users\leona\.stmcufinder\plugins\mcufinder/ => C:\Users\leona\.stmcufinder\plugins\mcufinder
2024-12-12 01:51:47,699 [INFO] DbMcusAds:125 - Set database path to: C:\Users\leona\.stmcufinder\plugins\mcufinder//mcu/
2024-12-12 01:51:47,699 [WARN] DbFile:41 - Overriding database path with different value: C:\Users\leona\.stmcufinder\plugins\mcufinder/ => C:\Users\leona\.stmcufinder\plugins\mcufinder
2024-12-12 01:51:47,699 [WARN] DbFile:41 - Overriding database path with different value: C:\Users\leona\.stmcufinder\plugins\mcufinder/ => C:\Users\leona\.stmcufinder\plugins\mcufinder
2024-12-12 01:51:47,700 [INFO] CrossReferenceDbSqlite:203 - Set database path to: C:\Users\leona\.stmcufinder\plugins\mcufinder//mcu/cs/
2024-12-12 01:51:47,890 [INFO] MainPanel:268 - HeapMemory: 268435456
2024-12-12 01:51:48,122 [INFO] DbMcusXml:78 - Set database path to: C:\ST\STM32CubeIDE_1.16.1\STM32CubeIDE\plugins\com.st.stm32cube.common.mx_6.12.1.202409122256\\db\/mcu/
2024-12-12 01:51:48,122 [INFO] ApiDb:274 - Set plugin database path to: C:\ST\STM32CubeIDE_1.16.1\STM32CubeIDE\plugins\com.st.stm32cube.common.mx_6.12.1.202409122256\\db\/plugins/boardmanager/
2024-12-12 01:51:48,123 [INFO] ApiDb:261 - Set plugin images path to: C:\ST\STM32CubeIDE_1.16.1\STM32CubeIDE\plugins\com.st.stm32cube.common.mx_6.12.1.202409122256\\db\/plugins/mcufinder/images/
2024-12-12 01:51:48,123 [WARN] DbFile:41 - Overriding database path with different value: C:\Users\leona\.stmcufinder\plugins\mcufinder/ => C:\Users\leona\.stmcufinder\plugins\mcufinder
2024-12-12 01:51:48,124 [INFO] ApiDb:250 - Set database path to: C:\Users\leona\.stmcufinder\plugins\mcufinder//mcu/
2024-12-12 01:51:48,124 [WARN] DbFile:41 - Overriding database path with different value: C:\Users\leona\.stmcufinder\plugins\mcufinder/ => C:\Users\leona\.stmcufinder\plugins\mcufinder
2024-12-12 01:51:48,124 [INFO] DbMcusAds:125 - Set database path to: C:\Users\leona\.stmcufinder\plugins\mcufinder//mcu/
2024-12-12 01:51:48,125 [WARN] DbFile:41 - Overriding database path with different value: C:\Users\leona\.stmcufinder\plugins\mcufinder/ => C:\Users\leona\.stmcufinder\plugins\mcufinder
2024-12-12 01:51:48,125 [WARN] DbFile:41 - Overriding database path with different value: C:\Users\leona\.stmcufinder\plugins\mcufinder/ => C:\Users\leona\.stmcufinder\plugins\mcufinder
2024-12-12 01:51:48,125 [INFO] CrossReferenceDbSqlite:203 - Set database path to: C:\Users\leona\.stmcufinder\plugins\mcufinder//mcu/cs/
2024-12-12 01:51:48,170 [INFO] ApplicationProperties:184 - Using Application install path: C:\ST\STM32CubeIDE_1.16.1\STM32CubeIDE\plugins\com.st.stm32cube.common.mx_6.12.1.202409122256
2024-12-12 01:51:48,175 [INFO] PluginManage:196 - Search for loadable plugins [exclusion list=, ]
2024-12-12 01:51:48,184 [INFO] PluginManage:310 - Check plugin analytics
2024-12-12 01:51:53,267 [INFO] AnalyticsPlugin:253 - Accepted Software Licenses: STM32CubeMX.6.12.1
2024-12-12 01:51:53,271 [INFO] AnalyticsPlugin:255 - Accepted CMSIS Pack Licenses: 
2024-12-12 01:51:53,273 [INFO] AnalyticsPlugin:257 - Accepted Firmware Licenses: FW.F4.1.27.0,FW.L4.1.18.0,FW.F4.1.28.0,FW.WL.1.3.0,FW.G4.1.6.0,FW.U5.1.6.0
2024-12-12 01:51:53,283 [INFO] PluginManage:359 - Loaded plugin analytics (category:tool,tabindex:-1)
2024-12-12 01:51:53,286 [INFO] PluginManage:310 - Check plugin cadmodel
2024-12-12 01:51:53,324 [INFO] CADModel:105 - Init CAD model plugin
2024-12-12 01:51:53,325 [INFO] PluginManage:359 - Loaded plugin cadmodel (category:power,tabindex:5)
2024-12-12 01:51:53,327 [INFO] PluginManage:310 - Check plugin clock
2024-12-12 01:51:53,358 [INFO] PluginManage:359 - Loaded plugin clock (category:base,tabindex:2)
2024-12-12 01:51:53,358 [INFO] PluginManage:310 - Check plugin ddr
2024-12-12 01:51:53,366 [INFO] PluginManage:359 - Loaded plugin ddr (category:tool,tabindex:6)
2024-12-12 01:51:53,366 [INFO] PluginManage:310 - Check plugin filemanager
2024-12-12 01:51:53,833 [INFO] PluginManage:359 - Loaded plugin filemanager (category:base,tabindex:10)
2024-12-12 01:51:53,834 [INFO] PluginManage:310 - Check plugin ipmanager
2024-12-12 01:51:53,850 [INFO] PluginManage:359 - Loaded plugin ipmanager (category:base,tabindex:5)
2024-12-12 01:51:53,851 [INFO] PluginManage:310 - Check plugin lpbam
2024-12-12 01:51:53,871 [INFO] PluginManage:359 - Loaded plugin lpbam (category:base,tabindex:0)
2024-12-12 01:51:53,872 [INFO] PluginManage:310 - Check plugin memorymap
2024-12-12 01:51:53,913 [INFO] PluginManage:359 - Loaded plugin memorymap (category:base,tabindex:4)
2024-12-12 01:51:53,914 [INFO] PluginManage:310 - Check plugin pinoutandconfiguration
2024-12-12 01:51:53,945 [INFO] PluginManage:359 - Loaded plugin pinoutandconfiguration (category:base,tabindex:1)
2024-12-12 01:51:53,945 [INFO] PluginManage:310 - Check plugin pinoutconfig
2024-12-12 01:51:54,267 [WARN] SupportedApi:132 - Cannot load RTOS API schema: s4s-elt-must-match.1: The content of 'definitions' must match (annotation?, (simpleType | complexType)?, (unique | key | keyref)*)). A problem was found starting at: attribute.
2024-12-12 01:51:55,137 [INFO] PluginManage:359 - Loaded plugin pinoutconfig (category:base,tabindex:0)
2024-12-12 01:51:55,137 [INFO] PluginManage:310 - Check plugin power
2024-12-12 01:51:55,178 [INFO] PluginManage:359 - Loaded plugin power (category:power,tabindex:4)
2024-12-12 01:51:55,183 [INFO] PluginManage:310 - Check plugin projectmanager
2024-12-12 01:51:55,254 [INFO] PluginManage:359 - Loaded plugin projectmanager (category:projectmanager,tabindex:4)
2024-12-12 01:51:55,255 [INFO] PluginManage:310 - Check plugin rif
2024-12-12 01:51:55,275 [INFO] PluginManage:359 - Loaded plugin rif (category:base,tabindex:3)
2024-12-12 01:51:55,276 [INFO] PluginManage:310 - Check plugin thirdparty
2024-12-12 01:51:55,976 [INFO] PluginManage:359 - Loaded plugin thirdparty (category:base,tabindex:-1)
2024-12-12 01:51:55,978 [INFO] PluginManage:310 - Check plugin tools
2024-12-12 01:51:55,979 [WARN] IntegrityCheckThread:84 - waiting for thirdparty lock release [integrity check]
2024-12-12 01:51:55,983 [INFO] IntegrityCheckThread:86 - entering critical section [integrity check]
2024-12-12 01:51:55,983 [INFO] ThirdPartyUpdaterWithRetryManager:70 - Updater plugin not ready yet. [1/15]
2024-12-12 01:51:55,992 [INFO] PluginManage:359 - Loaded plugin tools (category:base,tabindex:7)
2024-12-12 01:51:55,993 [INFO] PluginManage:310 - Check plugin tutovideos
2024-12-12 01:51:56,417 [INFO] PluginManage:359 - Loaded plugin tutovideos (category:base,tabindex:-1)
2024-12-12 01:51:56,417 [INFO] PluginManage:310 - Check plugin updater
2024-12-12 01:51:56,465 [INFO] PluginManage:359 - Loaded plugin updater (category:base,tabindex:12)
2024-12-12 01:51:56,465 [INFO] PluginManage:310 - Check plugin userauth
2024-12-12 01:51:56,482 [INFO] UserAuth:113 - Init User Auth plugin
2024-12-12 01:51:56,482 [INFO] PluginManage:359 - Loaded plugin userauth (category:base,tabindex:14)
2024-12-12 01:51:56,484 [INFO] PluginManage:283 - PluginManage : Loaded plugins [18]
2024-12-12 01:51:56,958 [INFO] PinOutPanel:1561 - setPackage(No Configuration,No Configuration)
2024-12-12 01:51:57,212 [INFO] CADModel:165 - CPN selected for project level
2024-12-12 01:51:57,212 [INFO] CADModel:114 - Register for checkConnection events
2024-12-12 01:51:57,255 [INFO] IPUIPlugin:80 - create IPUIPlugin
2024-12-12 01:51:57,255 [INFO] PluginManager:220 - loadIPPluginJar : add adc
2024-12-12 01:51:57,261 [INFO] IPUIPlugin:80 - create IPUIPlugin
2024-12-12 01:51:57,262 [INFO] PluginManager:220 - loadIPPluginJar : add aes
2024-12-12 01:51:57,269 [INFO] IPUIPlugin:80 - create IPUIPlugin
2024-12-12 01:51:57,270 [INFO] PluginManager:220 - loadIPPluginJar : add can
2024-12-12 01:51:57,276 [INFO] IPUIPlugin:80 - create IPUIPlugin
2024-12-12 01:51:57,276 [INFO] PluginManager:220 - loadIPPluginJar : add comp
2024-12-12 01:51:57,283 [INFO] IPUIPlugin:80 - create IPUIPlugin
2024-12-12 01:51:57,283 [INFO] PluginManager:220 - loadIPPluginJar : add cryp
2024-12-12 01:51:57,292 [INFO] IPUIPlugin:80 - create IPUIPlugin
2024-12-12 01:51:57,292 [INFO] PluginManager:220 - loadIPPluginJar : add ddr_ctrl_phy
2024-12-12 01:51:57,299 [INFO] IPUIPlugin:80 - create IPUIPlugin
2024-12-12 01:51:57,299 [INFO] PluginManager:220 - loadIPPluginJar : add dfsdm
2024-12-12 01:51:57,315 [INFO] IPUIPlugin:80 - create IPUIPlugin
2024-12-12 01:51:57,316 [INFO] PluginManager:220 - loadIPPluginJar : add dma
2024-12-12 01:51:57,327 [INFO] IPUIPlugin:80 - create IPUIPlugin
2024-12-12 01:51:57,327 [INFO] PluginManager:220 - loadIPPluginJar : add dma3
2024-12-12 01:51:57,334 [INFO] IPUIPlugin:80 - create IPUIPlugin
2024-12-12 01:51:57,334 [INFO] PluginManager:220 - loadIPPluginJar : add extmemmanager
2024-12-12 01:51:57,340 [INFO] IPUIPlugin:80 - create IPUIPlugin
2024-12-12 01:51:57,340 [INFO] PluginManager:220 - loadIPPluginJar : add fatfs
2024-12-12 01:51:57,352 [INFO] IPUIPlugin:80 - create IPUIPlugin
2024-12-12 01:51:57,352 [INFO] PluginManager:220 - loadIPPluginJar : add fmc
2024-12-12 01:51:57,369 [INFO] IPUIPlugin:80 - create IPUIPlugin
2024-12-12 01:51:57,370 [INFO] PluginManager:220 - loadIPPluginJar : add freertos
2024-12-12 01:51:57,373 [INFO] IPUIPlugin:80 - create IPUIPlugin
2024-12-12 01:51:57,374 [INFO] PluginManager:220 - loadIPPluginJar : add genericplugin
2024-12-12 01:51:57,380 [INFO] IPUIPlugin:80 - create IPUIPlugin
2024-12-12 01:51:57,380 [INFO] PluginManager:220 - loadIPPluginJar : add gfxmmu
2024-12-12 01:51:57,392 [INFO] IPUIPlugin:80 - create IPUIPlugin
2024-12-12 01:51:57,393 [INFO] PluginManager:220 - loadIPPluginJar : add gic
2024-12-12 01:51:57,401 [INFO] IPUIPlugin:80 - create IPUIPlugin
2024-12-12 01:51:57,402 [INFO] PluginManager:220 - loadIPPluginJar : add gpio
2024-12-12 01:51:57,412 [INFO] IPUIPlugin:80 - create IPUIPlugin
2024-12-12 01:51:57,412 [INFO] PluginManager:220 - loadIPPluginJar : add gtzc
2024-12-12 01:51:57,419 [INFO] IPUIPlugin:80 - create IPUIPlugin
2024-12-12 01:51:57,419 [INFO] PluginManager:220 - loadIPPluginJar : add hash
2024-12-12 01:51:57,428 [INFO] IPUIPlugin:80 - create IPUIPlugin
2024-12-12 01:51:57,428 [INFO] PluginManager:220 - loadIPPluginJar : add i2c
2024-12-12 01:51:57,434 [INFO] IPUIPlugin:80 - create IPUIPlugin
2024-12-12 01:51:57,435 [INFO] PluginManager:220 - loadIPPluginJar : add i2s
2024-12-12 01:51:57,442 [INFO] IPUIPlugin:80 - create IPUIPlugin
2024-12-12 01:51:57,443 [INFO] PluginManager:220 - loadIPPluginJar : add i3c
2024-12-12 01:51:57,451 [INFO] IPUIPlugin:80 - create IPUIPlugin
2024-12-12 01:51:57,451 [INFO] PluginManager:220 - loadIPPluginJar : add ipddr
2024-12-12 01:51:57,468 [INFO] IPUIPlugin:80 - create IPUIPlugin
2024-12-12 01:51:57,469 [INFO] PluginManager:220 - loadIPPluginJar : add linkedlist
2024-12-12 01:51:57,481 [INFO] IPUIPlugin:80 - create IPUIPlugin
2024-12-12 01:51:57,481 [INFO] PluginManager:220 - loadIPPluginJar : add lorawan
2024-12-12 01:51:57,486 [INFO] IPUIPlugin:80 - create IPUIPlugin
2024-12-12 01:51:57,486 [INFO] PluginManager:220 - loadIPPluginJar : add ltdc
2024-12-12 01:51:57,506 [INFO] IPUIPlugin:80 - create IPUIPlugin
2024-12-12 01:51:57,507 [INFO] PluginManager:220 - loadIPPluginJar : add mdma
2024-12-12 01:51:57,514 [INFO] IPUIPlugin:80 - create IPUIPlugin
2024-12-12 01:51:57,514 [INFO] PluginManager:220 - loadIPPluginJar : add nvic
2024-12-12 01:51:57,522 [INFO] IPUIPlugin:80 - create IPUIPlugin
2024-12-12 01:51:57,522 [INFO] PluginManager:220 - loadIPPluginJar : add opamp
2024-12-12 01:51:57,529 [INFO] IPUIPlugin:80 - create IPUIPlugin
2024-12-12 01:51:57,529 [INFO] PluginManager:220 - loadIPPluginJar : add openamp
2024-12-12 01:51:57,535 [INFO] IPUIPlugin:80 - create IPUIPlugin
2024-12-12 01:51:57,535 [INFO] PluginManager:220 - loadIPPluginJar : add pdm2pcm
2024-12-12 01:51:57,550 [INFO] IPUIPlugin:80 - create IPUIPlugin
2024-12-12 01:51:57,556 [INFO] PluginManager:220 - loadIPPluginJar : add plateformsettings
2024-12-12 01:51:57,560 [INFO] IPUIPlugin:80 - create IPUIPlugin
2024-12-12 01:51:57,560 [INFO] PluginManager:220 - loadIPPluginJar : add quadspi
2024-12-12 01:51:57,565 [INFO] IPUIPlugin:80 - create IPUIPlugin
2024-12-12 01:51:57,567 [INFO] PluginManager:220 - loadIPPluginJar : add radio
2024-12-12 01:51:57,577 [INFO] IPUIPlugin:80 - create IPUIPlugin
2024-12-12 01:51:57,577 [INFO] PluginManager:220 - loadIPPluginJar : add resmgrutility
2024-12-12 01:51:57,584 [INFO] IPUIPlugin:80 - create IPUIPlugin
2024-12-12 01:51:57,584 [INFO] PluginManager:220 - loadIPPluginJar : add sai
2024-12-12 01:51:57,592 [INFO] IPUIPlugin:80 - create IPUIPlugin
2024-12-12 01:51:57,592 [INFO] PluginManager:220 - loadIPPluginJar : add spi
2024-12-12 01:51:57,601 [INFO] IPUIPlugin:80 - create IPUIPlugin
2024-12-12 01:51:57,601 [INFO] PluginManager:220 - loadIPPluginJar : add stm32_wpan
2024-12-12 01:51:57,605 [INFO] IPUIPlugin:80 - create IPUIPlugin
2024-12-12 01:51:57,605 [INFO] PluginManager:220 - loadIPPluginJar : add tim
2024-12-12 01:51:57,612 [INFO] IPUIPlugin:80 - create IPUIPlugin
2024-12-12 01:51:57,612 [INFO] PluginManager:220 - loadIPPluginJar : add touchsensing
2024-12-12 01:51:57,616 [INFO] IPUIPlugin:80 - create IPUIPlugin
2024-12-12 01:51:57,617 [INFO] PluginManager:220 - loadIPPluginJar : add tracer_emb
2024-12-12 01:51:57,621 [INFO] IPUIPlugin:80 - create IPUIPlugin
2024-12-12 01:51:57,621 [INFO] PluginManager:220 - loadIPPluginJar : add ts
2024-12-12 01:51:57,660 [INFO] IPUIPlugin:80 - create IPUIPlugin
2024-12-12 01:51:57,660 [INFO] PluginManager:220 - loadIPPluginJar : add tsc
2024-12-12 01:51:57,664 [INFO] IPUIPlugin:80 - create IPUIPlugin
2024-12-12 01:51:57,664 [INFO] PluginManager:220 - loadIPPluginJar : add ucpd
2024-12-12 01:51:57,669 [INFO] IPUIPlugin:80 - create IPUIPlugin
2024-12-12 01:51:57,669 [INFO] PluginManager:220 - loadIPPluginJar : add usart
2024-12-12 01:51:57,676 [INFO] IPUIPlugin:80 - create IPUIPlugin
2024-12-12 01:51:57,676 [INFO] PluginManager:220 - loadIPPluginJar : add usbx
2024-12-12 01:51:57,882 [INFO] CADModel:165 - CPN selected for project level
2024-12-12 01:51:57,882 [INFO] CADModel:114 - Register for checkConnection events
2024-12-12 01:51:57,882 [FATAL] Updater:334 - Updater called before beeing initialized
2024-12-12 01:51:57,883 [ERROR] CADModel:125 - Updater not yet initialized, retry later 
2024-12-12 01:51:58,178 [INFO] CADModel:165 - CPN selected for project level
2024-12-12 01:51:58,178 [INFO] CADModel:114 - Register for checkConnection events
2024-12-12 01:51:58,178 [FATAL] Updater:334 - Updater called before beeing initialized
2024-12-12 01:51:58,178 [ERROR] CADModel:125 - Updater not yet initialized, retry later 
2024-12-12 01:51:58,184 [FATAL] Updater:334 - Updater called before beeing initialized
2024-12-12 01:51:58,458 [FATAL] Updater:334 - Updater called before beeing initialized
2024-12-12 01:51:58,474 [INFO] DbMcusAds:53 - JSON generation date=Fri Sep 20 15:04:23 CEST 2024 (1726837463113)
2024-12-12 01:51:58,474 [FATAL] Updater:334 - Updater called before beeing initialized
2024-12-12 01:51:58,557 [WARN] DetailPanel:346 - Failed to get advertising image, set to default
2024-12-12 01:51:58,728 [FATAL] Updater:334 - Updater called before beeing initialized
2024-12-12 01:51:58,731 [FATAL] Updater:334 - Updater called before beeing initialized
2024-12-12 01:51:58,731 [FATAL] Updater:334 - Updater called before beeing initialized
2024-12-12 01:51:58,731 [WARN] DetailPanel:346 - Failed to get advertising image, set to default
2024-12-12 01:51:58,734 [FATAL] Updater:334 - Updater called before beeing initialized
2024-12-12 01:51:58,859 [ERROR] Updater:1164 - MainUpdater not yet initialized. External WinMGr cannot be set.
2024-12-12 01:51:58,864 [INFO] Updater:1100 - Updater Version found : 6.12.1
2024-12-12 01:51:58,914 [INFO] ApplicationProperties:184 - Using Application install path: C:\ST\STM32CubeIDE_1.16.1\STM32CubeIDE\plugins\com.st.stm32cube.common.mx_6.12.1.202409122256
2024-12-12 01:51:58,997 [INFO] ThirdPartyUpdaterWithRetryManager:70 - Updater plugin not ready yet. [2/15]
2024-12-12 01:51:59,654 [INFO] MainUpdater:2873 - connection check result : 10
2024-12-12 01:51:59,657 [INFO] MainUpdater:290 - Updater Check For Update Now.
2024-12-12 01:51:59,657 [INFO] MicroXplorer:498 - Change Database Version : DB.6.0.121
2024-12-12 01:51:59,673 [INFO] McuFinderGlobals:63 - Set McuFinder mode to 2 (CubeIDE integrated)
2024-12-12 01:51:59,675 [INFO] UserAuth:417 - Internet connection configuration mode: 1
2024-12-12 01:51:59,737 [INFO] JxBrowserEngine:152 - Initiate JxBrowser Engine with user profile folder
2024-12-12 01:52:00,080 [INFO] CheckServerUpdateThread:120 - End of CheckServer Thread
2024-12-12 01:52:02,095 [INFO] WebApp:167 - Instantiating new browser for Auth
2024-12-12 01:52:03,346 [WARN] PackLoader:240 - Cannot read IP mode file for STMicroelectronics.FP-SNS-MOTENVWB1.1.4.0
2024-12-12 01:52:03,372 [WARN] PackLoader:240 - Cannot read IP mode file for STMicroelectronics.FP-ATR-ASTRA1.2.0.1
2024-12-12 01:52:03,397 [WARN] PackLoader:240 - Cannot read IP mode file for STMicroelectronics.X-CUBE-SMBUS.2.1.0
2024-12-12 01:52:03,418 [WARN] PackLoader:240 - Cannot read IP mode file for STMicroelectronics.X-CUBE-WB05N.1.1.0
2024-12-12 01:52:03,582 [WARN] PackLoader:240 - Cannot read IP mode file for STMicroelectronics.X-CUBE-AZRTOS-F7.1.1.0
2024-12-12 01:52:04,182 [WARN] PackLoader:240 - Cannot read IP mode file for STMicroelectronics.X-CUBE-MEMS1.11.0.0
2024-12-12 01:52:05,152 [WARN] PackLoader:240 - Cannot read IP mode file for STMicroelectronics.FP-SNS-FLIGHT1.5.0.2
2024-12-12 01:52:05,348 [WARN] PackLoader:240 - Cannot read IP mode file for Infineon.AIROC-Wi-Fi-Bluetooth-STM32.1.7.0
2024-12-12 01:52:05,494 [WARN] PackLoader:240 - Cannot read IP mode file for STMicroelectronics.X-CUBE-DISPLAY.3.0.0
2024-12-12 01:52:05,521 [WARN] PackLoader:240 - Cannot read IP mode file for STMicroelectronics.X-CUBE-BLE1.7.0.0
2024-12-12 01:52:05,562 [WARN] PackLoader:240 - Cannot read IP mode file for STMicroelectronics.X-CUBE-NFC10.1.0.0
2024-12-12 01:52:05,607 [WARN] PackLoader:240 - Cannot read IP mode file for STMicroelectronics.X-CUBE-BLEMGR.4.0.0
2024-12-12 01:52:05,648 [INFO] WebApp:448 - Apply proxy settings
2024-12-12 01:52:05,648 [INFO] WebApp:533 - Chromium requires no authentication
2024-12-12 01:52:05,678 [INFO] WebApp:476 - Direct internet connection detected
2024-12-12 01:52:05,680 [WARN] PackLoader:240 - Cannot read IP mode file for emotas.I-CUBE-CANOPEN.1.3.0
2024-12-12 01:52:05,699 [WARN] PackLoader:240 - Cannot read IP mode file for STMicroelectronics.FP-SNS-SMARTAG2.1.2.0
2024-12-12 01:52:05,766 [INFO] LogOutputStream:77 - [STDOUT_REDIRECT] 1 : Invalid condition id : UX_CORESTACK_Condition cause : null
2024-12-12 01:52:05,768 [INFO] LogOutputStream:77 - [STDOUT_REDIRECT] 1 : Invalid condition id : UX_CORESTACK_Condition cause : null
2024-12-12 01:52:05,771 [INFO] LogOutputStream:77 - [STDOUT_REDIRECT] 1 : Invalid condition id : UX_CORESTACK_Condition cause : null
2024-12-12 01:52:05,777 [INFO] LogOutputStream:77 - [STDOUT_REDIRECT] 1 : Invalid condition id : UX_CORESTACK_Condition cause : null
2024-12-12 01:52:05,780 [INFO] LogOutputStream:77 - [STDOUT_REDIRECT] 1 : Invalid condition id : UX_CORESTACK_Condition cause : null
2024-12-12 01:52:05,787 [WARN] PackLoader:240 - Cannot read IP mode file for STMicroelectronics.X-CUBE-AZRTOS-WL.2.0.0
2024-12-12 01:52:05,801 [WARN] PackLoader:240 - Cannot read IP mode file for STMicroelectronics.FP-SNS-MOTENV1.5.0.0
2024-12-12 01:52:05,805 [INFO] WebApp:869 - Register for checkConnection events
2024-12-12 01:52:05,805 [INFO] WebApp:448 - Apply proxy settings
2024-12-12 01:52:05,805 [INFO] WebApp:533 - Chromium requires no authentication
2024-12-12 01:52:05,806 [INFO] WebApp:476 - Direct internet connection detected
2024-12-12 01:52:05,814 [WARN] PackLoader:240 - Cannot read IP mode file for wolfSSL.I-CUBE-wolfMQTT.1.19.0
2024-12-12 01:52:05,830 [WARN] PackLoader:240 - Cannot read IP mode file for WES.I-CUBE-Cesium.1.3.0
2024-12-12 01:52:05,839 [WARN] PackLoader:240 - Cannot read IP mode file for STMicroelectronics.X-CUBE-BLE2.3.3.0
2024-12-12 01:52:05,851 [WARN] PackLoader:240 - Cannot read IP mode file for STMicroelectronics.X-CUBE-NFC9.1.0.0
2024-12-12 01:52:05,873 [WARN] PackLoader:240 - Cannot read IP mode file for STMicroelectronics.X-CUBE-TCPP.4.1.0
2024-12-12 01:52:05,939 [WARN] PackLoader:240 - Cannot read IP mode file for STMicroelectronics.X-CUBE-AZRTOS-G0.1.1.0
2024-12-12 01:52:05,992 [WARN] PackLoader:240 - Cannot read IP mode file for STMicroelectronics.X-CUBE-SAFEA1.1.2.2
2024-12-12 01:52:06,004 [WARN] PackLoader:240 - Cannot read IP mode file for STMicroelectronics.X-CUBE-NFC4.3.0.0
2024-12-12 01:52:06,049 [WARN] PackLoader:240 - Cannot read IP mode file for EmbeddedOffice.I-CUBE-FS-RTOS.1.0.1
2024-12-12 01:52:06,050 [ERROR] ConditionMgr:805 - Attr not supported : Dmpu
2024-12-12 01:52:06,050 [ERROR] ConditionMgr:805 - Attr not supported : Dmpu
2024-12-12 01:52:06,050 [ERROR] ConditionMgr:805 - Attr not supported : Dmpu
2024-12-12 01:52:06,051 [ERROR] ConditionMgr:805 - Attr not supported : Dmpu
2024-12-12 01:52:06,052 [ERROR] ConditionMgr:805 - Attr not supported : Dmpu
2024-12-12 01:52:06,052 [ERROR] ConditionMgr:805 - Attr not supported : Dmpu
2024-12-12 01:52:06,052 [ERROR] ConditionMgr:805 - Attr not supported : Dmpu
2024-12-12 01:52:06,052 [ERROR] ConditionMgr:805 - Attr not supported : Dmpu
2024-12-12 01:52:06,052 [ERROR] ConditionMgr:805 - Attr not supported : Dmpu
2024-12-12 01:52:06,053 [ERROR] ConditionMgr:805 - Attr not supported : Dmpu
2024-12-12 01:52:06,053 [ERROR] ConditionMgr:805 - Attr not supported : Dmpu
2024-12-12 01:52:06,053 [ERROR] ConditionMgr:805 - Attr not supported : Dmpu
2024-12-12 01:52:06,053 [ERROR] ConditionMgr:805 - Attr not supported : Dmpu
2024-12-12 01:52:06,055 [ERROR] ConditionMgr:805 - Attr not supported : Dmpu
2024-12-12 01:52:06,055 [ERROR] ConditionMgr:805 - Attr not supported : Dmpu
2024-12-12 01:52:06,055 [ERROR] ConditionMgr:805 - Attr not supported : Dmpu
2024-12-12 01:52:06,055 [ERROR] ConditionMgr:805 - Attr not supported : Dmpu
2024-12-12 01:52:06,056 [ERROR] ConditionMgr:805 - Attr not supported : Dmpu
2024-12-12 01:52:06,056 [ERROR] ConditionMgr:805 - Attr not supported : Dmpu
2024-12-12 01:52:06,056 [ERROR] ConditionMgr:805 - Attr not supported : Dmpu
2024-12-12 01:52:06,060 [ERROR] ConditionMgr:805 - Attr not supported : Dmpu
2024-12-12 01:52:06,062 [ERROR] ConditionMgr:805 - Attr not supported : Dmpu
2024-12-12 01:52:06,071 [ERROR] ConditionMgr:805 - Attr not supported : Dmpu
2024-12-12 01:52:06,073 [ERROR] ConditionMgr:805 - Attr not supported : Dmpu
2024-12-12 01:52:06,073 [ERROR] ConditionMgr:805 - Attr not supported : Dmpu
2024-12-12 01:52:06,073 [ERROR] ConditionMgr:805 - Attr not supported : Dmpu
2024-12-12 01:52:06,074 [ERROR] ConditionMgr:805 - Attr not supported : Dmpu
2024-12-12 01:52:06,074 [ERROR] ConditionMgr:805 - Attr not supported : Dmpu
2024-12-12 01:52:06,074 [ERROR] ConditionMgr:805 - Attr not supported : Dmpu
2024-12-12 01:52:06,074 [ERROR] ConditionMgr:805 - Attr not supported : Dmpu
2024-12-12 01:52:06,076 [ERROR] ConditionMgr:805 - Attr not supported : Dmpu
2024-12-12 01:52:06,076 [ERROR] ConditionMgr:805 - Attr not supported : Dmpu
2024-12-12 01:52:06,077 [ERROR] ConditionMgr:805 - Attr not supported : Dmpu
2024-12-12 01:52:06,079 [ERROR] ConditionMgr:805 - Attr not supported : Dmpu
2024-12-12 01:52:06,079 [ERROR] ConditionMgr:805 - Attr not supported : Dmpu
2024-12-12 01:52:06,079 [ERROR] ConditionMgr:805 - Attr not supported : Dmpu
2024-12-12 01:52:06,080 [ERROR] ConditionMgr:805 - Attr not supported : Dmpu
2024-12-12 01:52:06,080 [ERROR] ConditionMgr:805 - Attr not supported : Dmpu
2024-12-12 01:52:06,080 [ERROR] ConditionMgr:805 - Attr not supported : Dmpu
2024-12-12 01:52:06,080 [ERROR] ConditionMgr:805 - Attr not supported : Dmpu
2024-12-12 01:52:06,081 [ERROR] ConditionMgr:805 - Attr not supported : Dmpu
2024-12-12 01:52:06,081 [ERROR] ConditionMgr:805 - Attr not supported : Dmpu
2024-12-12 01:52:06,081 [ERROR] ConditionMgr:805 - Attr not supported : Dmpu
2024-12-12 01:52:06,082 [ERROR] ConditionMgr:805 - Attr not supported : Dmpu
2024-12-12 01:52:06,082 [ERROR] ConditionMgr:805 - Attr not supported : Dmpu
2024-12-12 01:52:06,082 [ERROR] ConditionMgr:805 - Attr not supported : Dmpu
2024-12-12 01:52:06,083 [ERROR] ConditionMgr:805 - Attr not supported : Dmpu
2024-12-12 01:52:06,083 [ERROR] ConditionMgr:805 - Attr not supported : Dmpu
2024-12-12 01:52:06,083 [ERROR] ConditionMgr:805 - Attr not supported : Dmpu
2024-12-12 01:52:06,083 [ERROR] ConditionMgr:805 - Attr not supported : Dmpu
2024-12-12 01:52:06,083 [ERROR] ConditionMgr:805 - Attr not supported : Dmpu
2024-12-12 01:52:06,083 [ERROR] ConditionMgr:805 - Attr not supported : Dmpu
2024-12-12 01:52:06,084 [ERROR] ConditionMgr:805 - Attr not supported : Dmpu
2024-12-12 01:52:06,084 [ERROR] ConditionMgr:805 - Attr not supported : Dmpu
2024-12-12 01:52:06,084 [ERROR] ConditionMgr:805 - Attr not supported : Dmpu
2024-12-12 01:52:06,084 [ERROR] ConditionMgr:805 - Attr not supported : Dmpu
2024-12-12 01:52:06,084 [ERROR] ConditionMgr:805 - Attr not supported : Dmpu
2024-12-12 01:52:06,084 [ERROR] ConditionMgr:805 - Attr not supported : Dmpu
2024-12-12 01:52:06,085 [ERROR] ConditionMgr:805 - Attr not supported : Dmpu
2024-12-12 01:52:06,085 [ERROR] ConditionMgr:805 - Attr not supported : Dmpu
2024-12-12 01:52:06,085 [ERROR] ConditionMgr:805 - Attr not supported : Dmpu
2024-12-12 01:52:06,085 [ERROR] ConditionMgr:805 - Attr not supported : Dmpu
2024-12-12 01:52:06,086 [ERROR] ConditionMgr:805 - Attr not supported : Dmpu
2024-12-12 01:52:06,086 [ERROR] ConditionMgr:805 - Attr not supported : Dmpu
2024-12-12 01:52:06,097 [WARN] PackLoader:240 - Cannot read IP mode file for RealThread.X-CUBE-RT-Thread_Nano.4.1.1
2024-12-12 01:52:06,118 [WARN] PackLoader:240 - Cannot read IP mode file for STMicroelectronics.FP-ATR-SIGFOX1.3.2.0
2024-12-12 01:52:06,130 [WARN] ConditionMgr:438 - getConditionDescription Invalid condition id : Cortex-A Device cause : null
2024-12-12 01:52:06,160 [WARN] ConditionMgr:1039 - genDependencies : Invalid condition id : Cortex-A Device cause : null
2024-12-12 01:52:06,161 [WARN] ConditionMgr:1039 - genDependencies : Invalid condition id : Cortex-A Device cause : null
2024-12-12 01:52:06,161 [WARN] ConditionMgr:1039 - genDependencies : Invalid condition id : Cortex-A Device cause : null
2024-12-12 01:52:06,177 [WARN] PackLoader:240 - Cannot read IP mode file for STMicroelectronics.X-CUBE-EEPRMA1.5.1.0
2024-12-12 01:52:06,187 [WARN] PackLoader:240 - Cannot read IP mode file for wolfSSL.I-CUBE-wolfSSL.5.7.4
2024-12-12 01:52:06,201 [WARN] PackLoader:240 - Cannot read IP mode file for ITTIA_DB.I-CUBE-ITTIADB.8.9.0
2024-12-12 01:52:06,338 [WARN] PackLoader:240 - Cannot read IP mode file for SEGGER.I-CUBE-embOS.1.3.1
2024-12-12 01:52:06,470 [WARN] PackLoader:240 - Cannot read IP mode file for STMicroelectronics.X-CUBE-ALGOBUILD.1.4.0
2024-12-12 01:52:06,479 [WARN] PackLoader:240 - Cannot read IP mode file for STMicroelectronics.X-CUBE-AI.9.1.0
2024-12-12 01:52:06,550 [WARN] PackLoader:240 - Cannot read IP mode file for STMicroelectronics.X-CUBE-AZRTOS-F4.1.1.0
2024-12-12 01:52:06,629 [WARN] PackLoader:240 - Cannot read IP mode file for STMicroelectronics.X-CUBE-ISPU.2.1.0
2024-12-12 01:52:06,642 [WARN] PackLoader:240 - Cannot read IP mode file for STMicroelectronics.X-CUBE-FREERTOS.1.2.0
2024-12-12 01:52:06,700 [INFO] WebApp:186 - Connection restablished
2024-12-12 01:52:06,820 [INFO] WebApp:220 - Starting web application
2024-12-12 01:52:06,820 [INFO] WebApp:578 - Web application path used C:\ST\STM32CubeIDE_1.16.1\STM32CubeIDE\plugins\com.st.stm32cube.common.mx_6.12.1.202409122256\db\plugins\mcufinder\reactClient1\index.html
2024-12-12 01:52:06,903 [WARN] PackLoader:240 - Cannot read IP mode file for STMicroelectronics.X-CUBE-AZRTOS-L5.2.0.0
2024-12-12 01:52:07,329 [WARN] PackLoader:240 - Cannot read IP mode file for STMicroelectronics.X-CUBE-NFC6.3.1.0
2024-12-12 01:52:07,347 [WARN] PackLoader:240 - Cannot read IP mode file for STMicroelectronics.X-CUBE-DPower.1.2.0
2024-12-12 01:52:07,496 [WARN] PackLoader:240 - Cannot read IP mode file for STMicroelectronics.X-CUBE-NFC7.1.0.1
2024-12-12 01:52:07,652 [WARN] ConditionMgr:438 - getConditionDescription Invalid condition id : LAN8742 Phy interface Condition cause : null
2024-12-12 01:52:07,654 [WARN] PackLoader:240 - Cannot read IP mode file for STMicroelectronics.X-CUBE-AZRTOS-L4.2.0.0
2024-12-12 01:52:07,656 [WARN] ConditionMgr:1039 - genDependencies : Invalid condition id : LAN8742 Phy interface Condition cause : null
2024-12-12 01:52:07,658 [WARN] ConditionMgr:1039 - genDependencies : Invalid condition id : LAN8742 Phy interface Condition cause : null
2024-12-12 01:52:07,661 [WARN] ConditionMgr:1039 - genDependencies : Invalid condition id : LAN8742 Phy interface Condition cause : null
2024-12-12 01:52:07,684 [WARN] PackLoader:240 - Cannot read IP mode file for STMicroelectronics.X-CUBE-SFXS2LP1.4.0.0
2024-12-12 01:52:07,740 [WARN] PackLoader:240 - Cannot read IP mode file for STMicroelectronics.X-CUBE-AZRTOS-H7.3.3.0
2024-12-12 01:52:07,799 [WARN] PackLoader:240 - Cannot read IP mode file for STMicroelectronics.X-CUBE-IPS.3.0.0
2024-12-12 01:52:08,004 [WARN] ConditionMgr:438 - getConditionDescription Invalid condition id : UX DEVICE CLASS RTOS Condition cause : null
2024-12-12 01:52:08,005 [WARN] ConditionMgr:438 - getConditionDescription Invalid condition id : UX DEVICE CLASS RTOS Condition cause : null
2024-12-12 01:52:08,014 [WARN] PackLoader:240 - Cannot read IP mode file for STMicroelectronics.X-CUBE-AZRTOS-WB.2.0.0
2024-12-12 01:52:08,015 [WARN] ConditionMgr:1039 - genDependencies : Invalid condition id : UX DEVICE CLASS RTOS Condition cause : null
2024-12-12 01:52:08,015 [WARN] ConditionMgr:1039 - genDependencies : Invalid condition id : UX DEVICE CLASS RTOS Condition cause : null
2024-12-12 01:52:08,017 [WARN] ConditionMgr:1039 - genDependencies : Invalid condition id : UX DEVICE CLASS RTOS Condition cause : null
2024-12-12 01:52:08,018 [WARN] ConditionMgr:1039 - genDependencies : Invalid condition id : UX DEVICE CLASS RTOS Condition cause : null
2024-12-12 01:52:08,018 [WARN] ConditionMgr:1039 - genDependencies : Invalid condition id : UX DEVICE CLASS RTOS Condition cause : null
2024-12-12 01:52:08,041 [WARN] PackLoader:240 - Cannot read IP mode file for STMicroelectronics.X-CUBE-GNSS1.7.0.0
2024-12-12 01:52:08,068 [WARN] PackLoader:240 - Cannot read IP mode file for STMicroelectronics.FP-SNS-STBOX1.2.0.0
2024-12-12 01:52:08,157 [WARN] PackLoader:240 - Cannot read IP mode file for STMicroelectronics.X-CUBE-SUBG2.5.0.0
2024-12-12 01:52:08,189 [WARN] PackLoader:240 - Cannot read IP mode file for Cesanta.I-CUBE-Mongoose.7.13.0
2024-12-12 01:52:08,267 [WARN] PackLoader:240 - Cannot read IP mode file for STMicroelectronics.X-CUBE-AZRTOS-G4.2.0.0
2024-12-12 01:52:08,286 [WARN] PackLoader:240 - Cannot read IP mode file for STMicroelectronics.X-CUBE-ALS.1.0.2
2024-12-12 01:52:08,301 [WARN] PackLoader:240 - Cannot read IP mode file for STMicroelectronics.X-CUBE-TOUCHGFX.4.24.1
2024-12-12 01:52:08,331 [WARN] PackLoader:240 - Cannot read IP mode file for wolfSSL.I-CUBE-wolfTPM.3.4.0
2024-12-12 01:52:08,348 [WARN] PackLoader:240 - Cannot read IP mode file for portGmbH.I-Cube-SoM-uGOAL.1.1.0
2024-12-12 01:52:08,479 [WARN] PackLoader:240 - Cannot read IP mode file for STMicroelectronics.X-CUBE-AZRTOS-H7RS.1.0.0
2024-12-12 01:52:08,548 [WARN] PackLoader:240 - Cannot read IP mode file for STMicroelectronics.X-CUBE-TOF1.3.4.2
2024-12-12 01:52:08,607 [WARN] PackLoader:240 - Cannot read IP mode file for wolfSSL.I-CUBE-wolfSSH.1.4.17
2024-12-12 01:52:08,608 [INFO] ThirdParty:978 - Integrity check success = true
2024-12-12 01:52:08,608 [INFO] IntegrityCheckThread:100 - exiting critical section [integrity check]
2024-12-12 01:52:08,608 [INFO] IntegrityCheckThread:103 - End integrity checks thread
2024-12-12 01:52:08,817 [INFO] UserAuth:417 - Internet connection configuration mode: 1
2024-12-12 01:52:47,633 [INFO] McuFinderGlobals:63 - Set McuFinder mode to 2 (CubeIDE integrated)
2024-12-12 01:52:47,645 [INFO] MainUpdater:2873 - connection check result : 10
2024-12-12 01:52:47,648 [INFO] MainUpdater:2873 - connection check result : 10
2024-12-12 01:52:47,827 [INFO] RulesReader:64 - Compatibility file has been processed (297 Rules)
2024-12-12 01:52:47,850 [INFO] RulesReader:64 - Compatibility file has been processed (297 Rules)
2024-12-12 01:52:47,855 [INFO] MicroXplorer:468 - Change Database Path : 
2024-12-12 01:52:47,856 [INFO] MicroXplorer:498 - Change Database Version : DB.6.0.121
2024-12-12 01:52:47,918 [WARN] ThirdParty:871 - waiting for thirdparty lock release [close project]
2024-12-12 01:52:47,918 [INFO] ThirdParty:873 - entering critical section [close project]
2024-12-12 01:52:47,920 [INFO] ThirdParty:883 - exiting critical section [close project]
2024-12-12 01:52:47,924 [INFO] PinOutPanel:1561 - setPackage(No Configuration,No Configuration)
2024-12-12 01:52:47,931 [INFO] UtilMem:75 - Begin LoadConfig() Used Memory: 263221936 Bytes (428867584)
2024-12-12 01:52:47,933 [INFO] MicroXplorer:468 - Change Database Path : 
2024-12-12 01:52:47,933 [INFO] MicroXplorer:498 - Change Database Version : DB.6.0.121
2024-12-12 01:52:47,933 [INFO] OpenFileManager:332 - Change cursor
2024-12-12 01:52:48,065 [INFO] Mcu:2032 - Initializing MCU STM32G431C(6-8-B)Ux STM32G431CBUx STM32G431CBU3
2024-12-12 01:53:01,846 [INFO] Context:742 - Trying to add GPIOservice into a context  which must be forbidden
2024-12-12 01:53:04,864 [INFO] RtosManager:555 - Registered RTOS mode: class=CMSIS, group=RTOS, mode=CMSIS_V1, owner=FREERTOS
2024-12-12 01:53:04,865 [INFO] RtosManager:555 - Registered RTOS mode: class=CMSIS, group=RTOS2, mode=CMSIS_V2, owner=FREERTOS
2024-12-12 01:53:04,865 [INFO] RtosManager:555 - Registered RTOS mode: class=RTOS, group=Core, mode=CMSIS_V1, owner=FREERTOS
2024-12-12 01:53:04,865 [INFO] RtosManager:555 - Registered RTOS mode: class=RTOS, group=Core, mode=CMSIS_V2, owner=FREERTOS
2024-12-12 01:53:04,866 [WARN] ModelIntegratedComponent:184 - Missing modes for component STMicroelectronics:FreeRTOS:0.0.1:STMicroelectronics:RTOS:FreeRTOS:Core:::10.2.0:
2024-12-12 01:53:04,907 [WARN] ModelIntegratedComponent:63 - No mode defined for component null
2024-12-12 01:53:04,907 [WARN] ModelIntegratedComponent:63 - No mode defined for component null
2024-12-12 01:53:04,907 [WARN] ModelIntegratedComponent:63 - No mode defined for component null
2024-12-12 01:53:04,908 [WARN] ModelIntegratedComponent:63 - No mode defined for component null
2024-12-12 01:53:04,908 [WARN] ModelIntegratedComponent:63 - No mode defined for component null
2024-12-12 01:53:04,908 [WARN] ModelIntegratedComponent:63 - No mode defined for component null
2024-12-12 01:53:04,908 [WARN] ModelIntegratedComponent:63 - No mode defined for component null
2024-12-12 01:53:04,910 [WARN] ModelIntegratedComponent:63 - No mode defined for component null
2024-12-12 01:53:04,912 [WARN] ModelIntegratedComponent:63 - No mode defined for component null
2024-12-12 01:53:04,913 [WARN] ModelIntegratedComponent:63 - No mode defined for component null
2024-12-12 01:53:04,913 [WARN] ModelIntegratedComponent:63 - No mode defined for component null
2024-12-12 01:53:04,913 [WARN] ModelIntegratedComponent:63 - No mode defined for component null
2024-12-12 01:53:04,913 [WARN] ModelIntegratedComponent:63 - No mode defined for component null
2024-12-12 01:53:04,913 [WARN] ModelIntegratedComponent:63 - No mode defined for component null
2024-12-12 01:53:04,914 [WARN] ModelIntegratedComponent:63 - No mode defined for component null
2024-12-12 01:53:04,914 [WARN] ModelIntegratedComponent:63 - No mode defined for component null
2024-12-12 01:53:04,915 [WARN] ModelIntegratedComponent:63 - No mode defined for component null
2024-12-12 01:53:04,915 [WARN] ModelIntegratedComponent:63 - No mode defined for component null
2024-12-12 01:53:04,915 [WARN] ModelIntegratedComponent:63 - No mode defined for component null
2024-12-12 01:53:04,915 [WARN] ModelIntegratedComponent:63 - No mode defined for component null
2024-12-12 01:53:04,915 [WARN] ModelIntegratedComponent:63 - No mode defined for component null
2024-12-12 01:53:04,915 [WARN] ModelIntegratedComponent:63 - No mode defined for component null
2024-12-12 01:53:04,915 [WARN] ModelIntegratedComponent:63 - No mode defined for component null
2024-12-12 01:53:04,915 [WARN] ModelIntegratedComponent:63 - No mode defined for component null
2024-12-12 01:53:04,916 [WARN] ModelIntegratedComponent:63 - No mode defined for component null
2024-12-12 01:53:04,916 [WARN] ModelIntegratedComponent:63 - No mode defined for component null
2024-12-12 01:53:04,916 [WARN] ModelIntegratedComponent:63 - No mode defined for component null
2024-12-12 01:53:04,916 [WARN] ModelIntegratedComponent:63 - No mode defined for component null
2024-12-12 01:53:04,918 [WARN] ModelIntegratedComponent:63 - No mode defined for component null
2024-12-12 01:53:04,918 [WARN] ModelIntegratedComponent:63 - No mode defined for component null
2024-12-12 01:53:04,919 [WARN] ModelIntegratedComponent:63 - No mode defined for component null
2024-12-12 01:53:04,919 [WARN] ModelIntegratedComponent:63 - No mode defined for component null
2024-12-12 01:53:04,919 [WARN] ModelIntegratedComponent:63 - No mode defined for component null
2024-12-12 01:53:04,919 [WARN] ModelIntegratedComponent:63 - No mode defined for component null
2024-12-12 01:53:04,919 [WARN] ModelIntegratedComponent:63 - No mode defined for component null
2024-12-12 01:53:04,920 [WARN] ModelPack:524 - Component already loaded: STMicroelectronics:HAL Drivers:0.0.0:STMicroelectronics:Device:STMicro_Driver:XSPI:HAL::0.0.1:HAL_XSPI
2024-12-12 01:53:05,003 [INFO] ThirdPartyModel:298 - Start build external matchings
2024-12-12 01:53:05,817 [INFO] ThirdPartyModel:316 - End build external matchings
2024-12-12 01:53:05,848 [WARN] IP:2191 - MessageRAMOffset not found: check if there is a RefParameter without a condition.
2024-12-12 01:53:05,848 [WARN] IP:2191 - RxFifo0ElmtsNbr not found: check if there is a RefParameter without a condition.
2024-12-12 01:53:05,849 [WARN] IP:2191 - RxFifo0ElmtSize not found: check if there is a RefParameter without a condition.
2024-12-12 01:53:05,849 [WARN] IP:2191 - RxFifo1ElmtsNbr not found: check if there is a RefParameter without a condition.
2024-12-12 01:53:05,849 [WARN] IP:2191 - RxFifo1ElmtSize not found: check if there is a RefParameter without a condition.
2024-12-12 01:53:05,849 [WARN] IP:2191 - RxBuffersNbr not found: check if there is a RefParameter without a condition.
2024-12-12 01:53:05,849 [WARN] IP:2191 - RxBufferSize not found: check if there is a RefParameter without a condition.
2024-12-12 01:53:05,849 [WARN] IP:2191 - TxEventsNbr not found: check if there is a RefParameter without a condition.
2024-12-12 01:53:05,849 [WARN] IP:2191 - TxBuffersNbr not found: check if there is a RefParameter without a condition.
2024-12-12 01:53:05,850 [WARN] IP:2191 - TxFifoQueueElmtsNbr not found: check if there is a RefParameter without a condition.
2024-12-12 01:53:05,850 [WARN] IP:2191 - TxElmtSize not found: check if there is a RefParameter without a condition.
2024-12-12 01:53:05,850 [WARN] IP:2191 - ClockCalibrationCCU not found: check if there is a RefParameter without a condition.
2024-12-12 01:53:05,850 [WARN] IP:2191 - ClockDividerCCU not found: check if there is a RefParameter without a condition.
2024-12-12 01:53:05,850 [WARN] IP:2191 - MinOscClkPeriodsCCU not found: check if there is a RefParameter without a condition.
2024-12-12 01:53:05,851 [WARN] IP:2191 - TimeQuantaPerBitTimeCCU not found: check if there is a RefParameter without a condition.
2024-12-12 01:53:05,851 [WARN] IP:2191 - WatchdogStartValueCCU not found: check if there is a RefParameter without a condition.
2024-12-12 01:53:05,856 [INFO] ImportTextPane:205 - (OptionalMessage_ERROR) IP (RCC) : Invalid parameter (FamilyName)
2024-12-12 01:53:07,445 [INFO] ApiDb:581 - Connected to CubeFinder SQLite database (C:\Users\leona\.stmcufinder\plugins\mcufinder\mcu\cube-finder-db.db)
2024-12-12 01:53:07,682 [INFO] ApiDb:668 - CubeFinder database Data Model version=2.1
2024-12-12 01:53:07,682 [INFO] ApiDb:669 - CubeFinder database Configuration version=3.0.39
2024-12-12 01:53:07,683 [INFO] ApiDb:670 - CubeFinder database generation date=2024-11-21 (1732182206)
2024-12-12 01:53:07,683 [INFO] ApiDb:671 - CubeFinder database FW Pack versions=[FP-ATR-ASTRA1_V2.0.0, FP-SNS-FLIGHT1_V5.0.2, FP-SNS-MOTENV1_V5.0.0, FP-SNS-MOTENVWB1_V1.4.0, FP-SNS-SMARTAG2_V1.2.0, FP-SNS-STBOX1_V2.0.0, STM32Cube_FW_C0_V1.3.0, STM32Cube_FW_F4_V1.28.1, STM32Cube_FW_F7_V1.17.2, STM32Cube_FW_G0_V1.6.2, STM32Cube_FW_G4_V1.6.1, STM32Cube_FW_H5_V1.4.0, STM32Cube_FW_H7RS_V1.1.0, STM32Cube_FW_H7_V1.12.0, STM32Cube_FW_L0_V1.12.2, STM32Cube_FW_L4_V1.18.1, STM32Cube_FW_L5_V1.5.1, STM32Cube_FW_N6_V1.0.0, STM32Cube_FW_U0_V1.2.0, STM32Cube_FW_U3_V1.0.0, STM32Cube_FW_U5_V1.7.0, STM32Cube_FW_WB0_V1.1.0, STM32Cube_FW_WBA_V1.5.0, STM32Cube_FW_WB_V1.21.0, STM32Cube_FW_WL3_V1.0.0, STM32Cube_FW_WL_V1.3.0, X-CUBE-ALGOBUILD_V1.4.0, X-CUBE-ALS_V1.0.2, X-CUBE-AZRTOS-F4_V1.1.0, X-CUBE-AZRTOS-F7_V1.1.0, X-CUBE-AZRTOS-G0_V1.1.0, X-CUBE-AZRTOS-G4_V2.0.0, X-CUBE-AZRTOS-H7RS_V1.0.0, X-CUBE-AZRTOS-H7_V3.3.0, X-CUBE-AZRTOS-L4_V2.0.0, X-CUBE-AZRTOS-L5_V2.0.0, X-CUBE-AZRTOS-WB_V2.0.0, X-CUBE-AZRTOS-WL_V2.0.0, X-CUBE-BLE1_V7.0.0, X-CUBE-BLE2_V3.3.0, X-CUBE-BLEMGR_V3.1.0, X-CUBE-EEPRMA1_V5.1.0, X-CUBE-FREERTOS_V1.2.0, X-CUBE-GNSS1_V6.0.0, X-CUBE-MEMS1_V11.0.0, X-CUBE-NFC4_V3.0.0, X-CUBE-NFC7_V1.0.1, X-CUBE-SFXS2LP1_V4.0.0, X-CUBE-SUBG2_V5.0.0, X-CUBE-TOF1_V3.4.2]
2024-12-12 01:53:07,971 [INFO] DbBoardsSqlite:226 - include board P-NUCLEO-WB55-NUCLEO as a kit item of type 'Nucleo-64'
2024-12-12 01:53:07,972 [INFO] DbBoardsSqlite:226 - include board P-NUCLEO-WB55-USBDONGLE as a kit item of type 'Nucleo USB Dongle'
2024-12-12 01:53:07,974 [INFO] DbBoardsSqlite:226 - include board STEVAL-IDP005V1 as a kit item of type 'Evaluation Board'
2024-12-12 01:53:07,975 [INFO] DbBoardsSqlite:226 - include board STEVAL-IDP005V2 as a kit item of type 'Evaluation Board'
2024-12-12 01:53:09,039 [INFO] ApiDb:240 - Found 646 in-development CPN: [B-G473E-ZEST1S, B-WB1M-WPAN1, B-WL5M-SUBG1, NUCLEO-C031C6, NUCLEO-C071RB, NUCLEO-H503RB, NUCLEO-H533RE, NUCLEO-H563ZI, NUCLEO-H7S3L8, NUCLEO-U031R8, NUCLEO-U083RC, NUCLEO-U545RE-Q, NUCLEO-U5A5ZJ-Q, NUCLEO-WB05KZ, NUCLEO-WB07CC, NUCLEO-WB09KE, NUCLEO-WBA52CG, NUCLEO-WBA55CG, STEVAL-PROTEUS1, STEVAL-SMARTAG2, STEVAL-STWINBX1, STM320518-EVAL, STM32C0116-DK, STM32C011D6Y3TR, STM32C011D6Y6TR, STM32C011F4P3, STM32C011F4P6, STM32C011F4U3, STM32C011F4U6TR, STM32C011F6P3, STM32C011F6P6, STM32C011F6U3, STM32C011F6U6TR, STM32C011J4M3, STM32C011J4M6, STM32C011J6M3, STM32C011J6M6, STM32C0316-DK, STM32C031C4T3, STM32C031C4T6, STM32C031C4U3, STM32C031C4U6, STM32C031C6T3, STM32C031C6T6, STM32C031C6U3, STM32C031C6U6, STM32C031F4P3, STM32C031F4P6, STM32C031F6P3, STM32C031F6P6, STM32C031G4U3, STM32C031G4U6, STM32C031G6U3, STM32C031G6U6, STM32C031K4T3, STM32C031K4T6, STM32C031K4U3, STM32C031K4U6, STM32C031K6T3, STM32C031K6T6, STM32C031K6U3, STM32C031K6U6, STM32C071C8T6, STM32C071C8T6N, STM32C071C8U6, STM32C071C8U6N, STM32C071CBT6, STM32C071CBT6N, STM32C071CBU6, STM32C071CBU6N, STM32C071F8P6, STM32C071F8P6N, STM32C071FBP6, STM32C071FBP6N, STM32C071FBY6TR, STM32C071G8U6, STM32C071G8U6N, STM32C071GBU6, STM32C071GBU6N, STM32C071K8T6, STM32C071K8T6N, STM32C071K8U6, STM32C071K8U6N, STM32C071KBT6, STM32C071KBT6N, STM32C071KBU6, STM32C071KBU6N, STM32C071R8T6, STM32C071R8T6N, STM32C071RBI6N, STM32C071RBT6, STM32C071RBT6N, STM32G071K8TXN, STM32G071K8UXN, STM32G081GBU6N, STM32G081KBT6N, STM32G081KBUXN, STM32G0B1CCT6N, STM32G0B1KCT6, STM32G0B1NEY6TR, STM32G0B1RCT6N, STM32G0C1CCT6, STM32G0C1CCT6N, STM32G0C1CCU6N, STM32G0C1CET6N, STM32G0C1CEU6N, STM32G0C1KCT6, STM32G0C1NEY6TR, STM32G0C1RCI6N, STM32G0C1RCT6N, STM32G0C1REI6N, STM32G0C1RET6N, STM32G0C1VCI6, STM32G0C1VEI6, STM32G411C6T3, STM32G411C6T6, STM32G411C6U3, STM32G411C6U6, STM32G411C8T3, STM32G411C8T6, STM32G411C8U3, STM32G411C8U6, STM32G411CBT3, STM32G411CBT6, STM32G411CBU3, STM32G411CBU6, STM32G411K6T3, STM32G411K6T6, STM32G411K6U3, STM32G411K6U6, STM32G411K8T3, STM32G411K8T6, STM32G411K8U3, STM32G411K8U6, STM32G411KBT3, STM32G411KBT6, STM32G411KBU3, STM32G411KBU6, STM32G411M6T3, STM32G411M6T6, STM32G411M8T3, STM32G411M8T6, STM32G411MBT3, STM32G411MBT6, STM32G411R6T3, STM32G411R6T6, STM32G411R8T3, STM32G411R8T6, STM32G411RBT3, STM32G411RBT6, STM32G414CBT3, STM32G414CBT6, STM32G414CBU3, STM32G414CBU6, STM32G414CCT3, STM32G414CCT6, STM32G414CCU3, STM32G414CCU6, STM32G414MBT3, STM32G414MBT6, STM32G414MCT3, STM32G414MCT6, STM32G414RBT3, STM32G414RBT6, STM32G414RCT3, STM32G414RCT6, STM32G414VBT3, STM32G414VBT6, STM32G414VCT3, STM32G414VCT6, STM32G431CBT3Z, STM32G431RBT3Z, STM32G471CCT6, STM32G471CCU6, STM32G471CET3, STM32G471CET6, STM32G471CEU3, STM32G471CEU6, STM32G471MCT6, STM32G471MET3, STM32G471MET6, STM32G471MEY6TR, STM32G471QCT6, STM32G471QET3, STM32G471RCT6, STM32G471RET3, STM32G471RET6, STM32G471VCH6, STM32G471VCI6, STM32G471VCT6, STM32G471VEH3, STM32G471VEH6, STM32G471VEI3, STM32G471VEI6, STM32G471VET3, STM32G471VET6, STM32G473QET3Z, STM32G473RET3Z, STM32G474CCT6, STM32G491RET3Z, STM32H503CBT6, STM32H503CBU6, STM32H503EBY6TR, STM32H503KBU6, STM32H503RBT6, STM32H523CCT6, STM32H523CCU6, STM32H523CET6, STM32H523CEU6, STM32H523HEY6TR, STM32H523RCT6, STM32H523RET6, STM32H523VCI6, STM32H523VCT6, STM32H523VEI6, STM32H523VET6, STM32H523ZCJ6, STM32H523ZCT6, STM32H523ZEJ6, STM32H523ZET6, STM32H533CET6, STM32H533CEU6, STM32H533HEY6TR, STM32H533RET6, STM32H533VEI6, STM32H533VET6, STM32H533ZEJ6, STM32H533ZET6, STM32H562AGI6, STM32H562AII6, STM32H562IGK6, STM32H562IGT6, STM32H562IIK6, STM32H562IIT6, STM32H562RGT6, STM32H562RGV6, STM32H562RIT6, STM32H562RIV6, STM32H562VGT6, STM32H562VIT6, STM32H562ZGT6, STM32H562ZIT6, STM32H563AGI6, STM32H563AII3Q, STM32H563AII6, STM32H563IGK6, STM32H563IGT6, STM32H563IIK3Q, STM32H563IIK6, STM32H563IIT3Q, STM32H563IIT6, STM32H563MIY3QTR, STM32H563RGT6, STM32H563RGV6, STM32H563RIT6, STM32H563RIV6, STM32H563VGT6, STM32H563VIT3Q, STM32H563VIT6, STM32H563ZGT6, STM32H563ZIT3Q, STM32H563ZIT6, STM32H573AII3Q, STM32H573AII6, STM32H573I-DK, STM32H573IIK3Q, STM32H573IIK6, STM32H573IIT3Q, STM32H573IIT6, STM32H573MIY3QTR, STM32H573RIT6, STM32H573RIV6, STM32H573VIT3Q, STM32H573VIT6, STM32H573ZIT3Q, STM32H573ZIT6, STM32H7R3A8I6, STM32H7R3I8K6, STM32H7R3I8T6, STM32H7R3L8H6, STM32H7R3L8H6H, STM32H7R3R8V6, STM32H7R3V8H6, STM32H7R3V8T6, STM32H7R3V8Y6TR, STM32H7R3Z8J6, STM32H7R3Z8T6, STM32H7R7A8I6, STM32H7R7I8K6, STM32H7R7I8T6, STM32H7R7L8H6, STM32H7R7L8H6H, STM32H7R7Z8J6, STM32H7S3A8I6, STM32H7S3I8K6, STM32H7S3I8T6, STM32H7S3L8H6, STM32H7S3L8H6H, STM32H7S3R8V6, STM32H7S3V8H6, STM32H7S3V8T6, STM32H7S3V8Y6TR, STM32H7S3Z8J6, STM32H7S3Z8T6, STM32H7S78-DK, STM32H7S7A8I6, STM32H7S7I8K6, STM32H7S7I8T6, STM32H7S7L8H6, STM32H7S7L8H6H, STM32H7S7Z8J6, STM32L4R5QGI6STR, STM32MP131AAE3, STM32MP131AAF3, STM32MP131AAG3, STM32MP131CAE3, STM32MP131CAF3, STM32MP131CAG3, STM32MP131DAE7, STM32MP131DAF7, STM32MP131DAG7, STM32MP131FAE7, STM32MP131FAF7, STM32MP131FAG7, STM32MP133AAE3, STM32MP133AAF3, STM32MP133AAG3, STM32MP133CAE3, STM32MP133CAF3, STM32MP133CAG3, STM32MP133DAE7, STM32MP133DAF7, STM32MP133DAG7, STM32MP133FAE7, STM32MP133FAF7, STM32MP133FAG7, STM32MP135AAE3, STM32MP135AAF3, STM32MP135AAG3, STM32MP135CAE3, STM32MP135CAF3, STM32MP135CAG3, STM32MP135DAE7, STM32MP135DAF7, STM32MP135DAG7, STM32MP135F-DK, STM32MP135FAE7, STM32MP135FAF7, STM32MP135FAF7T, STM32MP135FAF7U, STM32MP135FAG7, STM32MP251AAI3, STM32MP251AAK3, STM32MP251AAL3, STM32MP251CAI3, STM32MP251CAK3, STM32MP251CAL3, STM32MP251DAI3, STM32MP251DAK3, STM32MP251DAL3, STM32MP251FAI3, STM32MP251FAK3, STM32MP251FAL3, STM32MP253AAI3, STM32MP253AAK3, STM32MP253AAL3, STM32MP253CAI3, STM32MP253CAK3, STM32MP253CAL3, STM32MP253DAI3, STM32MP253DAK3, STM32MP253DAL3, STM32MP253FAI3, STM32MP253FAK3, STM32MP253FAL3, STM32MP255AAI3, STM32MP255AAK3, STM32MP255AAL3, STM32MP255CAI3, STM32MP255CAK3, STM32MP255CAL3, STM32MP255DAI3, STM32MP255DAK3, STM32MP255DAL3, STM32MP255FAI3, STM32MP255FAK3, STM32MP255FAL3, STM32MP257AAI3, STM32MP257AAK3, STM32MP257AAL3, STM32MP257CAI3, STM32MP257CAK3, STM32MP257CAL3, STM32MP257DAI3, STM32MP257DAK3, STM32MP257DAL3, STM32MP257F-DK, STM32MP257F-EV1, STM32MP257FAI3, STM32MP257FAK3, STM32MP257FAL3, STM32U031C6T6, STM32U031C6U6, STM32U031C8T6, STM32U031C8U6, STM32U031F4P6, STM32U031F6P6, STM32U031F8P6, STM32U031G6Y6TR, STM32U031G8Y6TR, STM32U031K4U6, STM32U031K6U6, STM32U031K8U6, STM32U031R6I6, STM32U031R6T6, STM32U031R8I6, STM32U031R8T6, STM32U073C8T6, STM32U073C8U6, STM32U073CBT6, STM32U073CBU6, STM32U073CCT6, STM32U073CCU6, STM32U073H8Y6TR, STM32U073HBY6TR, STM32U073HCY6TR, STM32U073K8U6, STM32U073KBU6, STM32U073KCU6, STM32U073M8I6, STM32U073M8T6, STM32U073MBI6, STM32U073MBT6, STM32U073MCI6, STM32U073MCT6, STM32U073R8I6, STM32U073R8T6, STM32U073RBI6, STM32U073RBT6, STM32U073RCI6, STM32U073RCT6, STM32U083C-DK, STM32U083CCT6, STM32U083CCU6, STM32U083HCY6TR, STM32U083KCU6, STM32U083MCI6, STM32U083MCT6, STM32U083RCI6, STM32U083RCT6, STM32U535CBT6, STM32U535CBT6Q, STM32U535CBU6, STM32U535CBU6Q, STM32U535CCT6, STM32U535CCT6Q, STM32U535CCU6, STM32U535CCU6Q, STM32U535CET6, STM32U535CET6Q, STM32U535CEU6, STM32U535CEU6Q, STM32U535JEY6QTR, STM32U535NCY6QTR, STM32U535NEY6QTR, STM32U535RBI6, STM32U535RBI6Q, STM32U535RBT6, STM32U535RBT6Q, STM32U535RCI6, STM32U535RCI6Q, STM32U535RCT6, STM32U535RCT6Q, STM32U535REI6, STM32U535REI6Q, STM32U535RET6, STM32U535RET6Q, STM32U535VCI6, STM32U535VCI6Q, STM32U535VCT6, STM32U535VCT6Q, STM32U535VEI6, STM32U535VEI6Q, STM32U535VET6, STM32U535VET6Q, STM32U545CET6, STM32U545CET6Q, STM32U545CEU6, STM32U545CEU6Q, STM32U545JEY6QTR, STM32U545NEY6QTR, STM32U545REI6, STM32U545REI6Q, STM32U545RET6, STM32U545RET6Q, STM32U545VEI6, STM32U545VEI6Q, STM32U545VET6, STM32U545VET6Q, STM32U595AIH6, STM32U595AIH6Q, STM32U595AJH6, STM32U595AJH6Q, STM32U595QII6, STM32U595QII6Q, STM32U595QJI6, STM32U595QJI6Q, STM32U595RIT6, STM32U595RIT6Q, STM32U595RJT6, STM32U595RJT6Q, STM32U595VIT6, STM32U595VIT6Q, STM32U595VJT6, STM32U595VJT6Q, STM32U595ZIT6, STM32U595ZIT6Q, STM32U595ZIY6QTR, STM32U595ZJT6, STM32U595ZJT6Q, STM32U595ZJY6QTR, STM32U599BJY6QTR, STM32U599NIH6Q, STM32U599NJH6Q, STM32U599VIT6Q, STM32U599VJT6, STM32U599VJT6Q, STM32U599ZIT6Q, STM32U599ZIY6QTR, STM32U599ZJT6Q, STM32U599ZJY6QTR, STM32U5A5AJH6, STM32U5A5AJH6Q, STM32U5A5QII3Q , STM32U5A5QJI6, STM32U5A5QJI6Q, STM32U5A5RJT6, STM32U5A5RJT6Q, STM32U5A5VJT6, STM32U5A5VJT6Q, STM32U5A5ZJT6, STM32U5A5ZJT6Q, STM32U5A5ZJY6QTR, STM32U5A9BJY6QTR, STM32U5A9J-DK, STM32U5A9NJH6Q, STM32U5A9VJT6Q, STM32U5A9ZJT6Q, STM32U5A9ZJY6QTR, STM32U5F7VIT6, STM32U5F7VIT6Q, STM32U5F7VJT6, STM32U5F7VJT6Q, STM32U5F9BJY6QTR, STM32U5F9NJH6Q, STM32U5F9VIT6Q, STM32U5F9VJT6Q, STM32U5F9ZIJ6QTR, STM32U5F9ZIT6Q, STM32U5F9ZJJ6QTR, STM32U5F9ZJT6Q, STM32U5G7VJT6, STM32U5G7VJT6Q, STM32U5G9BJY6QTR, STM32U5G9J-DK1, STM32U5G9J-DK2, STM32U5G9NJH6Q, STM32U5G9VJT6Q, STM32U5G9ZJJ6QTR, STM32U5G9ZJT6Q, STM32WB05KZV6TR, STM32WB05KZV7TR, STM32WB05TZF6TR, STM32WB05TZF7TR, STM32WB06CCF6TR, STM32WB06CCF7TR, STM32WB06CCV6TR, STM32WB06CCV7TR, STM32WB06KCV6TR, STM32WB06KCV7TR, STM32WB07CCF6TR, STM32WB07CCF7TR, STM32WB07CCV6TR, STM32WB07CCV7TR, STM32WB07KCV6TR, STM32WB07KCV7TR, STM32WB09KEV6TR, STM32WB09KEV7TR, STM32WB09TEF6TR, STM32WB09TEF7TR, STM32WB1MMCH6, STM32WBA50KGU6, STM32WBA50KGU6TR, STM32WBA52CEU6, STM32WBA52CEU6TR, STM32WBA52CEU7, STM32WBA52CEU7TR, STM32WBA52CGU6, STM32WBA52CGU6TR, STM32WBA52CGU6U, STM32WBA52CGU7, STM32WBA52CGU7TR, STM32WBA52KEU6, STM32WBA52KEU6TR, STM32WBA52KGU6, STM32WBA52KGU6TR, STM32WBA54CEU6, STM32WBA54CEU6TR, STM32WBA54CEU7, STM32WBA54CEU7TR, STM32WBA54CGU6, STM32WBA54CGU6TR, STM32WBA54CGU7, STM32WBA54CGU7TR, STM32WBA54KEU6, STM32WBA54KEU6TR, STM32WBA54KEU7, STM32WBA54KEU7TR, STM32WBA54KGU6, STM32WBA54KGU6TR, STM32WBA54KGU7, STM32WBA54KGU7TR, STM32WBA55CEU6, STM32WBA55CEU6TR, STM32WBA55CEU7, STM32WBA55CEU7TR, STM32WBA55CGU6, STM32WBA55CGU6TR, STM32WBA55CGU6U, STM32WBA55CGU7, STM32WBA55CGU7TR, STM32WBA55G-DK1, STM32WBA55HEF6, STM32WBA55HEF7, STM32WBA55HGF6, STM32WBA55HGF7, STM32WBA55UEI6, STM32WBA55UEI6TR, STM32WBA55UEI7, STM32WBA55UEI7TR, STM32WBA55UGI6, STM32WBA55UGI6TR, STM32WBA55UGI7, STM32WBA55UGI7TR, STM32WL5MOCH6, STM32WL5MOCH6TR]
2024-12-12 01:53:09,045 [INFO] ApiDb:668 - CubeFinder database Data Model version=2.1
2024-12-12 01:53:09,045 [INFO] ApiDb:669 - CubeFinder database Configuration version=3.0.39
2024-12-12 01:53:09,046 [INFO] ApiDb:670 - CubeFinder database generation date=2024-11-21 (1732182206)
2024-12-12 01:53:09,046 [INFO] ApiDb:671 - CubeFinder database FW Pack versions=[FP-ATR-ASTRA1_V2.0.0, FP-SNS-FLIGHT1_V5.0.2, FP-SNS-MOTENV1_V5.0.0, FP-SNS-MOTENVWB1_V1.4.0, FP-SNS-SMARTAG2_V1.2.0, FP-SNS-STBOX1_V2.0.0, STM32Cube_FW_C0_V1.3.0, STM32Cube_FW_F4_V1.28.1, STM32Cube_FW_F7_V1.17.2, STM32Cube_FW_G0_V1.6.2, STM32Cube_FW_G4_V1.6.1, STM32Cube_FW_H5_V1.4.0, STM32Cube_FW_H7RS_V1.1.0, STM32Cube_FW_H7_V1.12.0, STM32Cube_FW_L0_V1.12.2, STM32Cube_FW_L4_V1.18.1, STM32Cube_FW_L5_V1.5.1, STM32Cube_FW_N6_V1.0.0, STM32Cube_FW_U0_V1.2.0, STM32Cube_FW_U3_V1.0.0, STM32Cube_FW_U5_V1.7.0, STM32Cube_FW_WB0_V1.1.0, STM32Cube_FW_WBA_V1.5.0, STM32Cube_FW_WB_V1.21.0, STM32Cube_FW_WL3_V1.0.0, STM32Cube_FW_WL_V1.3.0, X-CUBE-ALGOBUILD_V1.4.0, X-CUBE-ALS_V1.0.2, X-CUBE-AZRTOS-F4_V1.1.0, X-CUBE-AZRTOS-F7_V1.1.0, X-CUBE-AZRTOS-G0_V1.1.0, X-CUBE-AZRTOS-G4_V2.0.0, X-CUBE-AZRTOS-H7RS_V1.0.0, X-CUBE-AZRTOS-H7_V3.3.0, X-CUBE-AZRTOS-L4_V2.0.0, X-CUBE-AZRTOS-L5_V2.0.0, X-CUBE-AZRTOS-WB_V2.0.0, X-CUBE-AZRTOS-WL_V2.0.0, X-CUBE-BLE1_V7.0.0, X-CUBE-BLE2_V3.3.0, X-CUBE-BLEMGR_V3.1.0, X-CUBE-EEPRMA1_V5.1.0, X-CUBE-FREERTOS_V1.2.0, X-CUBE-GNSS1_V6.0.0, X-CUBE-MEMS1_V11.0.0, X-CUBE-NFC4_V3.0.0, X-CUBE-NFC7_V1.0.1, X-CUBE-SFXS2LP1_V4.0.0, X-CUBE-SUBG2_V5.0.0, X-CUBE-TOF1_V3.4.2]
2024-12-12 01:53:13,961 [INFO] ApiDb:240 - Found 646 in-development CPN: [B-G473E-ZEST1S, B-WB1M-WPAN1, B-WL5M-SUBG1, NUCLEO-C031C6, NUCLEO-C071RB, NUCLEO-H503RB, NUCLEO-H533RE, NUCLEO-H563ZI, NUCLEO-H7S3L8, NUCLEO-U031R8, NUCLEO-U083RC, NUCLEO-U545RE-Q, NUCLEO-U5A5ZJ-Q, NUCLEO-WB05KZ, NUCLEO-WB07CC, NUCLEO-WB09KE, NUCLEO-WBA52CG, NUCLEO-WBA55CG, STEVAL-PROTEUS1, STEVAL-SMARTAG2, STEVAL-STWINBX1, STM320518-EVAL, STM32C0116-DK, STM32C011D6Y3TR, STM32C011D6Y6TR, STM32C011F4P3, STM32C011F4P6, STM32C011F4U3, STM32C011F4U6TR, STM32C011F6P3, STM32C011F6P6, STM32C011F6U3, STM32C011F6U6TR, STM32C011J4M3, STM32C011J4M6, STM32C011J6M3, STM32C011J6M6, STM32C0316-DK, STM32C031C4T3, STM32C031C4T6, STM32C031C4U3, STM32C031C4U6, STM32C031C6T3, STM32C031C6T6, STM32C031C6U3, STM32C031C6U6, STM32C031F4P3, STM32C031F4P6, STM32C031F6P3, STM32C031F6P6, STM32C031G4U3, STM32C031G4U6, STM32C031G6U3, STM32C031G6U6, STM32C031K4T3, STM32C031K4T6, STM32C031K4U3, STM32C031K4U6, STM32C031K6T3, STM32C031K6T6, STM32C031K6U3, STM32C031K6U6, STM32C071C8T6, STM32C071C8T6N, STM32C071C8U6, STM32C071C8U6N, STM32C071CBT6, STM32C071CBT6N, STM32C071CBU6, STM32C071CBU6N, STM32C071F8P6, STM32C071F8P6N, STM32C071FBP6, STM32C071FBP6N, STM32C071FBY6TR, STM32C071G8U6, STM32C071G8U6N, STM32C071GBU6, STM32C071GBU6N, STM32C071K8T6, STM32C071K8T6N, STM32C071K8U6, STM32C071K8U6N, STM32C071KBT6, STM32C071KBT6N, STM32C071KBU6, STM32C071KBU6N, STM32C071R8T6, STM32C071R8T6N, STM32C071RBI6N, STM32C071RBT6, STM32C071RBT6N, STM32G071K8TXN, STM32G071K8UXN, STM32G081GBU6N, STM32G081KBT6N, STM32G081KBUXN, STM32G0B1CCT6N, STM32G0B1KCT6, STM32G0B1NEY6TR, STM32G0B1RCT6N, STM32G0C1CCT6, STM32G0C1CCT6N, STM32G0C1CCU6N, STM32G0C1CET6N, STM32G0C1CEU6N, STM32G0C1KCT6, STM32G0C1NEY6TR, STM32G0C1RCI6N, STM32G0C1RCT6N, STM32G0C1REI6N, STM32G0C1RET6N, STM32G0C1VCI6, STM32G0C1VEI6, STM32G411C6T3, STM32G411C6T6, STM32G411C6U3, STM32G411C6U6, STM32G411C8T3, STM32G411C8T6, STM32G411C8U3, STM32G411C8U6, STM32G411CBT3, STM32G411CBT6, STM32G411CBU3, STM32G411CBU6, STM32G411K6T3, STM32G411K6T6, STM32G411K6U3, STM32G411K6U6, STM32G411K8T3, STM32G411K8T6, STM32G411K8U3, STM32G411K8U6, STM32G411KBT3, STM32G411KBT6, STM32G411KBU3, STM32G411KBU6, STM32G411M6T3, STM32G411M6T6, STM32G411M8T3, STM32G411M8T6, STM32G411MBT3, STM32G411MBT6, STM32G411R6T3, STM32G411R6T6, STM32G411R8T3, STM32G411R8T6, STM32G411RBT3, STM32G411RBT6, STM32G414CBT3, STM32G414CBT6, STM32G414CBU3, STM32G414CBU6, STM32G414CCT3, STM32G414CCT6, STM32G414CCU3, STM32G414CCU6, STM32G414MBT3, STM32G414MBT6, STM32G414MCT3, STM32G414MCT6, STM32G414RBT3, STM32G414RBT6, STM32G414RCT3, STM32G414RCT6, STM32G414VBT3, STM32G414VBT6, STM32G414VCT3, STM32G414VCT6, STM32G431CBT3Z, STM32G431RBT3Z, STM32G471CCT6, STM32G471CCU6, STM32G471CET3, STM32G471CET6, STM32G471CEU3, STM32G471CEU6, STM32G471MCT6, STM32G471MET3, STM32G471MET6, STM32G471MEY6TR, STM32G471QCT6, STM32G471QET3, STM32G471RCT6, STM32G471RET3, STM32G471RET6, STM32G471VCH6, STM32G471VCI6, STM32G471VCT6, STM32G471VEH3, STM32G471VEH6, STM32G471VEI3, STM32G471VEI6, STM32G471VET3, STM32G471VET6, STM32G473QET3Z, STM32G473RET3Z, STM32G474CCT6, STM32G491RET3Z, STM32H503CBT6, STM32H503CBU6, STM32H503EBY6TR, STM32H503KBU6, STM32H503RBT6, STM32H523CCT6, STM32H523CCU6, STM32H523CET6, STM32H523CEU6, STM32H523HEY6TR, STM32H523RCT6, STM32H523RET6, STM32H523VCI6, STM32H523VCT6, STM32H523VEI6, STM32H523VET6, STM32H523ZCJ6, STM32H523ZCT6, STM32H523ZEJ6, STM32H523ZET6, STM32H533CET6, STM32H533CEU6, STM32H533HEY6TR, STM32H533RET6, STM32H533VEI6, STM32H533VET6, STM32H533ZEJ6, STM32H533ZET6, STM32H562AGI6, STM32H562AII6, STM32H562IGK6, STM32H562IGT6, STM32H562IIK6, STM32H562IIT6, STM32H562RGT6, STM32H562RGV6, STM32H562RIT6, STM32H562RIV6, STM32H562VGT6, STM32H562VIT6, STM32H562ZGT6, STM32H562ZIT6, STM32H563AGI6, STM32H563AII3Q, STM32H563AII6, STM32H563IGK6, STM32H563IGT6, STM32H563IIK3Q, STM32H563IIK6, STM32H563IIT3Q, STM32H563IIT6, STM32H563MIY3QTR, STM32H563RGT6, STM32H563RGV6, STM32H563RIT6, STM32H563RIV6, STM32H563VGT6, STM32H563VIT3Q, STM32H563VIT6, STM32H563ZGT6, STM32H563ZIT3Q, STM32H563ZIT6, STM32H573AII3Q, STM32H573AII6, STM32H573I-DK, STM32H573IIK3Q, STM32H573IIK6, STM32H573IIT3Q, STM32H573IIT6, STM32H573MIY3QTR, STM32H573RIT6, STM32H573RIV6, STM32H573VIT3Q, STM32H573VIT6, STM32H573ZIT3Q, STM32H573ZIT6, STM32H7R3A8I6, STM32H7R3I8K6, STM32H7R3I8T6, STM32H7R3L8H6, STM32H7R3L8H6H, STM32H7R3R8V6, STM32H7R3V8H6, STM32H7R3V8T6, STM32H7R3V8Y6TR, STM32H7R3Z8J6, STM32H7R3Z8T6, STM32H7R7A8I6, STM32H7R7I8K6, STM32H7R7I8T6, STM32H7R7L8H6, STM32H7R7L8H6H, STM32H7R7Z8J6, STM32H7S3A8I6, STM32H7S3I8K6, STM32H7S3I8T6, STM32H7S3L8H6, STM32H7S3L8H6H, STM32H7S3R8V6, STM32H7S3V8H6, STM32H7S3V8T6, STM32H7S3V8Y6TR, STM32H7S3Z8J6, STM32H7S3Z8T6, STM32H7S78-DK, STM32H7S7A8I6, STM32H7S7I8K6, STM32H7S7I8T6, STM32H7S7L8H6, STM32H7S7L8H6H, STM32H7S7Z8J6, STM32L4R5QGI6STR, STM32MP131AAE3, STM32MP131AAF3, STM32MP131AAG3, STM32MP131CAE3, STM32MP131CAF3, STM32MP131CAG3, STM32MP131DAE7, STM32MP131DAF7, STM32MP131DAG7, STM32MP131FAE7, STM32MP131FAF7, STM32MP131FAG7, STM32MP133AAE3, STM32MP133AAF3, STM32MP133AAG3, STM32MP133CAE3, STM32MP133CAF3, STM32MP133CAG3, STM32MP133DAE7, STM32MP133DAF7, STM32MP133DAG7, STM32MP133FAE7, STM32MP133FAF7, STM32MP133FAG7, STM32MP135AAE3, STM32MP135AAF3, STM32MP135AAG3, STM32MP135CAE3, STM32MP135CAF3, STM32MP135CAG3, STM32MP135DAE7, STM32MP135DAF7, STM32MP135DAG7, STM32MP135F-DK, STM32MP135FAE7, STM32MP135FAF7, STM32MP135FAF7T, STM32MP135FAF7U, STM32MP135FAG7, STM32MP251AAI3, STM32MP251AAK3, STM32MP251AAL3, STM32MP251CAI3, STM32MP251CAK3, STM32MP251CAL3, STM32MP251DAI3, STM32MP251DAK3, STM32MP251DAL3, STM32MP251FAI3, STM32MP251FAK3, STM32MP251FAL3, STM32MP253AAI3, STM32MP253AAK3, STM32MP253AAL3, STM32MP253CAI3, STM32MP253CAK3, STM32MP253CAL3, STM32MP253DAI3, STM32MP253DAK3, STM32MP253DAL3, STM32MP253FAI3, STM32MP253FAK3, STM32MP253FAL3, STM32MP255AAI3, STM32MP255AAK3, STM32MP255AAL3, STM32MP255CAI3, STM32MP255CAK3, STM32MP255CAL3, STM32MP255DAI3, STM32MP255DAK3, STM32MP255DAL3, STM32MP255FAI3, STM32MP255FAK3, STM32MP255FAL3, STM32MP257AAI3, STM32MP257AAK3, STM32MP257AAL3, STM32MP257CAI3, STM32MP257CAK3, STM32MP257CAL3, STM32MP257DAI3, STM32MP257DAK3, STM32MP257DAL3, STM32MP257F-DK, STM32MP257F-EV1, STM32MP257FAI3, STM32MP257FAK3, STM32MP257FAL3, STM32U031C6T6, STM32U031C6U6, STM32U031C8T6, STM32U031C8U6, STM32U031F4P6, STM32U031F6P6, STM32U031F8P6, STM32U031G6Y6TR, STM32U031G8Y6TR, STM32U031K4U6, STM32U031K6U6, STM32U031K8U6, STM32U031R6I6, STM32U031R6T6, STM32U031R8I6, STM32U031R8T6, STM32U073C8T6, STM32U073C8U6, STM32U073CBT6, STM32U073CBU6, STM32U073CCT6, STM32U073CCU6, STM32U073H8Y6TR, STM32U073HBY6TR, STM32U073HCY6TR, STM32U073K8U6, STM32U073KBU6, STM32U073KCU6, STM32U073M8I6, STM32U073M8T6, STM32U073MBI6, STM32U073MBT6, STM32U073MCI6, STM32U073MCT6, STM32U073R8I6, STM32U073R8T6, STM32U073RBI6, STM32U073RBT6, STM32U073RCI6, STM32U073RCT6, STM32U083C-DK, STM32U083CCT6, STM32U083CCU6, STM32U083HCY6TR, STM32U083KCU6, STM32U083MCI6, STM32U083MCT6, STM32U083RCI6, STM32U083RCT6, STM32U535CBT6, STM32U535CBT6Q, STM32U535CBU6, STM32U535CBU6Q, STM32U535CCT6, STM32U535CCT6Q, STM32U535CCU6, STM32U535CCU6Q, STM32U535CET6, STM32U535CET6Q, STM32U535CEU6, STM32U535CEU6Q, STM32U535JEY6QTR, STM32U535NCY6QTR, STM32U535NEY6QTR, STM32U535RBI6, STM32U535RBI6Q, STM32U535RBT6, STM32U535RBT6Q, STM32U535RCI6, STM32U535RCI6Q, STM32U535RCT6, STM32U535RCT6Q, STM32U535REI6, STM32U535REI6Q, STM32U535RET6, STM32U535RET6Q, STM32U535VCI6, STM32U535VCI6Q, STM32U535VCT6, STM32U535VCT6Q, STM32U535VEI6, STM32U535VEI6Q, STM32U535VET6, STM32U535VET6Q, STM32U545CET6, STM32U545CET6Q, STM32U545CEU6, STM32U545CEU6Q, STM32U545JEY6QTR, STM32U545NEY6QTR, STM32U545REI6, STM32U545REI6Q, STM32U545RET6, STM32U545RET6Q, STM32U545VEI6, STM32U545VEI6Q, STM32U545VET6, STM32U545VET6Q, STM32U595AIH6, STM32U595AIH6Q, STM32U595AJH6, STM32U595AJH6Q, STM32U595QII6, STM32U595QII6Q, STM32U595QJI6, STM32U595QJI6Q, STM32U595RIT6, STM32U595RIT6Q, STM32U595RJT6, STM32U595RJT6Q, STM32U595VIT6, STM32U595VIT6Q, STM32U595VJT6, STM32U595VJT6Q, STM32U595ZIT6, STM32U595ZIT6Q, STM32U595ZIY6QTR, STM32U595ZJT6, STM32U595ZJT6Q, STM32U595ZJY6QTR, STM32U599BJY6QTR, STM32U599NIH6Q, STM32U599NJH6Q, STM32U599VIT6Q, STM32U599VJT6, STM32U599VJT6Q, STM32U599ZIT6Q, STM32U599ZIY6QTR, STM32U599ZJT6Q, STM32U599ZJY6QTR, STM32U5A5AJH6, STM32U5A5AJH6Q, STM32U5A5QII3Q , STM32U5A5QJI6, STM32U5A5QJI6Q, STM32U5A5RJT6, STM32U5A5RJT6Q, STM32U5A5VJT6, STM32U5A5VJT6Q, STM32U5A5ZJT6, STM32U5A5ZJT6Q, STM32U5A5ZJY6QTR, STM32U5A9BJY6QTR, STM32U5A9J-DK, STM32U5A9NJH6Q, STM32U5A9VJT6Q, STM32U5A9ZJT6Q, STM32U5A9ZJY6QTR, STM32U5F7VIT6, STM32U5F7VIT6Q, STM32U5F7VJT6, STM32U5F7VJT6Q, STM32U5F9BJY6QTR, STM32U5F9NJH6Q, STM32U5F9VIT6Q, STM32U5F9VJT6Q, STM32U5F9ZIJ6QTR, STM32U5F9ZIT6Q, STM32U5F9ZJJ6QTR, STM32U5F9ZJT6Q, STM32U5G7VJT6, STM32U5G7VJT6Q, STM32U5G9BJY6QTR, STM32U5G9J-DK1, STM32U5G9J-DK2, STM32U5G9NJH6Q, STM32U5G9VJT6Q, STM32U5G9ZJJ6QTR, STM32U5G9ZJT6Q, STM32WB05KZV6TR, STM32WB05KZV7TR, STM32WB05TZF6TR, STM32WB05TZF7TR, STM32WB06CCF6TR, STM32WB06CCF7TR, STM32WB06CCV6TR, STM32WB06CCV7TR, STM32WB06KCV6TR, STM32WB06KCV7TR, STM32WB07CCF6TR, STM32WB07CCF7TR, STM32WB07CCV6TR, STM32WB07CCV7TR, STM32WB07KCV6TR, STM32WB07KCV7TR, STM32WB09KEV6TR, STM32WB09KEV7TR, STM32WB09TEF6TR, STM32WB09TEF7TR, STM32WB1MMCH6, STM32WBA50KGU6, STM32WBA50KGU6TR, STM32WBA52CEU6, STM32WBA52CEU6TR, STM32WBA52CEU7, STM32WBA52CEU7TR, STM32WBA52CGU6, STM32WBA52CGU6TR, STM32WBA52CGU6U, STM32WBA52CGU7, STM32WBA52CGU7TR, STM32WBA52KEU6, STM32WBA52KEU6TR, STM32WBA52KGU6, STM32WBA52KGU6TR, STM32WBA54CEU6, STM32WBA54CEU6TR, STM32WBA54CEU7, STM32WBA54CEU7TR, STM32WBA54CGU6, STM32WBA54CGU6TR, STM32WBA54CGU7, STM32WBA54CGU7TR, STM32WBA54KEU6, STM32WBA54KEU6TR, STM32WBA54KEU7, STM32WBA54KEU7TR, STM32WBA54KGU6, STM32WBA54KGU6TR, STM32WBA54KGU7, STM32WBA54KGU7TR, STM32WBA55CEU6, STM32WBA55CEU6TR, STM32WBA55CEU7, STM32WBA55CEU7TR, STM32WBA55CGU6, STM32WBA55CGU6TR, STM32WBA55CGU6U, STM32WBA55CGU7, STM32WBA55CGU7TR, STM32WBA55G-DK1, STM32WBA55HEF6, STM32WBA55HEF7, STM32WBA55HGF6, STM32WBA55HGF7, STM32WBA55UEI6, STM32WBA55UEI6TR, STM32WBA55UEI7, STM32WBA55UEI7TR, STM32WBA55UGI6, STM32WBA55UGI6TR, STM32WBA55UGI7, STM32WBA55UGI7TR, STM32WL5MOCH6, STM32WL5MOCH6TR]
2024-12-12 01:53:13,977 [INFO] DbMcus:218 - Found 4389 MCUs, 4389 are supported
2024-12-12 01:53:13,978 [INFO] ApiDb:423 - Load user favorites file C:\Users\leona/.stm32cubeide/favorites.mcus.txt: 0 item(s)
2024-12-12 01:53:13,979 [INFO] ApiDb:427 - User favorites MCUs=[]
2024-12-12 01:53:13,979 [INFO] DbMcus:224 - Set 0 / 0 favorites MCUs
2024-12-12 01:53:15,709 [INFO] BoardInfo:889 - No configuration file found for board P-NUCLEO-WB55
2024-12-12 01:53:15,711 [INFO] DbBoards:161 - Kit is not supported: P-NUCLEO-WB55
2024-12-12 01:53:15,729 [INFO] BoardInfo:889 - No configuration file found for board STEVAL-BFA001V1B
2024-12-12 01:53:15,731 [INFO] DbBoards:161 - Kit is not supported: STEVAL-BFA001V1B
2024-12-12 01:53:15,734 [INFO] BoardInfo:889 - No configuration file found for board STEVAL-BFA001V2B
2024-12-12 01:53:15,736 [INFO] DbBoards:161 - Kit is not supported: STEVAL-BFA001V2B
2024-12-12 01:53:16,244 [INFO] DbBoards:168 - Found 201 boards, 198 are supported
2024-12-12 01:53:16,244 [INFO] DbBoards:169 - Found 201 boards, 25 of them is supported for  Bsp
2024-12-12 01:53:16,248 [INFO] ApiDb:423 - Load user favorites file C:\Users\leona/.stm32cubeide/favorites.boards.txt: 0 item(s)
2024-12-12 01:53:16,248 [INFO] ApiDb:427 - User favorites Boards=[]
2024-12-12 01:53:16,248 [INFO] DbBoards:198 - Set 0 / 0 favorites Boards
2024-12-12 01:53:16,359 [INFO] UtilMem:75 - End LoadConfig() Used Memory: 711588096 Bytes (1059061760)
2024-12-12 01:53:16,916 [WARN] ThirdParty:833 - waiting for thirdparty lock release [change project]
2024-12-12 01:53:16,916 [INFO] ThirdParty:835 - entering critical section [change project]
2024-12-12 01:53:16,917 [INFO] ThirdParty:1030 - CMSIS Pack Vendor :STMicroelectronics USBPD 4.1
2024-12-12 01:53:16,917 [INFO] ThirdParty:1030 - CMSIS Pack Vendor :STMicroelectronics X-CUBE-AZRTOS-H7 3.3.0
2024-12-12 01:53:16,917 [INFO] ThirdParty:1030 - CMSIS Pack Vendor :STMicroelectronics X-CUBE-NFC9 1.0.0
2024-12-12 01:53:16,917 [INFO] ThirdParty:1030 - CMSIS Pack Vendor :STMicroelectronics USB_HOST 2.0.0
2024-12-12 01:53:16,917 [INFO] ThirdParty:1030 - CMSIS Pack Vendor :STMicroelectronics FP-SNS-MOTENVWB1 1.4.0
2024-12-12 01:53:16,917 [INFO] ThirdParty:1030 - CMSIS Pack Vendor :STMicroelectronics X-CUBE-AZRTOS-F4 1.1.0
2024-12-12 01:53:16,917 [INFO] ThirdParty:1030 - CMSIS Pack Vendor :STMicroelectronics LIBJPEG 8.0.0
2024-12-12 01:53:16,918 [INFO] ThirdParty:1030 - CMSIS Pack Vendor :STMicroelectronics FP-ATR-ASTRA1 2.0.1
2024-12-12 01:53:16,918 [INFO] ThirdParty:1030 - CMSIS Pack Vendor :STMicroelectronics X-CUBE-SMBUS 2.1.0
2024-12-12 01:53:16,918 [INFO] ThirdParty:1030 - CMSIS Pack Vendor :STMicroelectronics X-CUBE-WB05N 1.1.0
2024-12-12 01:53:16,918 [INFO] ThirdParty:1030 - CMSIS Pack Vendor :STMicroelectronics USB_DEVICE 3.0.0
2024-12-12 01:53:16,918 [INFO] ThirdParty:1030 - CMSIS Pack Vendor :STMicroelectronics X-CUBE-TCPP 4.1.0
2024-12-12 01:53:16,918 [INFO] ThirdParty:1030 - CMSIS Pack Vendor :STMicroelectronics X-CUBE-ISPU 2.1.0
2024-12-12 01:53:16,918 [INFO] ThirdParty:1030 - CMSIS Pack Vendor :STMicroelectronics X-CUBE-FREERTOS 1.2.0
2024-12-12 01:53:16,918 [INFO] ThirdParty:1030 - CMSIS Pack Vendor :STMicroelectronics X-CUBE-IPS 3.0.0
2024-12-12 01:53:16,919 [INFO] ThirdParty:1030 - CMSIS Pack Vendor :STMicroelectronics X-CUBE-AZRTOS-WB 2.0.0
2024-12-12 01:53:16,919 [INFO] ThirdParty:1030 - CMSIS Pack Vendor :STMicroelectronics X-CUBE-GNSS1 7.0.0
2024-12-12 01:53:16,919 [INFO] ThirdParty:1030 - CMSIS Pack Vendor :STMicroelectronics X-CUBE-AZRTOS-F7 1.1.0
2024-12-12 01:53:16,919 [INFO] ThirdParty:1030 - CMSIS Pack Vendor :STMicroelectronics X-CUBE-AZRTOS-L5 2.0.0
2024-12-12 01:53:16,919 [INFO] ThirdParty:1030 - CMSIS Pack Vendor :STMicroelectronics USB_DEVICE 2.0.0
2024-12-12 01:53:16,919 [INFO] ThirdParty:1030 - CMSIS Pack Vendor :STMicroelectronics X-CUBE-NFC6 3.1.0
2024-12-12 01:53:16,919 [INFO] ThirdParty:1030 - CMSIS Pack Vendor :STMicroelectronics FP-SNS-STBOX1 2.0.0
2024-12-12 01:53:16,919 [INFO] ThirdParty:1030 - CMSIS Pack Vendor :STMicroelectronics X-CUBE-MEMS1 11.0.0
2024-12-12 01:53:16,919 [INFO] ThirdParty:1030 - CMSIS Pack Vendor :STMicroelectronics FreeRTOS 0.0.1
2024-12-12 01:53:16,920 [INFO] ThirdParty:1030 - CMSIS Pack Vendor :STMicroelectronics X-CUBE-AZRTOS-G0 1.1.0
2024-12-12 01:53:16,920 [INFO] ThirdParty:1030 - CMSIS Pack Vendor :STMicroelectronics X-CUBE-SAFEA1 1.2.2
2024-12-12 01:53:16,920 [INFO] ThirdParty:1030 - CMSIS Pack Vendor :STMicroelectronics X-CUBE-NFC4 3.0.0
2024-12-12 01:53:16,920 [INFO] ThirdParty:1030 - CMSIS Pack Vendor :STMicroelectronics X-CUBE-DPower 1.2.0
2024-12-12 01:53:16,920 [INFO] ThirdParty:1030 - CMSIS Pack Vendor :STMicroelectronics X-CUBE-SUBG2 5.0.0
2024-12-12 01:53:16,920 [INFO] ThirdParty:1030 - CMSIS Pack Vendor :STMicroelectronics STM32_WPAN 1.0.0
2024-12-12 01:53:16,920 [INFO] ThirdParty:1030 - CMSIS Pack Vendor :EmbeddedOffice I-CUBE-FS-RTOS 1.0.1
2024-12-12 01:53:16,920 [INFO] ThirdParty:1030 - CMSIS Pack Vendor :STMicroelectronics lwIP 2.0.3
2024-12-12 01:53:16,920 [INFO] ThirdParty:1030 - CMSIS Pack Vendor :STMicroelectronics FP-SNS-FLIGHT1 5.0.2
2024-12-12 01:53:16,920 [INFO] ThirdParty:1030 - CMSIS Pack Vendor :Cesanta I-CUBE-Mongoose 7.13.0
2024-12-12 01:53:16,921 [INFO] ThirdParty:1030 - CMSIS Pack Vendor :STMicroelectronics USB_HOST 1.0.0
2024-12-12 01:53:16,921 [INFO] ThirdParty:1030 - CMSIS Pack Vendor :Infineon AIROC-Wi-Fi-Bluetooth-STM32 1.7.0
2024-12-12 01:53:16,921 [INFO] ThirdParty:1030 - CMSIS Pack Vendor :STMicroelectronics X-CUBE-AZRTOS-G4 2.0.0
2024-12-12 01:53:16,921 [INFO] ThirdParty:1030 - CMSIS Pack Vendor :STMicroelectronics PDM2PCM 3.1.0
2024-12-12 01:53:16,921 [INFO] ThirdParty:1030 - CMSIS Pack Vendor :STMicroelectronics PDM2PCM 3.3.0
2024-12-12 01:53:16,921 [INFO] ThirdParty:1030 - CMSIS Pack Vendor :STMicroelectronics X-CUBE-DISPLAY 3.0.0
2024-12-12 01:53:16,921 [INFO] ThirdParty:1030 - CMSIS Pack Vendor :RealThread X-CUBE-RT-Thread_Nano 4.1.1
2024-12-12 01:53:16,921 [INFO] ThirdParty:1030 - CMSIS Pack Vendor :STMicroelectronics X-CUBE-BLE1 7.0.0
2024-12-12 01:53:16,921 [INFO] ThirdParty:1030 - CMSIS Pack Vendor :STMicroelectronics FP-ATR-SIGFOX1 3.2.0
2024-12-12 01:53:16,922 [INFO] ThirdParty:1030 - CMSIS Pack Vendor :STMicroelectronics X-CUBE-NFC10 1.0.0
2024-12-12 01:53:16,922 [INFO] ThirdParty:1030 - CMSIS Pack Vendor :quantropi X-CUBE-qispace-sdk-base 1.9.3
2024-12-12 01:53:16,922 [INFO] ThirdParty:1030 - CMSIS Pack Vendor :STMicroelectronics X-CUBE-BLEMGR 4.0.0
2024-12-12 01:53:16,922 [INFO] ThirdParty:1030 - CMSIS Pack Vendor :STMicroelectronics X-CUBE-EEPRMA1 5.1.0
2024-12-12 01:53:16,922 [INFO] ThirdParty:1030 - CMSIS Pack Vendor :STMicroelectronics HAL Drivers 0.0.0
2024-12-12 01:53:16,922 [INFO] ThirdParty:1030 - CMSIS Pack Vendor :STMicroelectronics MBEDTLS 2.16.2
2024-12-12 01:53:16,923 [INFO] ThirdParty:1030 - CMSIS Pack Vendor :STMicroelectronics X-CUBE-ALS 1.0.2
2024-12-12 01:53:16,929 [INFO] ThirdParty:1030 - CMSIS Pack Vendor :emotas I-CUBE-CANOPEN 1.3.0
2024-12-12 01:53:16,930 [INFO] ThirdParty:1030 - CMSIS Pack Vendor :wolfSSL I-CUBE-wolfSSL 5.7.4
2024-12-12 01:53:16,930 [INFO] ThirdParty:1030 - CMSIS Pack Vendor :STMicroelectronics X-CUBE-NFC7 1.0.1
2024-12-12 01:53:16,930 [INFO] ThirdParty:1030 - CMSIS Pack Vendor :STMicroelectronics MBEDTLS 2.14.1
2024-12-12 01:53:16,930 [INFO] ThirdParty:1030 - CMSIS Pack Vendor :ITTIA_DB I-CUBE-ITTIADB 8.9.0
2024-12-12 01:53:16,930 [INFO] ThirdParty:1030 - CMSIS Pack Vendor :STMicroelectronics X-CUBE-TOUCHGFX 4.24.1
2024-12-12 01:53:16,930 [INFO] ThirdParty:1030 - CMSIS Pack Vendor :wolfSSL I-CUBE-wolfTPM 3.4.0
2024-12-12 01:53:16,930 [INFO] ThirdParty:1030 - CMSIS Pack Vendor :portGmbH I-Cube-SoM-uGOAL 1.1.0
2024-12-12 01:53:16,930 [INFO] ThirdParty:1030 - CMSIS Pack Vendor :STMicroelectronics ThreadX 1.0.0
2024-12-12 01:53:16,931 [INFO] ThirdParty:1030 - CMSIS Pack Vendor :STMicroelectronics FP-SNS-SMARTAG2 1.2.0
2024-12-12 01:53:16,931 [INFO] ThirdParty:1030 - CMSIS Pack Vendor :STMicroelectronics X-CUBE-AZRTOS-WL 2.0.0
2024-12-12 01:53:16,931 [INFO] ThirdParty:1030 - CMSIS Pack Vendor :SEGGER I-CUBE-embOS 1.3.1
2024-12-12 01:53:16,931 [INFO] ThirdParty:1030 - CMSIS Pack Vendor :STMicroelectronics X-CUBE-ALGOBUILD 1.4.0
2024-12-12 01:53:16,931 [INFO] ThirdParty:1030 - CMSIS Pack Vendor :STMicroelectronics FP-SNS-MOTENV1 5.0.0
2024-12-12 01:53:16,931 [INFO] ThirdParty:1030 - CMSIS Pack Vendor :STMicroelectronics USB_DEVICE 1.0.0
2024-12-12 01:53:16,931 [INFO] ThirdParty:1030 - CMSIS Pack Vendor :STMicroelectronics X-CUBE-AZRTOS-H7RS 1.0.0
2024-12-12 01:53:16,931 [INFO] ThirdParty:1030 - CMSIS Pack Vendor :wolfSSL I-CUBE-wolfMQTT 1.19.0
2024-12-12 01:53:16,931 [INFO] ThirdParty:1030 - CMSIS Pack Vendor :STMicroelectronics X-CUBE-AZRTOS-L4 2.0.0
2024-12-12 01:53:16,931 [INFO] ThirdParty:1030 - CMSIS Pack Vendor :STMicroelectronics ThreadX 0.0.2
2024-12-12 01:53:16,931 [INFO] ThirdParty:1030 - CMSIS Pack Vendor :WES I-CUBE-Cesium 1.3.0
2024-12-12 01:53:16,932 [INFO] ThirdParty:1030 - CMSIS Pack Vendor :STMicroelectronics lwIP 2.1.2
2024-12-12 01:53:16,932 [INFO] ThirdParty:1030 - CMSIS Pack Vendor :STMicroelectronics X-CUBE-SFXS2LP1 4.0.0
2024-12-12 01:53:16,932 [INFO] ThirdParty:1030 - CMSIS Pack Vendor :STMicroelectronics X-CUBE-BLE2 3.3.0
2024-12-12 01:53:16,932 [INFO] ThirdParty:1030 - CMSIS Pack Vendor :STMicroelectronics X-CUBE-TOF1 3.4.2
2024-12-12 01:53:16,932 [INFO] ThirdParty:1030 - CMSIS Pack Vendor :STMicroelectronics X-CUBE-AI 9.1.0
2024-12-12 01:53:16,932 [INFO] ThirdParty:1030 - CMSIS Pack Vendor :STMicroelectronics PDM2PCM 3.2.0
2024-12-12 01:53:16,932 [INFO] ThirdParty:1030 - CMSIS Pack Vendor :wolfSSL I-CUBE-wolfSSH 1.4.17
2024-12-12 01:53:16,932 [INFO] ThirdParty:841 - exiting critical section [change project]
2024-12-12 01:53:18,935 [INFO] PinOutPanel:1561 - setPackage(No Configuration,No Configuration)
2024-12-12 01:53:18,941 [INFO] PinOutPanel:1561 - setPackage(STM32G431CBUx,UFQFPN48)
2024-12-12 01:53:21,110 [INFO] UtilMem:75 - Before build in PCC Used Memory: 684747416 Bytes (1073741824)
2024-12-12 01:53:24,842 [INFO] UtilMem:75 - After build in PCC Used Memory: 612370448 Bytes (1073741824)
2024-12-12 01:53:25,119 [INFO] ApiDbMcu:508 - Load IP Config File for USB_Device
2024-12-12 01:53:25,119 [INFO] Middleware:612 - instanceName : USB_DEVICE bspName : BCD Detection check condition failed for : SEM_BCD_ENABLED
2024-12-12 01:53:25,120 [INFO] Middleware:612 - instanceName : USB_DEVICE bspName : BCD Detection check condition failed for : SEM_BCD_ENABLED
2024-12-12 01:53:25,120 [INFO] Middleware:612 - instanceName : USB_DEVICE bspName : BCD Detection check condition failed for : SEM_BCD_ENABLED
2024-12-12 01:53:25,120 [INFO] Middleware:612 - instanceName : USB_DEVICE bspName : BCD Detection check condition failed for : SEM_BCD_ENABLED
2024-12-12 01:53:25,121 [INFO] Middleware:612 - instanceName : USB_DEVICE bspName : BCD Detection check condition failed for : SEM_BCD_ENABLED
2024-12-12 01:53:25,121 [INFO] Middleware:612 - instanceName : USB_DEVICE bspName : BCD Detection check condition failed for : SEM_BCD_ENABLED
2024-12-12 01:53:25,121 [INFO] Middleware:612 - instanceName : USB_DEVICE bspName : BCD Detection check condition failed for : SEM_BCD_ENABLED
2024-12-12 01:53:25,121 [INFO] Middleware:612 - instanceName : USB_DEVICE bspName : BCD Detection check condition failed for : SEM_BCD_ENABLED
2024-12-12 01:53:25,121 [INFO] Middleware:612 - instanceName : USB_DEVICE bspName : BCD Detection check condition failed for : SEM_BCD_ENABLED
2024-12-12 01:53:25,121 [INFO] Middleware:612 - instanceName : USB_DEVICE bspName : BCD Detection check condition failed for : SEM_BCD_ENABLED
2024-12-12 01:53:25,121 [INFO] Middleware:612 - instanceName : USB_DEVICE bspName : BCD Detection check condition failed for : SEM_BCD_ENABLED
2024-12-12 01:53:25,121 [INFO] Middleware:612 - instanceName : USB_DEVICE bspName : BCD Detection check condition failed for : SEM_BCD_ENABLED
2024-12-12 01:53:25,121 [INFO] Middleware:612 - instanceName : USB_DEVICE bspName : BCD Detection check condition failed for : SEM_BCD_ENABLED
2024-12-12 01:53:25,122 [INFO] Middleware:612 - instanceName : USB_DEVICE bspName : BCD Detection check condition failed for : SEM_BCD_ENABLED
2024-12-12 01:53:25,122 [INFO] Middleware:612 - instanceName : USB_DEVICE bspName : BCD Detection check condition failed for : SEM_BCD_ENABLED
2024-12-12 01:53:25,122 [INFO] Middleware:612 - instanceName : USB_DEVICE bspName : BCD Detection check condition failed for : SEM_BCD_ENABLED
2024-12-12 01:53:25,285 [INFO] IPUIPlugin:80 - create IPUIPlugin
2024-12-12 01:53:25,285 [INFO] IPUIPlugin:80 - create IPUIPlugin
2024-12-12 01:53:25,285 [INFO] IPUIPlugin:80 - create IPUIPlugin
2024-12-12 01:53:25,285 [INFO] IPUIPlugin:80 - create IPUIPlugin
2024-12-12 01:53:25,285 [INFO] IPUIPlugin:80 - create IPUIPlugin
2024-12-12 01:53:25,286 [INFO] IPUIPlugin:80 - create IPUIPlugin
2024-12-12 01:53:25,286 [INFO] IPUIPlugin:80 - create IPUIPlugin
2024-12-12 01:53:25,287 [INFO] IPUIPlugin:80 - create IPUIPlugin
2024-12-12 01:53:25,287 [INFO] IPUIPlugin:80 - create IPUIPlugin
2024-12-12 01:53:25,288 [INFO] IPUIPlugin:80 - create IPUIPlugin
2024-12-12 01:53:25,288 [INFO] IPUIPlugin:80 - create IPUIPlugin
2024-12-12 01:53:25,309 [INFO] IPUIPlugin:80 - create IPUIPlugin
2024-12-12 01:53:25,316 [INFO] IPUIPlugin:80 - create IPUIPlugin
2024-12-12 01:53:25,322 [INFO] IPUIPlugin:80 - create IPUIPlugin
2024-12-12 01:53:25,322 [INFO] IPUIPlugin:80 - create IPUIPlugin
2024-12-12 01:53:25,323 [INFO] IPUIPlugin:80 - create IPUIPlugin
2024-12-12 01:53:25,324 [INFO] IPUIPlugin:80 - create IPUIPlugin
2024-12-12 01:53:25,324 [INFO] IPUIPlugin:80 - create IPUIPlugin
2024-12-12 01:53:25,324 [INFO] IPUIPlugin:80 - create IPUIPlugin
2024-12-12 01:53:25,325 [INFO] IPUIPlugin:80 - create IPUIPlugin
2024-12-12 01:53:25,326 [INFO] IPUIPlugin:80 - create IPUIPlugin
2024-12-12 01:53:25,328 [INFO] IPUIPlugin:80 - create IPUIPlugin
2024-12-12 01:53:25,329 [INFO] IPUIPlugin:80 - create IPUIPlugin
2024-12-12 01:53:25,329 [INFO] IPUIPlugin:80 - create IPUIPlugin
2024-12-12 01:53:25,330 [INFO] IPUIPlugin:80 - create IPUIPlugin
2024-12-12 01:53:25,330 [INFO] IPUIPlugin:80 - create IPUIPlugin
2024-12-12 01:53:25,331 [INFO] IPUIPlugin:80 - create IPUIPlugin
2024-12-12 01:53:25,331 [INFO] IPUIPlugin:80 - create IPUIPlugin
2024-12-12 01:53:25,332 [INFO] IPUIPlugin:80 - create IPUIPlugin
2024-12-12 01:53:25,333 [INFO] IPUIPlugin:80 - create IPUIPlugin
2024-12-12 01:53:25,334 [INFO] IPUIPlugin:80 - create IPUIPlugin
2024-12-12 01:53:25,335 [INFO] IPUIPlugin:80 - create IPUIPlugin
2024-12-12 01:53:25,336 [INFO] IPUIPlugin:80 - create IPUIPlugin
2024-12-12 01:53:25,337 [INFO] IPUIPlugin:80 - create IPUIPlugin
2024-12-12 01:53:25,338 [INFO] IPUIPlugin:80 - create IPUIPlugin
2024-12-12 01:53:25,339 [INFO] IPUIPlugin:80 - create IPUIPlugin
2024-12-12 01:53:25,340 [INFO] IPUIPlugin:80 - create IPUIPlugin
2024-12-12 01:53:25,341 [INFO] IPUIPlugin:80 - create IPUIPlugin
2024-12-12 01:53:25,342 [INFO] IPUIPlugin:80 - create IPUIPlugin
2024-12-12 01:53:25,343 [INFO] IPUIPlugin:80 - create IPUIPlugin
2024-12-12 01:53:25,344 [INFO] IPUIPlugin:80 - create IPUIPlugin
2024-12-12 01:53:25,345 [INFO] IPUIPlugin:80 - create IPUIPlugin
2024-12-12 01:53:25,346 [INFO] IPUIPlugin:80 - create IPUIPlugin
2024-12-12 01:53:25,348 [INFO] IPUIPlugin:80 - create IPUIPlugin
2024-12-12 01:53:25,348 [INFO] IPUIPlugin:80 - create IPUIPlugin
2024-12-12 01:53:25,349 [INFO] IPUIPlugin:80 - create IPUIPlugin
2024-12-12 01:53:25,350 [INFO] IPUIPlugin:80 - create IPUIPlugin
2024-12-12 01:53:25,351 [INFO] IPUIPlugin:80 - create IPUIPlugin
2024-12-12 01:53:25,352 [INFO] IPUIPlugin:80 - create IPUIPlugin
2024-12-12 01:53:25,353 [INFO] IPUIPlugin:80 - create IPUIPlugin
2024-12-12 01:53:25,354 [INFO] IPUIPlugin:80 - create IPUIPlugin
2024-12-12 01:53:25,355 [INFO] IPUIPlugin:80 - create IPUIPlugin
2024-12-12 01:53:25,356 [INFO] IPUIPlugin:80 - create IPUIPlugin
2024-12-12 01:53:25,357 [INFO] IPUIPlugin:80 - create IPUIPlugin
2024-12-12 01:53:25,358 [INFO] IPUIPlugin:80 - create IPUIPlugin
2024-12-12 01:53:25,360 [INFO] IPUIPlugin:80 - create IPUIPlugin
2024-12-12 01:53:25,361 [INFO] IPUIPlugin:80 - create IPUIPlugin
2024-12-12 01:53:25,362 [INFO] IPUIPlugin:80 - create IPUIPlugin
2024-12-12 01:53:25,392 [WARN] IP:2191 - MessageRAMOffset not found: check if there is a RefParameter without a condition.
2024-12-12 01:53:25,392 [WARN] IP:2191 - RxFifo0ElmtsNbr not found: check if there is a RefParameter without a condition.
2024-12-12 01:53:25,392 [WARN] IP:2191 - RxFifo0ElmtSize not found: check if there is a RefParameter without a condition.
2024-12-12 01:53:25,393 [WARN] IP:2191 - RxFifo1ElmtsNbr not found: check if there is a RefParameter without a condition.
2024-12-12 01:53:25,393 [WARN] IP:2191 - RxFifo1ElmtSize not found: check if there is a RefParameter without a condition.
2024-12-12 01:53:25,393 [WARN] IP:2191 - RxBuffersNbr not found: check if there is a RefParameter without a condition.
2024-12-12 01:53:25,393 [WARN] IP:2191 - RxBufferSize not found: check if there is a RefParameter without a condition.
2024-12-12 01:53:25,393 [WARN] IP:2191 - TxEventsNbr not found: check if there is a RefParameter without a condition.
2024-12-12 01:53:25,394 [WARN] IP:2191 - TxBuffersNbr not found: check if there is a RefParameter without a condition.
2024-12-12 01:53:25,394 [WARN] IP:2191 - TxFifoQueueElmtsNbr not found: check if there is a RefParameter without a condition.
2024-12-12 01:53:25,394 [WARN] IP:2191 - TxElmtSize not found: check if there is a RefParameter without a condition.
2024-12-12 01:53:25,395 [WARN] IP:2191 - ClockCalibrationCCU not found: check if there is a RefParameter without a condition.
2024-12-12 01:53:25,395 [WARN] IP:2191 - ClockDividerCCU not found: check if there is a RefParameter without a condition.
2024-12-12 01:53:25,395 [WARN] IP:2191 - MinOscClkPeriodsCCU not found: check if there is a RefParameter without a condition.
2024-12-12 01:53:25,396 [WARN] IP:2191 - TimeQuantaPerBitTimeCCU not found: check if there is a RefParameter without a condition.
2024-12-12 01:53:25,396 [WARN] IP:2191 - WatchdogStartValueCCU not found: check if there is a RefParameter without a condition.
2024-12-12 01:53:25,412 [INFO] LogOutputStream:77 - [STDOUT_REDIRECT] Nominal 
2024-12-12 01:53:25,413 [INFO] Can:71 - Can Add PropertyChangeListener com.st.microxplorer.plugins.ip.can.Can@c874526
2024-12-12 01:53:26,397 [INFO] CADModel:165 - CPN selected for project levelSTM32G431CBU3
2024-12-12 01:53:26,397 [INFO] CADModel:114 - Register for checkConnection events
2024-12-12 01:53:26,472 [INFO] OpenFileManager:363 - Restore cursor
2024-12-12 01:53:26,668 [INFO] Middleware:612 - instanceName : USB_DEVICE bspName : BCD Detection check condition failed for : SEM_BCD_ENABLED
2024-12-12 01:53:26,668 [INFO] Middleware:612 - instanceName : USB_DEVICE bspName : BCD Detection check condition failed for : SEM_BCD_ENABLED
2024-12-12 01:53:26,668 [INFO] Middleware:612 - instanceName : USB_DEVICE bspName : BCD Detection check condition failed for : SEM_BCD_ENABLED
2024-12-12 01:53:26,668 [INFO] Middleware:612 - instanceName : USB_DEVICE bspName : BCD Detection check condition failed for : SEM_BCD_ENABLED
2024-12-12 01:53:26,668 [INFO] Middleware:612 - instanceName : USB_DEVICE bspName : BCD Detection check condition failed for : SEM_BCD_ENABLED
2024-12-12 01:53:26,668 [INFO] Middleware:612 - instanceName : USB_DEVICE bspName : BCD Detection check condition failed for : SEM_BCD_ENABLED
2024-12-12 01:53:26,669 [INFO] Middleware:612 - instanceName : USB_DEVICE bspName : BCD Detection check condition failed for : SEM_BCD_ENABLED
2024-12-12 01:53:26,669 [INFO] Middleware:612 - instanceName : USB_DEVICE bspName : BCD Detection check condition failed for : SEM_BCD_ENABLED
2024-12-12 01:53:26,669 [INFO] Middleware:612 - instanceName : USB_DEVICE bspName : BCD Detection check condition failed for : SEM_BCD_ENABLED
2024-12-12 01:53:26,669 [INFO] Middleware:612 - instanceName : USB_DEVICE bspName : BCD Detection check condition failed for : SEM_BCD_ENABLED
2024-12-12 01:53:26,669 [INFO] Middleware:612 - instanceName : USB_DEVICE bspName : BCD Detection check condition failed for : SEM_BCD_ENABLED
2024-12-12 01:53:26,669 [INFO] Middleware:612 - instanceName : USB_DEVICE bspName : BCD Detection check condition failed for : SEM_BCD_ENABLED
2024-12-12 01:53:26,669 [INFO] Middleware:612 - instanceName : USB_DEVICE bspName : BCD Detection check condition failed for : SEM_BCD_ENABLED
2024-12-12 01:53:26,669 [INFO] Middleware:612 - instanceName : USB_DEVICE bspName : BCD Detection check condition failed for : SEM_BCD_ENABLED
2024-12-12 01:53:26,669 [INFO] Middleware:612 - instanceName : USB_DEVICE bspName : BCD Detection check condition failed for : SEM_BCD_ENABLED
2024-12-12 01:53:26,670 [INFO] Middleware:612 - instanceName : USB_DEVICE bspName : BCD Detection check condition failed for : SEM_BCD_ENABLED
2024-12-12 01:53:26,832 [WARN] IP:2191 - MessageRAMOffset not found: check if there is a RefParameter without a condition.
2024-12-12 01:53:26,833 [WARN] IP:2191 - RxFifo0ElmtsNbr not found: check if there is a RefParameter without a condition.
2024-12-12 01:53:26,833 [WARN] IP:2191 - RxFifo0ElmtSize not found: check if there is a RefParameter without a condition.
2024-12-12 01:53:26,833 [WARN] IP:2191 - RxFifo1ElmtsNbr not found: check if there is a RefParameter without a condition.
2024-12-12 01:53:26,833 [WARN] IP:2191 - RxFifo1ElmtSize not found: check if there is a RefParameter without a condition.
2024-12-12 01:53:26,833 [WARN] IP:2191 - RxBuffersNbr not found: check if there is a RefParameter without a condition.
2024-12-12 01:53:26,833 [WARN] IP:2191 - RxBufferSize not found: check if there is a RefParameter without a condition.
2024-12-12 01:53:26,833 [WARN] IP:2191 - TxEventsNbr not found: check if there is a RefParameter without a condition.
2024-12-12 01:53:26,834 [WARN] IP:2191 - TxBuffersNbr not found: check if there is a RefParameter without a condition.
2024-12-12 01:53:26,834 [WARN] IP:2191 - TxFifoQueueElmtsNbr not found: check if there is a RefParameter without a condition.
2024-12-12 01:53:26,834 [WARN] IP:2191 - TxElmtSize not found: check if there is a RefParameter without a condition.
2024-12-12 01:53:26,834 [WARN] IP:2191 - ClockCalibrationCCU not found: check if there is a RefParameter without a condition.
2024-12-12 01:53:26,834 [WARN] IP:2191 - ClockDividerCCU not found: check if there is a RefParameter without a condition.
2024-12-12 01:53:26,834 [WARN] IP:2191 - MinOscClkPeriodsCCU not found: check if there is a RefParameter without a condition.
2024-12-12 01:53:26,835 [WARN] IP:2191 - TimeQuantaPerBitTimeCCU not found: check if there is a RefParameter without a condition.
2024-12-12 01:53:26,835 [WARN] IP:2191 - WatchdogStartValueCCU not found: check if there is a RefParameter without a condition.
2024-12-12 01:53:41,446 [INFO] NvicIntPanel:101 - NVIC parent = com.st.microxplorer.plugins.ip.nvic.MultiNvicIntPanel[,0,0,0x0,invalid,layout=javax.swing.BoxLayout,alignmentX=0.0,alignmentY=0.0,border=,flags=9,maximumSize=,minimumSize=,preferredSize=]
2024-12-12 02:36:15,653 [ERROR] LogOutputStream:75 - [STDERR_REDIRECT] 
2024-12-13 12:54:46,988 [INFO] Activator:176 - 


2024-12-13 12:54:46,993 [INFO] Activator:177 - !SESSION log4j initialized
2024-12-13 12:55:02,072 [INFO] LogOutputStream:77 - [STDOUT_REDIRECT] 
2024-12-13 12:55:10,201 [INFO] ApplicationProperties:184 - Using Application install path: C:\ST\STM32CubeIDE_1.16.1\STM32CubeIDE\plugins\com.st.stm32cube.common.mx_6.12.1.202409122256
2024-12-13 12:55:10,230 [INFO] DbMcusXml:78 - Set database path to: C:\ST\STM32CubeIDE_1.16.1\STM32CubeIDE\plugins\com.st.stm32cube.common.mx_6.12.1.202409122256\\db\/mcu/
2024-12-13 12:55:10,231 [INFO] ApiDb:274 - Set plugin database path to: C:\ST\STM32CubeIDE_1.16.1\STM32CubeIDE\plugins\com.st.stm32cube.common.mx_6.12.1.202409122256\\db\/plugins/boardmanager/
2024-12-13 12:55:10,231 [WARN] ApiDb:259 - Overriding images path with different value:  => C:\ST\STM32CubeIDE_1.16.1\STM32CubeIDE\plugins\com.st.stm32cube.common.mx_6.12.1.202409122256\\db\/plugins/mcufinder/images/
2024-12-13 12:55:10,247 [INFO] ApiDb:250 - Set database path to: C:\Users\leona\.stmcufinder\plugins\mcufinder//mcu/
2024-12-13 12:55:10,249 [INFO] DbMcusAds:125 - Set database path to: C:\Users\leona\.stmcufinder\plugins\mcufinder//mcu/
2024-12-13 12:55:10,253 [INFO] CrossReferenceDbSqlite:203 - Set database path to: C:\Users\leona\.stmcufinder\plugins\mcufinder//mcu/cs/
2024-12-13 12:55:10,468 [INFO] RulesReader:64 - Compatibility file has been processed (297 Rules)
2024-12-13 12:55:10,608 [INFO] DbMcusXml:78 - Set database path to: C:\ST\STM32CubeIDE_1.16.1\STM32CubeIDE\plugins\com.st.stm32cube.common.mx_6.12.1.202409122256\\db\/mcu/
2024-12-13 12:55:10,609 [INFO] ApiDb:274 - Set plugin database path to: C:\ST\STM32CubeIDE_1.16.1\STM32CubeIDE\plugins\com.st.stm32cube.common.mx_6.12.1.202409122256\\db\/plugins/boardmanager/
2024-12-13 12:55:10,609 [INFO] ApiDb:261 - Set plugin images path to: C:\ST\STM32CubeIDE_1.16.1\STM32CubeIDE\plugins\com.st.stm32cube.common.mx_6.12.1.202409122256\\db\/plugins/mcufinder/images/
2024-12-13 12:55:10,609 [WARN] DbFile:41 - Overriding database path with different value: C:\Users\leona\.stmcufinder\plugins\mcufinder/ => C:\Users\leona\.stmcufinder\plugins\mcufinder
2024-12-13 12:55:10,610 [INFO] ApiDb:250 - Set database path to: C:\Users\leona\.stmcufinder\plugins\mcufinder//mcu/
2024-12-13 12:55:10,610 [WARN] DbFile:41 - Overriding database path with different value: C:\Users\leona\.stmcufinder\plugins\mcufinder/ => C:\Users\leona\.stmcufinder\plugins\mcufinder
2024-12-13 12:55:10,610 [INFO] DbMcusAds:125 - Set database path to: C:\Users\leona\.stmcufinder\plugins\mcufinder//mcu/
2024-12-13 12:55:10,611 [WARN] DbFile:41 - Overriding database path with different value: C:\Users\leona\.stmcufinder\plugins\mcufinder/ => C:\Users\leona\.stmcufinder\plugins\mcufinder
2024-12-13 12:55:10,611 [WARN] DbFile:41 - Overriding database path with different value: C:\Users\leona\.stmcufinder\plugins\mcufinder/ => C:\Users\leona\.stmcufinder\plugins\mcufinder
2024-12-13 12:55:10,611 [INFO] CrossReferenceDbSqlite:203 - Set database path to: C:\Users\leona\.stmcufinder\plugins\mcufinder//mcu/cs/
2024-12-13 12:55:10,776 [INFO] MainPanel:268 - HeapMemory: 268435456
2024-12-13 12:55:10,976 [INFO] DbMcusXml:78 - Set database path to: C:\ST\STM32CubeIDE_1.16.1\STM32CubeIDE\plugins\com.st.stm32cube.common.mx_6.12.1.202409122256\\db\/mcu/
2024-12-13 12:55:10,976 [INFO] ApiDb:274 - Set plugin database path to: C:\ST\STM32CubeIDE_1.16.1\STM32CubeIDE\plugins\com.st.stm32cube.common.mx_6.12.1.202409122256\\db\/plugins/boardmanager/
2024-12-13 12:55:10,976 [INFO] ApiDb:261 - Set plugin images path to: C:\ST\STM32CubeIDE_1.16.1\STM32CubeIDE\plugins\com.st.stm32cube.common.mx_6.12.1.202409122256\\db\/plugins/mcufinder/images/
2024-12-13 12:55:10,977 [WARN] DbFile:41 - Overriding database path with different value: C:\Users\leona\.stmcufinder\plugins\mcufinder/ => C:\Users\leona\.stmcufinder\plugins\mcufinder
2024-12-13 12:55:10,977 [INFO] ApiDb:250 - Set database path to: C:\Users\leona\.stmcufinder\plugins\mcufinder//mcu/
2024-12-13 12:55:10,977 [WARN] DbFile:41 - Overriding database path with different value: C:\Users\leona\.stmcufinder\plugins\mcufinder/ => C:\Users\leona\.stmcufinder\plugins\mcufinder
2024-12-13 12:55:10,977 [INFO] DbMcusAds:125 - Set database path to: C:\Users\leona\.stmcufinder\plugins\mcufinder//mcu/
2024-12-13 12:55:10,978 [WARN] DbFile:41 - Overriding database path with different value: C:\Users\leona\.stmcufinder\plugins\mcufinder/ => C:\Users\leona\.stmcufinder\plugins\mcufinder
2024-12-13 12:55:10,978 [WARN] DbFile:41 - Overriding database path with different value: C:\Users\leona\.stmcufinder\plugins\mcufinder/ => C:\Users\leona\.stmcufinder\plugins\mcufinder
2024-12-13 12:55:10,978 [INFO] CrossReferenceDbSqlite:203 - Set database path to: C:\Users\leona\.stmcufinder\plugins\mcufinder//mcu/cs/
2024-12-13 12:55:11,006 [INFO] ApplicationProperties:184 - Using Application install path: C:\ST\STM32CubeIDE_1.16.1\STM32CubeIDE\plugins\com.st.stm32cube.common.mx_6.12.1.202409122256
2024-12-13 12:55:11,009 [INFO] PluginManage:196 - Search for loadable plugins [exclusion list=, ]
2024-12-13 12:55:11,012 [INFO] PluginManage:310 - Check plugin analytics
2024-12-13 12:55:15,988 [INFO] AnalyticsPlugin:253 - Accepted Software Licenses: STM32CubeMX.6.12.1
2024-12-13 12:55:15,988 [INFO] AnalyticsPlugin:255 - Accepted CMSIS Pack Licenses: 
2024-12-13 12:55:15,989 [INFO] AnalyticsPlugin:257 - Accepted Firmware Licenses: FW.F4.1.27.0,FW.L4.1.18.0,FW.F4.1.28.0,FW.WL.1.3.0,FW.G4.1.6.0,FW.U5.1.6.0
2024-12-13 12:55:15,996 [INFO] PluginManage:359 - Loaded plugin analytics (category:tool,tabindex:-1)
2024-12-13 12:55:15,997 [INFO] PluginManage:310 - Check plugin cadmodel
2024-12-13 12:55:16,014 [INFO] CADModel:105 - Init CAD model plugin
2024-12-13 12:55:16,016 [INFO] PluginManage:359 - Loaded plugin cadmodel (category:power,tabindex:5)
2024-12-13 12:55:16,016 [INFO] PluginManage:310 - Check plugin clock
2024-12-13 12:55:16,055 [INFO] PluginManage:359 - Loaded plugin clock (category:base,tabindex:2)
2024-12-13 12:55:16,057 [INFO] PluginManage:310 - Check plugin ddr
2024-12-13 12:55:16,063 [INFO] PluginManage:359 - Loaded plugin ddr (category:tool,tabindex:6)
2024-12-13 12:55:16,065 [INFO] PluginManage:310 - Check plugin filemanager
2024-12-13 12:55:16,594 [INFO] PluginManage:359 - Loaded plugin filemanager (category:base,tabindex:10)
2024-12-13 12:55:16,595 [INFO] PluginManage:310 - Check plugin ipmanager
2024-12-13 12:55:16,610 [INFO] PluginManage:359 - Loaded plugin ipmanager (category:base,tabindex:5)
2024-12-13 12:55:16,611 [INFO] PluginManage:310 - Check plugin lpbam
2024-12-13 12:55:16,668 [INFO] PluginManage:359 - Loaded plugin lpbam (category:base,tabindex:0)
2024-12-13 12:55:16,669 [INFO] PluginManage:310 - Check plugin memorymap
2024-12-13 12:55:16,733 [INFO] PluginManage:359 - Loaded plugin memorymap (category:base,tabindex:4)
2024-12-13 12:55:16,733 [INFO] PluginManage:310 - Check plugin pinoutandconfiguration
2024-12-13 12:55:16,759 [INFO] PluginManage:359 - Loaded plugin pinoutandconfiguration (category:base,tabindex:1)
2024-12-13 12:55:16,759 [INFO] PluginManage:310 - Check plugin pinoutconfig
2024-12-13 12:55:17,011 [WARN] SupportedApi:132 - Cannot load RTOS API schema: s4s-elt-must-match.1: The content of 'definitions' must match (annotation?, (simpleType | complexType)?, (unique | key | keyref)*)). A problem was found starting at: attribute.
2024-12-13 12:55:17,339 [INFO] PluginManage:359 - Loaded plugin pinoutconfig (category:base,tabindex:0)
2024-12-13 12:55:17,340 [INFO] PluginManage:310 - Check plugin power
2024-12-13 12:55:17,360 [INFO] PluginManage:359 - Loaded plugin power (category:power,tabindex:4)
2024-12-13 12:55:17,360 [INFO] PluginManage:310 - Check plugin projectmanager
2024-12-13 12:55:17,392 [INFO] PluginManage:359 - Loaded plugin projectmanager (category:projectmanager,tabindex:4)
2024-12-13 12:55:17,392 [INFO] PluginManage:310 - Check plugin rif
2024-12-13 12:55:17,407 [INFO] PluginManage:359 - Loaded plugin rif (category:base,tabindex:3)
2024-12-13 12:55:17,408 [INFO] PluginManage:310 - Check plugin thirdparty
2024-12-13 12:55:17,665 [INFO] PluginManage:359 - Loaded plugin thirdparty (category:base,tabindex:-1)
2024-12-13 12:55:17,666 [INFO] PluginManage:310 - Check plugin tools
2024-12-13 12:55:17,669 [WARN] IntegrityCheckThread:84 - waiting for thirdparty lock release [integrity check]
2024-12-13 12:55:17,669 [INFO] IntegrityCheckThread:86 - entering critical section [integrity check]
2024-12-13 12:55:17,670 [INFO] ThirdPartyUpdaterWithRetryManager:70 - Updater plugin not ready yet. [1/15]
2024-12-13 12:55:17,676 [INFO] PluginManage:359 - Loaded plugin tools (category:base,tabindex:7)
2024-12-13 12:55:17,676 [INFO] PluginManage:310 - Check plugin tutovideos
2024-12-13 12:55:18,011 [INFO] PluginManage:359 - Loaded plugin tutovideos (category:base,tabindex:-1)
2024-12-13 12:55:18,011 [INFO] PluginManage:310 - Check plugin updater
2024-12-13 12:55:18,060 [INFO] PluginManage:359 - Loaded plugin updater (category:base,tabindex:12)
2024-12-13 12:55:18,061 [INFO] PluginManage:310 - Check plugin userauth
2024-12-13 12:55:18,073 [INFO] UserAuth:113 - Init User Auth plugin
2024-12-13 12:55:18,073 [INFO] PluginManage:359 - Loaded plugin userauth (category:base,tabindex:14)
2024-12-13 12:55:18,074 [INFO] PluginManage:283 - PluginManage : Loaded plugins [18]
2024-12-13 12:55:18,586 [INFO] PinOutPanel:1561 - setPackage(No Configuration,No Configuration)
2024-12-13 12:55:18,815 [INFO] CADModel:165 - CPN selected for project level
2024-12-13 12:55:18,815 [INFO] CADModel:114 - Register for checkConnection events
2024-12-13 12:55:18,842 [INFO] IPUIPlugin:80 - create IPUIPlugin
2024-12-13 12:55:18,842 [INFO] PluginManager:220 - loadIPPluginJar : add adc
2024-12-13 12:55:18,847 [INFO] IPUIPlugin:80 - create IPUIPlugin
2024-12-13 12:55:18,847 [INFO] PluginManager:220 - loadIPPluginJar : add aes
2024-12-13 12:55:18,854 [INFO] IPUIPlugin:80 - create IPUIPlugin
2024-12-13 12:55:18,854 [INFO] PluginManager:220 - loadIPPluginJar : add can
2024-12-13 12:55:18,857 [INFO] IPUIPlugin:80 - create IPUIPlugin
2024-12-13 12:55:18,858 [INFO] PluginManager:220 - loadIPPluginJar : add comp
2024-12-13 12:55:18,863 [INFO] IPUIPlugin:80 - create IPUIPlugin
2024-12-13 12:55:18,864 [INFO] PluginManager:220 - loadIPPluginJar : add cryp
2024-12-13 12:55:18,870 [INFO] IPUIPlugin:80 - create IPUIPlugin
2024-12-13 12:55:18,870 [INFO] PluginManager:220 - loadIPPluginJar : add ddr_ctrl_phy
2024-12-13 12:55:18,882 [INFO] IPUIPlugin:80 - create IPUIPlugin
2024-12-13 12:55:18,882 [INFO] PluginManager:220 - loadIPPluginJar : add dfsdm
2024-12-13 12:55:18,896 [INFO] IPUIPlugin:80 - create IPUIPlugin
2024-12-13 12:55:18,897 [INFO] PluginManager:220 - loadIPPluginJar : add dma
2024-12-13 12:55:18,906 [INFO] IPUIPlugin:80 - create IPUIPlugin
2024-12-13 12:55:18,907 [INFO] PluginManager:220 - loadIPPluginJar : add dma3
2024-12-13 12:55:18,913 [INFO] IPUIPlugin:80 - create IPUIPlugin
2024-12-13 12:55:18,913 [INFO] PluginManager:220 - loadIPPluginJar : add extmemmanager
2024-12-13 12:55:18,917 [INFO] IPUIPlugin:80 - create IPUIPlugin
2024-12-13 12:55:18,917 [INFO] PluginManager:220 - loadIPPluginJar : add fatfs
2024-12-13 12:55:18,936 [INFO] IPUIPlugin:80 - create IPUIPlugin
2024-12-13 12:55:18,937 [INFO] PluginManager:220 - loadIPPluginJar : add fmc
2024-12-13 12:55:18,955 [INFO] IPUIPlugin:80 - create IPUIPlugin
2024-12-13 12:55:18,955 [INFO] PluginManager:220 - loadIPPluginJar : add freertos
2024-12-13 12:55:18,961 [INFO] IPUIPlugin:80 - create IPUIPlugin
2024-12-13 12:55:18,962 [INFO] PluginManager:220 - loadIPPluginJar : add genericplugin
2024-12-13 12:55:18,970 [INFO] IPUIPlugin:80 - create IPUIPlugin
2024-12-13 12:55:18,971 [INFO] PluginManager:220 - loadIPPluginJar : add gfxmmu
2024-12-13 12:55:18,983 [INFO] IPUIPlugin:80 - create IPUIPlugin
2024-12-13 12:55:18,983 [INFO] PluginManager:220 - loadIPPluginJar : add gic
2024-12-13 12:55:18,995 [INFO] IPUIPlugin:80 - create IPUIPlugin
2024-12-13 12:55:18,996 [INFO] PluginManager:220 - loadIPPluginJar : add gpio
2024-12-13 12:55:19,004 [INFO] IPUIPlugin:80 - create IPUIPlugin
2024-12-13 12:55:19,004 [INFO] PluginManager:220 - loadIPPluginJar : add gtzc
2024-12-13 12:55:19,012 [INFO] IPUIPlugin:80 - create IPUIPlugin
2024-12-13 12:55:19,012 [INFO] PluginManager:220 - loadIPPluginJar : add hash
2024-12-13 12:55:19,023 [INFO] IPUIPlugin:80 - create IPUIPlugin
2024-12-13 12:55:19,024 [INFO] PluginManager:220 - loadIPPluginJar : add i2c
2024-12-13 12:55:19,032 [INFO] IPUIPlugin:80 - create IPUIPlugin
2024-12-13 12:55:19,032 [INFO] PluginManager:220 - loadIPPluginJar : add i2s
2024-12-13 12:55:19,042 [INFO] IPUIPlugin:80 - create IPUIPlugin
2024-12-13 12:55:19,042 [INFO] PluginManager:220 - loadIPPluginJar : add i3c
2024-12-13 12:55:19,057 [INFO] IPUIPlugin:80 - create IPUIPlugin
2024-12-13 12:55:19,058 [INFO] PluginManager:220 - loadIPPluginJar : add ipddr
2024-12-13 12:55:19,081 [INFO] IPUIPlugin:80 - create IPUIPlugin
2024-12-13 12:55:19,083 [INFO] PluginManager:220 - loadIPPluginJar : add linkedlist
2024-12-13 12:55:19,094 [INFO] IPUIPlugin:80 - create IPUIPlugin
2024-12-13 12:55:19,094 [INFO] PluginManager:220 - loadIPPluginJar : add lorawan
2024-12-13 12:55:19,098 [INFO] IPUIPlugin:80 - create IPUIPlugin
2024-12-13 12:55:19,098 [INFO] PluginManager:220 - loadIPPluginJar : add ltdc
2024-12-13 12:55:19,115 [INFO] IPUIPlugin:80 - create IPUIPlugin
2024-12-13 12:55:19,115 [INFO] PluginManager:220 - loadIPPluginJar : add mdma
2024-12-13 12:55:19,123 [INFO] IPUIPlugin:80 - create IPUIPlugin
2024-12-13 12:55:19,124 [INFO] PluginManager:220 - loadIPPluginJar : add nvic
2024-12-13 12:55:19,130 [INFO] IPUIPlugin:80 - create IPUIPlugin
2024-12-13 12:55:19,131 [INFO] PluginManager:220 - loadIPPluginJar : add opamp
2024-12-13 12:55:19,139 [INFO] IPUIPlugin:80 - create IPUIPlugin
2024-12-13 12:55:19,139 [INFO] PluginManager:220 - loadIPPluginJar : add openamp
2024-12-13 12:55:19,147 [INFO] IPUIPlugin:80 - create IPUIPlugin
2024-12-13 12:55:19,147 [INFO] PluginManager:220 - loadIPPluginJar : add pdm2pcm
2024-12-13 12:55:19,167 [INFO] IPUIPlugin:80 - create IPUIPlugin
2024-12-13 12:55:19,177 [INFO] PluginManager:220 - loadIPPluginJar : add plateformsettings
2024-12-13 12:55:19,182 [INFO] IPUIPlugin:80 - create IPUIPlugin
2024-12-13 12:55:19,182 [INFO] PluginManager:220 - loadIPPluginJar : add quadspi
2024-12-13 12:55:19,187 [INFO] IPUIPlugin:80 - create IPUIPlugin
2024-12-13 12:55:19,188 [INFO] PluginManager:220 - loadIPPluginJar : add radio
2024-12-13 12:55:19,197 [INFO] IPUIPlugin:80 - create IPUIPlugin
2024-12-13 12:55:19,197 [INFO] PluginManager:220 - loadIPPluginJar : add resmgrutility
2024-12-13 12:55:19,203 [INFO] IPUIPlugin:80 - create IPUIPlugin
2024-12-13 12:55:19,203 [INFO] PluginManager:220 - loadIPPluginJar : add sai
2024-12-13 12:55:19,214 [INFO] IPUIPlugin:80 - create IPUIPlugin
2024-12-13 12:55:19,214 [INFO] PluginManager:220 - loadIPPluginJar : add spi
2024-12-13 12:55:19,225 [INFO] IPUIPlugin:80 - create IPUIPlugin
2024-12-13 12:55:19,226 [INFO] PluginManager:220 - loadIPPluginJar : add stm32_wpan
2024-12-13 12:55:19,231 [INFO] IPUIPlugin:80 - create IPUIPlugin
2024-12-13 12:55:19,231 [INFO] PluginManager:220 - loadIPPluginJar : add tim
2024-12-13 12:55:19,238 [INFO] IPUIPlugin:80 - create IPUIPlugin
2024-12-13 12:55:19,239 [INFO] PluginManager:220 - loadIPPluginJar : add touchsensing
2024-12-13 12:55:19,244 [INFO] IPUIPlugin:80 - create IPUIPlugin
2024-12-13 12:55:19,244 [INFO] PluginManager:220 - loadIPPluginJar : add tracer_emb
2024-12-13 12:55:19,248 [INFO] IPUIPlugin:80 - create IPUIPlugin
2024-12-13 12:55:19,248 [INFO] PluginManager:220 - loadIPPluginJar : add ts
2024-12-13 12:55:19,253 [INFO] IPUIPlugin:80 - create IPUIPlugin
2024-12-13 12:55:19,253 [INFO] PluginManager:220 - loadIPPluginJar : add tsc
2024-12-13 12:55:19,257 [INFO] IPUIPlugin:80 - create IPUIPlugin
2024-12-13 12:55:19,257 [INFO] PluginManager:220 - loadIPPluginJar : add ucpd
2024-12-13 12:55:19,263 [INFO] IPUIPlugin:80 - create IPUIPlugin
2024-12-13 12:55:19,264 [INFO] PluginManager:220 - loadIPPluginJar : add usart
2024-12-13 12:55:19,270 [INFO] IPUIPlugin:80 - create IPUIPlugin
2024-12-13 12:55:19,270 [INFO] PluginManager:220 - loadIPPluginJar : add usbx
2024-12-13 12:55:19,479 [INFO] CADModel:165 - CPN selected for project level
2024-12-13 12:55:19,479 [INFO] CADModel:114 - Register for checkConnection events
2024-12-13 12:55:19,480 [FATAL] Updater:334 - Updater called before beeing initialized
2024-12-13 12:55:19,480 [ERROR] CADModel:125 - Updater not yet initialized, retry later 
2024-12-13 12:55:19,812 [INFO] CADModel:165 - CPN selected for project level
2024-12-13 12:55:19,812 [INFO] CADModel:114 - Register for checkConnection events
2024-12-13 12:55:19,812 [FATAL] Updater:334 - Updater called before beeing initialized
2024-12-13 12:55:19,813 [ERROR] CADModel:125 - Updater not yet initialized, retry later 
2024-12-13 12:55:19,817 [FATAL] Updater:334 - Updater called before beeing initialized
2024-12-13 12:55:20,030 [FATAL] Updater:334 - Updater called before beeing initialized
2024-12-13 12:55:20,037 [INFO] DbMcusAds:53 - JSON generation date=Fri Sep 20 15:04:23 CEST 2024 (1726837463113)
2024-12-13 12:55:20,038 [FATAL] Updater:334 - Updater called before beeing initialized
2024-12-13 12:55:20,143 [WARN] DetailPanel:346 - Failed to get advertising image, set to default
2024-12-13 12:55:20,334 [FATAL] Updater:334 - Updater called before beeing initialized
2024-12-13 12:55:20,337 [FATAL] Updater:334 - Updater called before beeing initialized
2024-12-13 12:55:20,338 [FATAL] Updater:334 - Updater called before beeing initialized
2024-12-13 12:55:20,338 [WARN] DetailPanel:346 - Failed to get advertising image, set to default
2024-12-13 12:55:20,341 [FATAL] Updater:334 - Updater called before beeing initialized
2024-12-13 12:55:20,540 [ERROR] Updater:1164 - MainUpdater not yet initialized. External WinMGr cannot be set.
2024-12-13 12:55:20,544 [INFO] Updater:1100 - Updater Version found : 6.12.1
2024-12-13 12:55:20,577 [INFO] ApplicationProperties:184 - Using Application install path: C:\ST\STM32CubeIDE_1.16.1\STM32CubeIDE\plugins\com.st.stm32cube.common.mx_6.12.1.202409122256
2024-12-13 12:55:20,672 [INFO] ThirdPartyUpdaterWithRetryManager:70 - Updater plugin not ready yet. [2/15]
2024-12-13 12:55:21,144 [INFO] MainUpdater:2873 - connection check result : 10
2024-12-13 12:55:21,146 [INFO] MainUpdater:290 - Updater Check For Update Now.
2024-12-13 12:55:21,146 [INFO] MicroXplorer:498 - Change Database Version : DB.6.0.121
2024-12-13 12:55:21,167 [INFO] McuFinderGlobals:63 - Set McuFinder mode to 2 (CubeIDE integrated)
2024-12-13 12:55:21,171 [INFO] UserAuth:417 - Internet connection configuration mode: 1
2024-12-13 12:55:21,227 [INFO] JxBrowserEngine:152 - Initiate JxBrowser Engine with user profile folder
2024-12-13 12:55:21,453 [INFO] CheckServerUpdateThread:120 - End of CheckServer Thread
2024-12-13 12:55:23,255 [INFO] WebApp:167 - Instantiating new browser for Auth
2024-12-13 12:55:24,310 [WARN] PackLoader:240 - Cannot read IP mode file for STMicroelectronics.FP-SNS-MOTENVWB1.1.4.0
2024-12-13 12:55:24,335 [WARN] PackLoader:240 - Cannot read IP mode file for STMicroelectronics.FP-ATR-ASTRA1.2.0.1
2024-12-13 12:55:24,353 [WARN] PackLoader:240 - Cannot read IP mode file for STMicroelectronics.X-CUBE-SMBUS.2.1.0
2024-12-13 12:55:24,372 [WARN] PackLoader:240 - Cannot read IP mode file for STMicroelectronics.X-CUBE-WB05N.1.1.0
2024-12-13 12:55:24,462 [WARN] PackLoader:240 - Cannot read IP mode file for STMicroelectronics.X-CUBE-AZRTOS-F7.1.1.0
2024-12-13 12:55:24,628 [WARN] PackLoader:240 - Cannot read IP mode file for STMicroelectronics.X-CUBE-MEMS1.11.0.0
2024-12-13 12:55:25,393 [WARN] PackLoader:240 - Cannot read IP mode file for STMicroelectronics.FP-SNS-FLIGHT1.5.0.2
2024-12-13 12:55:25,501 [WARN] PackLoader:240 - Cannot read IP mode file for Infineon.AIROC-Wi-Fi-Bluetooth-STM32.1.7.0
2024-12-13 12:55:25,559 [WARN] PackLoader:240 - Cannot read IP mode file for STMicroelectronics.X-CUBE-DISPLAY.3.0.0
2024-12-13 12:55:25,582 [WARN] PackLoader:240 - Cannot read IP mode file for STMicroelectronics.X-CUBE-BLE1.7.0.0
2024-12-13 12:55:25,601 [WARN] PackLoader:240 - Cannot read IP mode file for STMicroelectronics.X-CUBE-NFC10.1.0.0
2024-12-13 12:55:25,726 [WARN] PackLoader:240 - Cannot read IP mode file for STMicroelectronics.X-CUBE-BLEMGR.4.0.0
2024-12-13 12:55:25,744 [WARN] PackLoader:240 - Cannot read IP mode file for emotas.I-CUBE-CANOPEN.1.3.0
2024-12-13 12:55:25,755 [WARN] PackLoader:240 - Cannot read IP mode file for STMicroelectronics.FP-SNS-SMARTAG2.1.2.0
2024-12-13 12:55:25,775 [INFO] LogOutputStream:77 - [STDOUT_REDIRECT] 1 : Invalid condition id : UX_CORESTACK_Condition cause : null
2024-12-13 12:55:25,776 [INFO] LogOutputStream:77 - [STDOUT_REDIRECT] 1 : Invalid condition id : UX_CORESTACK_Condition cause : null
2024-12-13 12:55:25,781 [INFO] LogOutputStream:77 - [STDOUT_REDIRECT] 1 : Invalid condition id : UX_CORESTACK_Condition cause : null
2024-12-13 12:55:25,786 [INFO] LogOutputStream:77 - [STDOUT_REDIRECT] 1 : Invalid condition id : UX_CORESTACK_Condition cause : null
2024-12-13 12:55:25,790 [INFO] LogOutputStream:77 - [STDOUT_REDIRECT] 1 : Invalid condition id : UX_CORESTACK_Condition cause : null
2024-12-13 12:55:25,796 [WARN] PackLoader:240 - Cannot read IP mode file for STMicroelectronics.X-CUBE-AZRTOS-WL.2.0.0
2024-12-13 12:55:25,813 [WARN] PackLoader:240 - Cannot read IP mode file for STMicroelectronics.FP-SNS-MOTENV1.5.0.0
2024-12-13 12:55:25,822 [WARN] PackLoader:240 - Cannot read IP mode file for wolfSSL.I-CUBE-wolfMQTT.1.19.0
2024-12-13 12:55:25,839 [WARN] PackLoader:240 - Cannot read IP mode file for WES.I-CUBE-Cesium.1.3.0
2024-12-13 12:55:25,851 [WARN] PackLoader:240 - Cannot read IP mode file for STMicroelectronics.X-CUBE-BLE2.3.3.0
2024-12-13 12:55:25,864 [WARN] PackLoader:240 - Cannot read IP mode file for STMicroelectronics.X-CUBE-NFC9.1.0.0
2024-12-13 12:55:25,878 [WARN] PackLoader:240 - Cannot read IP mode file for STMicroelectronics.X-CUBE-TCPP.4.1.0
2024-12-13 12:55:25,910 [WARN] PackLoader:240 - Cannot read IP mode file for STMicroelectronics.X-CUBE-AZRTOS-G0.1.1.0
2024-12-13 12:55:25,930 [WARN] PackLoader:240 - Cannot read IP mode file for STMicroelectronics.X-CUBE-SAFEA1.1.2.2
2024-12-13 12:55:25,952 [WARN] PackLoader:240 - Cannot read IP mode file for STMicroelectronics.X-CUBE-NFC4.3.0.0
2024-12-13 12:55:25,972 [WARN] PackLoader:240 - Cannot read IP mode file for EmbeddedOffice.I-CUBE-FS-RTOS.1.0.1
2024-12-13 12:55:25,973 [ERROR] ConditionMgr:805 - Attr not supported : Dmpu
2024-12-13 12:55:25,973 [ERROR] ConditionMgr:805 - Attr not supported : Dmpu
2024-12-13 12:55:25,974 [ERROR] ConditionMgr:805 - Attr not supported : Dmpu
2024-12-13 12:55:25,974 [ERROR] ConditionMgr:805 - Attr not supported : Dmpu
2024-12-13 12:55:25,974 [ERROR] ConditionMgr:805 - Attr not supported : Dmpu
2024-12-13 12:55:25,974 [ERROR] ConditionMgr:805 - Attr not supported : Dmpu
2024-12-13 12:55:25,974 [ERROR] ConditionMgr:805 - Attr not supported : Dmpu
2024-12-13 12:55:25,974 [ERROR] ConditionMgr:805 - Attr not supported : Dmpu
2024-12-13 12:55:25,974 [ERROR] ConditionMgr:805 - Attr not supported : Dmpu
2024-12-13 12:55:25,975 [ERROR] ConditionMgr:805 - Attr not supported : Dmpu
2024-12-13 12:55:25,975 [ERROR] ConditionMgr:805 - Attr not supported : Dmpu
2024-12-13 12:55:25,975 [ERROR] ConditionMgr:805 - Attr not supported : Dmpu
2024-12-13 12:55:25,976 [ERROR] ConditionMgr:805 - Attr not supported : Dmpu
2024-12-13 12:55:25,976 [ERROR] ConditionMgr:805 - Attr not supported : Dmpu
2024-12-13 12:55:25,976 [ERROR] ConditionMgr:805 - Attr not supported : Dmpu
2024-12-13 12:55:25,976 [ERROR] ConditionMgr:805 - Attr not supported : Dmpu
2024-12-13 12:55:25,976 [ERROR] ConditionMgr:805 - Attr not supported : Dmpu
2024-12-13 12:55:25,977 [ERROR] ConditionMgr:805 - Attr not supported : Dmpu
2024-12-13 12:55:25,977 [ERROR] ConditionMgr:805 - Attr not supported : Dmpu
2024-12-13 12:55:25,977 [ERROR] ConditionMgr:805 - Attr not supported : Dmpu
2024-12-13 12:55:25,977 [ERROR] ConditionMgr:805 - Attr not supported : Dmpu
2024-12-13 12:55:25,977 [ERROR] ConditionMgr:805 - Attr not supported : Dmpu
2024-12-13 12:55:25,977 [ERROR] ConditionMgr:805 - Attr not supported : Dmpu
2024-12-13 12:55:25,977 [ERROR] ConditionMgr:805 - Attr not supported : Dmpu
2024-12-13 12:55:25,978 [ERROR] ConditionMgr:805 - Attr not supported : Dmpu
2024-12-13 12:55:25,978 [ERROR] ConditionMgr:805 - Attr not supported : Dmpu
2024-12-13 12:55:25,978 [ERROR] ConditionMgr:805 - Attr not supported : Dmpu
2024-12-13 12:55:25,978 [ERROR] ConditionMgr:805 - Attr not supported : Dmpu
2024-12-13 12:55:25,978 [ERROR] ConditionMgr:805 - Attr not supported : Dmpu
2024-12-13 12:55:25,979 [ERROR] ConditionMgr:805 - Attr not supported : Dmpu
2024-12-13 12:55:25,979 [ERROR] ConditionMgr:805 - Attr not supported : Dmpu
2024-12-13 12:55:25,979 [ERROR] ConditionMgr:805 - Attr not supported : Dmpu
2024-12-13 12:55:25,979 [ERROR] ConditionMgr:805 - Attr not supported : Dmpu
2024-12-13 12:55:25,979 [ERROR] ConditionMgr:805 - Attr not supported : Dmpu
2024-12-13 12:55:25,979 [ERROR] ConditionMgr:805 - Attr not supported : Dmpu
2024-12-13 12:55:25,980 [ERROR] ConditionMgr:805 - Attr not supported : Dmpu
2024-12-13 12:55:25,980 [ERROR] ConditionMgr:805 - Attr not supported : Dmpu
2024-12-13 12:55:25,980 [ERROR] ConditionMgr:805 - Attr not supported : Dmpu
2024-12-13 12:55:25,980 [ERROR] ConditionMgr:805 - Attr not supported : Dmpu
2024-12-13 12:55:25,980 [ERROR] ConditionMgr:805 - Attr not supported : Dmpu
2024-12-13 12:55:25,981 [ERROR] ConditionMgr:805 - Attr not supported : Dmpu
2024-12-13 12:55:25,981 [ERROR] ConditionMgr:805 - Attr not supported : Dmpu
2024-12-13 12:55:25,981 [ERROR] ConditionMgr:805 - Attr not supported : Dmpu
2024-12-13 12:55:25,981 [ERROR] ConditionMgr:805 - Attr not supported : Dmpu
2024-12-13 12:55:25,981 [ERROR] ConditionMgr:805 - Attr not supported : Dmpu
2024-12-13 12:55:25,981 [ERROR] ConditionMgr:805 - Attr not supported : Dmpu
2024-12-13 12:55:25,982 [ERROR] ConditionMgr:805 - Attr not supported : Dmpu
2024-12-13 12:55:25,982 [ERROR] ConditionMgr:805 - Attr not supported : Dmpu
2024-12-13 12:55:25,982 [ERROR] ConditionMgr:805 - Attr not supported : Dmpu
2024-12-13 12:55:25,982 [ERROR] ConditionMgr:805 - Attr not supported : Dmpu
2024-12-13 12:55:25,983 [ERROR] ConditionMgr:805 - Attr not supported : Dmpu
2024-12-13 12:55:25,983 [ERROR] ConditionMgr:805 - Attr not supported : Dmpu
2024-12-13 12:55:25,983 [ERROR] ConditionMgr:805 - Attr not supported : Dmpu
2024-12-13 12:55:25,983 [ERROR] ConditionMgr:805 - Attr not supported : Dmpu
2024-12-13 12:55:25,983 [ERROR] ConditionMgr:805 - Attr not supported : Dmpu
2024-12-13 12:55:25,984 [ERROR] ConditionMgr:805 - Attr not supported : Dmpu
2024-12-13 12:55:25,984 [ERROR] ConditionMgr:805 - Attr not supported : Dmpu
2024-12-13 12:55:25,984 [ERROR] ConditionMgr:805 - Attr not supported : Dmpu
2024-12-13 12:55:25,984 [ERROR] ConditionMgr:805 - Attr not supported : Dmpu
2024-12-13 12:55:25,985 [ERROR] ConditionMgr:805 - Attr not supported : Dmpu
2024-12-13 12:55:25,985 [ERROR] ConditionMgr:805 - Attr not supported : Dmpu
2024-12-13 12:55:25,985 [ERROR] ConditionMgr:805 - Attr not supported : Dmpu
2024-12-13 12:55:25,985 [ERROR] ConditionMgr:805 - Attr not supported : Dmpu
2024-12-13 12:55:25,985 [ERROR] ConditionMgr:805 - Attr not supported : Dmpu
2024-12-13 12:55:25,996 [WARN] PackLoader:240 - Cannot read IP mode file for RealThread.X-CUBE-RT-Thread_Nano.4.1.1
2024-12-13 12:55:26,006 [WARN] PackLoader:240 - Cannot read IP mode file for STMicroelectronics.FP-ATR-SIGFOX1.3.2.0
2024-12-13 12:55:26,015 [WARN] ConditionMgr:438 - getConditionDescription Invalid condition id : Cortex-A Device cause : null
2024-12-13 12:55:26,038 [WARN] ConditionMgr:1039 - genDependencies : Invalid condition id : Cortex-A Device cause : null
2024-12-13 12:55:26,038 [WARN] ConditionMgr:1039 - genDependencies : Invalid condition id : Cortex-A Device cause : null
2024-12-13 12:55:26,038 [WARN] ConditionMgr:1039 - genDependencies : Invalid condition id : Cortex-A Device cause : null
2024-12-13 12:55:26,070 [WARN] PackLoader:240 - Cannot read IP mode file for STMicroelectronics.X-CUBE-EEPRMA1.5.1.0
2024-12-13 12:55:26,082 [WARN] PackLoader:240 - Cannot read IP mode file for wolfSSL.I-CUBE-wolfSSL.5.7.4
2024-12-13 12:55:26,095 [WARN] PackLoader:240 - Cannot read IP mode file for ITTIA_DB.I-CUBE-ITTIADB.8.9.0
2024-12-13 12:55:26,201 [WARN] PackLoader:240 - Cannot read IP mode file for SEGGER.I-CUBE-embOS.1.3.1
2024-12-13 12:55:26,316 [WARN] PackLoader:240 - Cannot read IP mode file for STMicroelectronics.X-CUBE-ALGOBUILD.1.4.0
2024-12-13 12:55:26,340 [WARN] PackLoader:240 - Cannot read IP mode file for STMicroelectronics.X-CUBE-AI.9.1.0
2024-12-13 12:55:26,371 [WARN] PackLoader:240 - Cannot read IP mode file for STMicroelectronics.X-CUBE-AZRTOS-F4.1.1.0
2024-12-13 12:55:26,385 [WARN] PackLoader:240 - Cannot read IP mode file for STMicroelectronics.X-CUBE-ISPU.2.1.0
2024-12-13 12:55:26,396 [WARN] PackLoader:240 - Cannot read IP mode file for STMicroelectronics.X-CUBE-FREERTOS.1.2.0
2024-12-13 12:55:26,430 [WARN] PackLoader:240 - Cannot read IP mode file for STMicroelectronics.X-CUBE-AZRTOS-L5.2.0.0
2024-12-13 12:55:26,485 [WARN] PackLoader:240 - Cannot read IP mode file for STMicroelectronics.X-CUBE-NFC6.3.1.0
2024-12-13 12:55:26,500 [WARN] PackLoader:240 - Cannot read IP mode file for STMicroelectronics.X-CUBE-DPower.1.2.0
2024-12-13 12:55:26,511 [WARN] PackLoader:240 - Cannot read IP mode file for STMicroelectronics.X-CUBE-NFC7.1.0.1
2024-12-13 12:55:26,575 [WARN] ConditionMgr:438 - getConditionDescription Invalid condition id : LAN8742 Phy interface Condition cause : null
2024-12-13 12:55:26,576 [WARN] PackLoader:240 - Cannot read IP mode file for STMicroelectronics.X-CUBE-AZRTOS-L4.2.0.0
2024-12-13 12:55:26,579 [WARN] ConditionMgr:1039 - genDependencies : Invalid condition id : LAN8742 Phy interface Condition cause : null
2024-12-13 12:55:26,581 [WARN] ConditionMgr:1039 - genDependencies : Invalid condition id : LAN8742 Phy interface Condition cause : null
2024-12-13 12:55:26,584 [WARN] ConditionMgr:1039 - genDependencies : Invalid condition id : LAN8742 Phy interface Condition cause : null
2024-12-13 12:55:26,615 [WARN] PackLoader:240 - Cannot read IP mode file for STMicroelectronics.X-CUBE-SFXS2LP1.4.0.0
2024-12-13 12:55:26,662 [WARN] PackLoader:240 - Cannot read IP mode file for STMicroelectronics.X-CUBE-AZRTOS-H7.3.3.0
2024-12-13 12:55:26,691 [WARN] PackLoader:240 - Cannot read IP mode file for STMicroelectronics.X-CUBE-IPS.3.0.0
2024-12-13 12:55:26,753 [WARN] ConditionMgr:438 - getConditionDescription Invalid condition id : UX DEVICE CLASS RTOS Condition cause : null
2024-12-13 12:55:26,753 [WARN] ConditionMgr:438 - getConditionDescription Invalid condition id : UX DEVICE CLASS RTOS Condition cause : null
2024-12-13 12:55:26,759 [WARN] PackLoader:240 - Cannot read IP mode file for STMicroelectronics.X-CUBE-AZRTOS-WB.2.0.0
2024-12-13 12:55:26,760 [WARN] ConditionMgr:1039 - genDependencies : Invalid condition id : UX DEVICE CLASS RTOS Condition cause : null
2024-12-13 12:55:26,760 [WARN] ConditionMgr:1039 - genDependencies : Invalid condition id : UX DEVICE CLASS RTOS Condition cause : null
2024-12-13 12:55:26,761 [WARN] ConditionMgr:1039 - genDependencies : Invalid condition id : UX DEVICE CLASS RTOS Condition cause : null
2024-12-13 12:55:26,762 [WARN] ConditionMgr:1039 - genDependencies : Invalid condition id : UX DEVICE CLASS RTOS Condition cause : null
2024-12-13 12:55:26,762 [WARN] ConditionMgr:1039 - genDependencies : Invalid condition id : UX DEVICE CLASS RTOS Condition cause : null
2024-12-13 12:55:26,774 [WARN] PackLoader:240 - Cannot read IP mode file for STMicroelectronics.X-CUBE-GNSS1.7.0.0
2024-12-13 12:55:26,854 [WARN] PackLoader:240 - Cannot read IP mode file for STMicroelectronics.FP-SNS-STBOX1.2.0.0
2024-12-13 12:55:26,896 [WARN] PackLoader:240 - Cannot read IP mode file for STMicroelectronics.X-CUBE-SUBG2.5.0.0
2024-12-13 12:55:26,915 [WARN] PackLoader:240 - Cannot read IP mode file for Cesanta.I-CUBE-Mongoose.7.13.0
2024-12-13 12:55:26,996 [WARN] PackLoader:240 - Cannot read IP mode file for STMicroelectronics.X-CUBE-AZRTOS-G4.2.0.0
2024-12-13 12:55:27,013 [WARN] PackLoader:240 - Cannot read IP mode file for STMicroelectronics.X-CUBE-ALS.1.0.2
2024-12-13 12:55:27,023 [WARN] PackLoader:240 - Cannot read IP mode file for STMicroelectronics.X-CUBE-TOUCHGFX.4.24.1
2024-12-13 12:55:27,030 [WARN] PackLoader:240 - Cannot read IP mode file for wolfSSL.I-CUBE-wolfTPM.3.4.0
2024-12-13 12:55:27,042 [WARN] PackLoader:240 - Cannot read IP mode file for portGmbH.I-Cube-SoM-uGOAL.1.1.0
2024-12-13 12:55:27,099 [WARN] PackLoader:240 - Cannot read IP mode file for STMicroelectronics.X-CUBE-AZRTOS-H7RS.1.0.0
2024-12-13 12:55:27,131 [WARN] PackLoader:240 - Cannot read IP mode file for STMicroelectronics.X-CUBE-TOF1.3.4.2
2024-12-13 12:55:27,164 [WARN] PackLoader:240 - Cannot read IP mode file for wolfSSL.I-CUBE-wolfSSH.1.4.17
2024-12-13 12:55:27,165 [INFO] ThirdParty:978 - Integrity check success = true
2024-12-13 12:55:27,165 [INFO] IntegrityCheckThread:100 - exiting critical section [integrity check]
2024-12-13 12:55:27,165 [INFO] IntegrityCheckThread:103 - End integrity checks thread
2024-12-13 12:55:27,195 [INFO] WebApp:448 - Apply proxy settings
2024-12-13 12:55:27,195 [INFO] WebApp:533 - Chromium requires no authentication
2024-12-13 12:55:27,219 [INFO] WebApp:476 - Direct internet connection detected
2024-12-13 12:55:27,298 [INFO] WebApp:869 - Register for checkConnection events
2024-12-13 12:55:27,299 [INFO] WebApp:448 - Apply proxy settings
2024-12-13 12:55:27,299 [INFO] WebApp:533 - Chromium requires no authentication
2024-12-13 12:55:27,300 [INFO] WebApp:476 - Direct internet connection detected
2024-12-13 12:55:27,844 [INFO] WebApp:220 - Starting web application
2024-12-13 12:55:27,845 [INFO] WebApp:578 - Web application path used C:\ST\STM32CubeIDE_1.16.1\STM32CubeIDE\plugins\com.st.stm32cube.common.mx_6.12.1.202409122256\db\plugins\mcufinder\reactClient1\index.html
2024-12-13 12:55:28,173 [INFO] UserAuth:417 - Internet connection configuration mode: 1
2024-12-13 12:55:28,659 [INFO] WebApp:186 - Connection restablished
2024-12-13 13:18:10,707 [INFO] WebApp:189 - Connection lost
2024-12-13 13:18:11,323 [INFO] WebApp:186 - Connection restablished
2024-12-13 13:18:35,166 [INFO] WebApp:189 - Connection lost
2024-12-13 13:18:35,422 [INFO] WebApp:186 - Connection restablished
2024-12-13 13:18:37,307 [INFO] WebApp:189 - Connection lost
2024-12-13 13:18:38,051 [INFO] WebApp:186 - Connection restablished
2024-12-13 17:58:00,027 [INFO] WebApp:189 - Connection lost
2024-12-13 17:58:25,535 [INFO] WebApp:186 - Connection restablished
