2024-12-15 11:15:49,806 [INFO] LogOutputStream:77 - [STDOUT_REDIRECT] Nominal 
2024-12-15 11:15:49,886 [INFO] I2cTimingTraitement:330 - 0x30909DEC
2024-12-15 11:15:49,892 [INFO] MicroXplorer:468 - Change Database Path : 
2024-12-15 11:15:49,892 [INFO] MicroXplorer:498 - Change Database Version : DB.6.0.121
2024-12-15 11:15:49,910 [ERROR] ProjectManagerView:394 - 
java.lang.NullPointerException: Cannot invoke "javax.swing.JTextField.getText()" because the return value of "java.util.List.get(int)" is null
	at com.st.microxplorer.plugins.projectmanager.gui.ProjectChoiceTab$10.caretUpdate(ProjectChoiceTab.java:2622) ~[filemanager.jar:?]
	at javax.swing.text.JTextComponent.fireCaretUpdate(JTextComponent.java:412) ~[?:?]
	at javax.swing.text.JTextComponent$MutableCaretEvent.fire(JTextComponent.java:4491) ~[?:?]
	at javax.swing.text.JTextComponent$MutableCaretEvent.stateChanged(JTextComponent.java:4513) ~[?:?]
	at javax.swing.text.DefaultCaret.fireStateChanged(DefaultCaret.java:842) ~[?:?]
	at javax.swing.text.DefaultCaret.changeCaretPosition(DefaultCaret.java:1313) ~[?:?]
	at javax.swing.text.DefaultCaret.handleSetDot(DefaultCaret.java:1212) ~[?:?]
	at javax.swing.text.DefaultCaret.setDot(DefaultCaret.java:1193) ~[?:?]
	at javax.swing.text.DefaultCaret$Handler.insertUpdate(DefaultCaret.java:1789) ~[?:?]
	at javax.swing.text.AbstractDocument.fireInsertUpdate(AbstractDocument.java:226) ~[?:?]
	at javax.swing.text.AbstractDocument.handleInsertString(AbstractDocument.java:780) ~[?:?]
	at javax.swing.text.AbstractDocument.insertString(AbstractDocument.java:739) ~[?:?]
	at javax.swing.text.PlainDocument.insertString(PlainDocument.java:131) ~[?:?]
	at javax.swing.text.AbstractDocument.replace(AbstractDocument.java:698) ~[?:?]
	at javax.swing.text.JTextComponent.setText(JTextComponent.java:1729) ~[?:?]
	at com.st.microxplorer.plugins.projectmanager.gui.ProjectChoiceTab.createHeapStackFields(ProjectChoiceTab.java:972) ~[filemanager.jar:?]
	at com.st.microxplorer.plugins.projectmanager.gui.ProjectChoiceTab.buildLinkSettingsPanel(ProjectChoiceTab.java:3597) ~[filemanager.jar:?]
	at com.st.microxplorer.plugins.projectmanager.gui.ProjectChoiceTab.defineWindowsFields(ProjectChoiceTab.java:1940) ~[filemanager.jar:?]
	at com.st.microxplorer.plugins.projectmanager.gui.ProjectChoiceTab.updateSettings(ProjectChoiceTab.java:550) ~[filemanager.jar:?]
	at com.st.microxplorer.plugins.projectmanager.gui.ProjectSettingsPanel.UpdateDialog(ProjectSettingsPanel.java:245) ~[filemanager.jar:?]
	at com.st.microxplorer.plugins.projectmanager.ProjectManagerView.propertyChange(ProjectManagerView.java:391) ~[filemanager.jar:?]
	at java.beans.PropertyChangeSupport.fire(PropertyChangeSupport.java:343) ~[?:?]
	at java.beans.PropertyChangeSupport.firePropertyChange(PropertyChangeSupport.java:335) ~[?:?]
	at java.beans.PropertyChangeSupport.firePropertyChange(PropertyChangeSupport.java:268) ~[?:?]
	at com.st.microxplorer.util.MXPropertyChangeSupport.firePropertyChange(MXPropertyChangeSupport.java:54) ~[STM32CubeMX.jar:?]
	at com.st.microxplorer.mxsystem.MxSystem.closeConfig(MxSystem.java:900) ~[STM32CubeMX.jar:?]
	at com.st.microxplorer.maingui.MainPanel.closeConfig(MainPanel.java:781) ~[STM32CubeMX.jar:?]
	at com.st.microxplorer.plugins.filemanager.engine.OpenFileManager.loadConfigurationFile(OpenFileManager.java:265) ~[filemanager.jar:?]
	at com.st.microxplorer.plugins.filemanager.engine.MainFileManager.userLoadConfig(MainFileManager.java:352) ~[filemanager.jar:?]
	at com.st.microxplorer.plugins.filemanager.engine.MainFileManager.userLoadConfig(MainFileManager.java:330) ~[filemanager.jar:?]
	at com.st.microxplorer.plugins.filemanager.FileManagerView.getSpecificTask(FileManagerView.java:246) ~[filemanager.jar:?]
	at com.st.stm32cube.common.mx.editor.CubeMxEditor.getMxTabbedPaneInstance(CubeMxEditor.java:1198) ~[com.st.stm32cube.common.mx_6.12.1.202409122256/:?]
	at com.st.stm32cube.common.mx.editor.CubeMxEditor$12$1.createSwingComponent(CubeMxEditor.java:1068) ~[com.st.stm32cube.common.mx_6.12.1.202409122256/:?]
	at com.st.stm32cube.common.mx.oss.core.awtswtbridge.EmbeddedSwingComposite.doComponentCreation(EmbeddedSwingComposite.java:492) ~[com.st.stm32cube.common.mx.oss_6.12.1.202409122256/:?]
	at com.st.stm32cube.common.mx.oss.core.awtswtbridge.EmbeddedSwingComposite$4.run(EmbeddedSwingComposite.java:291) ~[com.st.stm32cube.common.mx.oss_6.12.1.202409122256/:?]
	at com.st.stm32cube.common.mx.oss.core.awtswtbridge.AwtEnvironment$2.run(AwtEnvironment.java:166) ~[com.st.stm32cube.common.mx.oss_6.12.1.202409122256/:?]
	at java.awt.event.InvocationEvent.dispatch(InvocationEvent.java:318) ~[?:?]
	at java.awt.EventQueue.dispatchEventImpl(EventQueue.java:773) ~[?:?]
	at java.awt.EventQueue$4.run(EventQueue.java:720) ~[?:?]
	at java.awt.EventQueue$4.run(EventQueue.java:714) ~[?:?]
	at java.security.AccessController.doPrivileged(AccessController.java:399) ~[?:?]
	at java.security.ProtectionDomain$JavaSecurityAccessImpl.doIntersectionPrivilege(ProtectionDomain.java:86) ~[?:?]
	at java.awt.EventQueue.dispatchEvent(EventQueue.java:742) ~[?:?]
	at java.awt.EventDispatchThread.pumpOneEventForFilters(EventDispatchThread.java:203) ~[?:?]
	at java.awt.EventDispatchThread.pumpEventsForFilter(EventDispatchThread.java:124) ~[?:?]
	at java.awt.EventDispatchThread.pumpEventsForHierarchy(EventDispatchThread.java:113) ~[?:?]
	at java.awt.EventDispatchThread.pumpEvents(EventDispatchThread.java:109) ~[?:?]
	at java.awt.EventDispatchThread.pumpEvents(EventDispatchThread.java:101) ~[?:?]
	at java.awt.EventDispatchThread.run(EventDispatchThread.java:90) ~[?:?]
2024-12-15 11:15:49,914 [WARN] ThirdParty:871 - waiting for thirdparty lock release [close project]
2024-12-15 11:15:49,915 [INFO] ThirdParty:873 - entering critical section [close project]
2024-12-15 11:15:49,915 [INFO] ThirdParty:883 - exiting critical section [close project]
2024-12-15 11:15:49,918 [INFO] PinOutPanel:1561 - setPackage(No Configuration,No Configuration)
2024-12-15 11:15:50,117 [INFO] UtilMem:75 - Begin LoadConfig() Used Memory: 880112528 Bytes (1073741824)
2024-12-15 11:15:50,118 [INFO] MicroXplorer:468 - Change Database Path : 
2024-12-15 11:15:50,119 [INFO] MicroXplorer:498 - Change Database Version : DB.6.0.121
2024-12-15 11:15:50,119 [INFO] OpenFileManager:332 - Change cursor
2024-12-15 11:15:50,142 [INFO] RulesReader:64 - Compatibility file has been processed (297 Rules)
2024-12-15 11:15:50,150 [INFO] Mcu:2032 - Initializing MCU STM32G431C(6-8-B)Ux STM32G431CBUx STM32G431CBU3
2024-12-15 11:15:59,416 [INFO] Context:742 - Trying to add GPIOservice into a context  which must be forbidden
2024-12-15 11:16:00,598 [INFO] RtosManager:555 - Registered RTOS mode: class=CMSIS, group=RTOS, mode=CMSIS_V1, owner=FREERTOS
2024-12-15 11:16:00,598 [INFO] RtosManager:555 - Registered RTOS mode: class=CMSIS, group=RTOS2, mode=CMSIS_V2, owner=FREERTOS
2024-12-15 11:16:00,598 [INFO] RtosManager:555 - Registered RTOS mode: class=RTOS, group=Core, mode=CMSIS_V1, owner=FREERTOS
2024-12-15 11:16:00,598 [INFO] RtosManager:555 - Registered RTOS mode: class=RTOS, group=Core, mode=CMSIS_V2, owner=FREERTOS
2024-12-15 11:16:00,598 [WARN] ModelIntegratedComponent:184 - Missing modes for component STMicroelectronics:FreeRTOS:0.0.1:STMicroelectronics:RTOS:FreeRTOS:Core:::10.2.0:
2024-12-15 11:16:00,611 [WARN] ModelIntegratedComponent:63 - No mode defined for component null
2024-12-15 11:16:00,611 [WARN] ModelIntegratedComponent:63 - No mode defined for component null
2024-12-15 11:16:00,611 [WARN] ModelIntegratedComponent:63 - No mode defined for component null
2024-12-15 11:16:00,611 [WARN] ModelIntegratedComponent:63 - No mode defined for component null
2024-12-15 11:16:00,611 [WARN] ModelIntegratedComponent:63 - No mode defined for component null
2024-12-15 11:16:00,612 [WARN] ModelIntegratedComponent:63 - No mode defined for component null
2024-12-15 11:16:00,612 [WARN] ModelIntegratedComponent:63 - No mode defined for component null
2024-12-15 11:16:00,612 [WARN] ModelIntegratedComponent:63 - No mode defined for component null
2024-12-15 11:16:00,612 [WARN] ModelIntegratedComponent:63 - No mode defined for component null
2024-12-15 11:16:00,612 [WARN] ModelIntegratedComponent:63 - No mode defined for component null
2024-12-15 11:16:00,612 [WARN] ModelIntegratedComponent:63 - No mode defined for component null
2024-12-15 11:16:00,612 [WARN] ModelIntegratedComponent:63 - No mode defined for component null
2024-12-15 11:16:00,612 [WARN] ModelIntegratedComponent:63 - No mode defined for component null
2024-12-15 11:16:00,612 [WARN] ModelIntegratedComponent:63 - No mode defined for component null
2024-12-15 11:16:00,612 [WARN] ModelIntegratedComponent:63 - No mode defined for component null
2024-12-15 11:16:00,612 [WARN] ModelIntegratedComponent:63 - No mode defined for component null
2024-12-15 11:16:00,612 [WARN] ModelIntegratedComponent:63 - No mode defined for component null
2024-12-15 11:16:00,612 [WARN] ModelIntegratedComponent:63 - No mode defined for component null
2024-12-15 11:16:00,612 [WARN] ModelIntegratedComponent:63 - No mode defined for component null
2024-12-15 11:16:00,612 [WARN] ModelIntegratedComponent:63 - No mode defined for component null
2024-12-15 11:16:00,612 [WARN] ModelIntegratedComponent:63 - No mode defined for component null
2024-12-15 11:16:00,613 [WARN] ModelIntegratedComponent:63 - No mode defined for component null
2024-12-15 11:16:00,613 [WARN] ModelIntegratedComponent:63 - No mode defined for component null
2024-12-15 11:16:00,613 [WARN] ModelIntegratedComponent:63 - No mode defined for component null
2024-12-15 11:16:00,613 [WARN] ModelIntegratedComponent:63 - No mode defined for component null
2024-12-15 11:16:00,613 [WARN] ModelIntegratedComponent:63 - No mode defined for component null
2024-12-15 11:16:00,613 [WARN] ModelIntegratedComponent:63 - No mode defined for component null
2024-12-15 11:16:00,613 [WARN] ModelIntegratedComponent:63 - No mode defined for component null
2024-12-15 11:16:00,613 [WARN] ModelIntegratedComponent:63 - No mode defined for component null
2024-12-15 11:16:00,613 [WARN] ModelIntegratedComponent:63 - No mode defined for component null
2024-12-15 11:16:00,613 [WARN] ModelIntegratedComponent:63 - No mode defined for component null
2024-12-15 11:16:00,613 [WARN] ModelIntegratedComponent:63 - No mode defined for component null
2024-12-15 11:16:00,613 [WARN] ModelIntegratedComponent:63 - No mode defined for component null
2024-12-15 11:16:00,613 [WARN] ModelIntegratedComponent:63 - No mode defined for component null
2024-12-15 11:16:00,613 [WARN] ModelIntegratedComponent:63 - No mode defined for component null
2024-12-15 11:16:00,613 [WARN] ModelPack:524 - Component already loaded: STMicroelectronics:HAL Drivers:0.0.0:STMicroelectronics:Device:STMicro_Driver:XSPI:HAL::0.0.1:HAL_XSPI
2024-12-15 11:16:00,646 [INFO] ThirdPartyModel:298 - Start build external matchings
2024-12-15 11:16:01,449 [INFO] ThirdPartyModel:316 - End build external matchings
2024-12-15 11:16:01,480 [WARN] IP:2191 - MessageRAMOffset not found: check if there is a RefParameter without a condition.
2024-12-15 11:16:01,481 [WARN] IP:2191 - RxFifo0ElmtsNbr not found: check if there is a RefParameter without a condition.
2024-12-15 11:16:01,481 [WARN] IP:2191 - RxFifo0ElmtSize not found: check if there is a RefParameter without a condition.
2024-12-15 11:16:01,481 [WARN] IP:2191 - RxFifo1ElmtsNbr not found: check if there is a RefParameter without a condition.
2024-12-15 11:16:01,481 [WARN] IP:2191 - RxFifo1ElmtSize not found: check if there is a RefParameter without a condition.
2024-12-15 11:16:01,481 [WARN] IP:2191 - RxBuffersNbr not found: check if there is a RefParameter without a condition.
2024-12-15 11:16:01,481 [WARN] IP:2191 - RxBufferSize not found: check if there is a RefParameter without a condition.
2024-12-15 11:16:01,481 [WARN] IP:2191 - TxEventsNbr not found: check if there is a RefParameter without a condition.
2024-12-15 11:16:01,481 [WARN] IP:2191 - TxBuffersNbr not found: check if there is a RefParameter without a condition.
2024-12-15 11:16:01,481 [WARN] IP:2191 - TxFifoQueueElmtsNbr not found: check if there is a RefParameter without a condition.
2024-12-15 11:16:01,481 [WARN] IP:2191 - TxElmtSize not found: check if there is a RefParameter without a condition.
2024-12-15 11:16:01,481 [WARN] IP:2191 - ClockCalibrationCCU not found: check if there is a RefParameter without a condition.
2024-12-15 11:16:01,481 [WARN] IP:2191 - ClockDividerCCU not found: check if there is a RefParameter without a condition.
2024-12-15 11:16:01,482 [WARN] IP:2191 - MinOscClkPeriodsCCU not found: check if there is a RefParameter without a condition.
2024-12-15 11:16:01,482 [WARN] IP:2191 - TimeQuantaPerBitTimeCCU not found: check if there is a RefParameter without a condition.
2024-12-15 11:16:01,482 [WARN] IP:2191 - WatchdogStartValueCCU not found: check if there is a RefParameter without a condition.
2024-12-15 11:16:01,487 [INFO] ImportTextPane:205 - (OptionalMessage_ERROR) IP (RCC) : Invalid parameter (FamilyName)
2024-12-15 11:16:02,477 [INFO] UtilMem:75 - End LoadConfig() Used Memory: 865114056 Bytes (1073741824)
2024-12-15 11:16:03,020 [WARN] ThirdParty:833 - waiting for thirdparty lock release [change project]
2024-12-15 11:16:03,021 [INFO] ThirdParty:835 - entering critical section [change project]
2024-12-15 11:16:03,021 [INFO] ThirdParty:1030 - CMSIS Pack Vendor :STMicroelectronics USBPD 4.1
2024-12-15 11:16:03,021 [INFO] ThirdParty:1030 - CMSIS Pack Vendor :STMicroelectronics X-CUBE-AZRTOS-H7 3.3.0
2024-12-15 11:16:03,021 [INFO] ThirdParty:1030 - CMSIS Pack Vendor :STMicroelectronics X-CUBE-NFC9 1.0.0
2024-12-15 11:16:03,021 [INFO] ThirdParty:1030 - CMSIS Pack Vendor :STMicroelectronics USB_HOST 2.0.0
2024-12-15 11:16:03,021 [INFO] ThirdParty:1030 - CMSIS Pack Vendor :STMicroelectronics FP-SNS-MOTENVWB1 1.4.0
2024-12-15 11:16:03,021 [INFO] ThirdParty:1030 - CMSIS Pack Vendor :STMicroelectronics X-CUBE-AZRTOS-F4 1.1.0
2024-12-15 11:16:03,021 [INFO] ThirdParty:1030 - CMSIS Pack Vendor :STMicroelectronics LIBJPEG 8.0.0
2024-12-15 11:16:03,021 [INFO] ThirdParty:1030 - CMSIS Pack Vendor :STMicroelectronics FP-ATR-ASTRA1 2.0.1
2024-12-15 11:16:03,021 [INFO] ThirdParty:1030 - CMSIS Pack Vendor :STMicroelectronics X-CUBE-SMBUS 2.1.0
2024-12-15 11:16:03,021 [INFO] ThirdParty:1030 - CMSIS Pack Vendor :STMicroelectronics X-CUBE-WB05N 1.1.0
2024-12-15 11:16:03,021 [INFO] ThirdParty:1030 - CMSIS Pack Vendor :STMicroelectronics USB_DEVICE 3.0.0
2024-12-15 11:16:03,021 [INFO] ThirdParty:1030 - CMSIS Pack Vendor :STMicroelectronics X-CUBE-TCPP 4.1.0
2024-12-15 11:16:03,021 [INFO] ThirdParty:1030 - CMSIS Pack Vendor :STMicroelectronics X-CUBE-ISPU 2.1.0
2024-12-15 11:16:03,021 [INFO] ThirdParty:1030 - CMSIS Pack Vendor :STMicroelectronics X-CUBE-FREERTOS 1.2.0
2024-12-15 11:16:03,021 [INFO] ThirdParty:1030 - CMSIS Pack Vendor :STMicroelectronics X-CUBE-IPS 3.0.0
2024-12-15 11:16:03,021 [INFO] ThirdParty:1030 - CMSIS Pack Vendor :STMicroelectronics X-CUBE-AZRTOS-WB 2.0.0
2024-12-15 11:16:03,022 [INFO] ThirdParty:1030 - CMSIS Pack Vendor :STMicroelectronics X-CUBE-GNSS1 7.0.0
2024-12-15 11:16:03,022 [INFO] ThirdParty:1030 - CMSIS Pack Vendor :STMicroelectronics X-CUBE-AZRTOS-F7 1.1.0
2024-12-15 11:16:03,022 [INFO] ThirdParty:1030 - CMSIS Pack Vendor :STMicroelectronics X-CUBE-AZRTOS-L5 2.0.0
2024-12-15 11:16:03,022 [INFO] ThirdParty:1030 - CMSIS Pack Vendor :STMicroelectronics USB_DEVICE 2.0.0
2024-12-15 11:16:03,022 [INFO] ThirdParty:1030 - CMSIS Pack Vendor :STMicroelectronics X-CUBE-NFC6 3.1.0
2024-12-15 11:16:03,022 [INFO] ThirdParty:1030 - CMSIS Pack Vendor :STMicroelectronics FP-SNS-STBOX1 2.0.0
2024-12-15 11:16:03,022 [INFO] ThirdParty:1030 - CMSIS Pack Vendor :STMicroelectronics X-CUBE-MEMS1 11.0.0
2024-12-15 11:16:03,022 [INFO] ThirdParty:1030 - CMSIS Pack Vendor :STMicroelectronics FreeRTOS 0.0.1
2024-12-15 11:16:03,022 [INFO] ThirdParty:1030 - CMSIS Pack Vendor :STMicroelectronics X-CUBE-AZRTOS-G0 1.1.0
2024-12-15 11:16:03,022 [INFO] ThirdParty:1030 - CMSIS Pack Vendor :STMicroelectronics X-CUBE-SAFEA1 1.2.2
2024-12-15 11:16:03,022 [INFO] ThirdParty:1030 - CMSIS Pack Vendor :STMicroelectronics X-CUBE-NFC4 3.0.0
2024-12-15 11:16:03,022 [INFO] ThirdParty:1030 - CMSIS Pack Vendor :STMicroelectronics X-CUBE-DPower 1.2.0
2024-12-15 11:16:03,022 [INFO] ThirdParty:1030 - CMSIS Pack Vendor :STMicroelectronics X-CUBE-SUBG2 5.0.0
2024-12-15 11:16:03,022 [INFO] ThirdParty:1030 - CMSIS Pack Vendor :STMicroelectronics STM32_WPAN 1.0.0
2024-12-15 11:16:03,022 [INFO] ThirdParty:1030 - CMSIS Pack Vendor :EmbeddedOffice I-CUBE-FS-RTOS 1.0.1
2024-12-15 11:16:03,022 [INFO] ThirdParty:1030 - CMSIS Pack Vendor :STMicroelectronics lwIP 2.0.3
2024-12-15 11:16:03,022 [INFO] ThirdParty:1030 - CMSIS Pack Vendor :STMicroelectronics FP-SNS-FLIGHT1 5.0.2
2024-12-15 11:16:03,022 [INFO] ThirdParty:1030 - CMSIS Pack Vendor :Cesanta I-CUBE-Mongoose 7.13.0
2024-12-15 11:16:03,022 [INFO] ThirdParty:1030 - CMSIS Pack Vendor :STMicroelectronics USB_HOST 1.0.0
2024-12-15 11:16:03,022 [INFO] ThirdParty:1030 - CMSIS Pack Vendor :Infineon AIROC-Wi-Fi-Bluetooth-STM32 1.7.0
2024-12-15 11:16:03,022 [INFO] ThirdParty:1030 - CMSIS Pack Vendor :STMicroelectronics X-CUBE-AZRTOS-G4 2.0.0
2024-12-15 11:16:03,022 [INFO] ThirdParty:1030 - CMSIS Pack Vendor :STMicroelectronics PDM2PCM 3.1.0
2024-12-15 11:16:03,022 [INFO] ThirdParty:1030 - CMSIS Pack Vendor :STMicroelectronics PDM2PCM 3.3.0
2024-12-15 11:16:03,022 [INFO] ThirdParty:1030 - CMSIS Pack Vendor :STMicroelectronics X-CUBE-DISPLAY 3.0.0
2024-12-15 11:16:03,022 [INFO] ThirdParty:1030 - CMSIS Pack Vendor :RealThread X-CUBE-RT-Thread_Nano 4.1.1
2024-12-15 11:16:03,022 [INFO] ThirdParty:1030 - CMSIS Pack Vendor :STMicroelectronics X-CUBE-BLE1 7.0.0
2024-12-15 11:16:03,023 [INFO] ThirdParty:1030 - CMSIS Pack Vendor :STMicroelectronics FP-ATR-SIGFOX1 3.2.0
2024-12-15 11:16:03,023 [INFO] ThirdParty:1030 - CMSIS Pack Vendor :STMicroelectronics X-CUBE-NFC10 1.0.0
2024-12-15 11:16:03,023 [INFO] ThirdParty:1030 - CMSIS Pack Vendor :quantropi X-CUBE-qispace-sdk-base 1.9.3
2024-12-15 11:16:03,023 [INFO] ThirdParty:1030 - CMSIS Pack Vendor :STMicroelectronics X-CUBE-BLEMGR 4.0.0
2024-12-15 11:16:03,023 [INFO] ThirdParty:1030 - CMSIS Pack Vendor :STMicroelectronics X-CUBE-EEPRMA1 5.1.0
2024-12-15 11:16:03,023 [INFO] ThirdParty:1030 - CMSIS Pack Vendor :STMicroelectronics HAL Drivers 0.0.0
2024-12-15 11:16:03,023 [INFO] ThirdParty:1030 - CMSIS Pack Vendor :STMicroelectronics MBEDTLS 2.16.2
2024-12-15 11:16:03,023 [INFO] ThirdParty:1030 - CMSIS Pack Vendor :STMicroelectronics X-CUBE-ALS 1.0.2
2024-12-15 11:16:03,023 [INFO] ThirdParty:1030 - CMSIS Pack Vendor :emotas I-CUBE-CANOPEN 1.3.0
2024-12-15 11:16:03,023 [INFO] ThirdParty:1030 - CMSIS Pack Vendor :wolfSSL I-CUBE-wolfSSL 5.7.4
2024-12-15 11:16:03,023 [INFO] ThirdParty:1030 - CMSIS Pack Vendor :STMicroelectronics X-CUBE-NFC7 1.0.1
2024-12-15 11:16:03,023 [INFO] ThirdParty:1030 - CMSIS Pack Vendor :STMicroelectronics MBEDTLS 2.14.1
2024-12-15 11:16:03,023 [INFO] ThirdParty:1030 - CMSIS Pack Vendor :ITTIA_DB I-CUBE-ITTIADB 8.9.0
2024-12-15 11:16:03,023 [INFO] ThirdParty:1030 - CMSIS Pack Vendor :STMicroelectronics X-CUBE-TOUCHGFX 4.24.1
2024-12-15 11:16:03,023 [INFO] ThirdParty:1030 - CMSIS Pack Vendor :wolfSSL I-CUBE-wolfTPM 3.4.0
2024-12-15 11:16:03,023 [INFO] ThirdParty:1030 - CMSIS Pack Vendor :portGmbH I-Cube-SoM-uGOAL 1.1.0
2024-12-15 11:16:03,023 [INFO] ThirdParty:1030 - CMSIS Pack Vendor :STMicroelectronics ThreadX 1.0.0
2024-12-15 11:16:03,023 [INFO] ThirdParty:1030 - CMSIS Pack Vendor :STMicroelectronics FP-SNS-SMARTAG2 1.2.0
2024-12-15 11:16:03,023 [INFO] ThirdParty:1030 - CMSIS Pack Vendor :STMicroelectronics X-CUBE-AZRTOS-WL 2.0.0
2024-12-15 11:16:03,023 [INFO] ThirdParty:1030 - CMSIS Pack Vendor :SEGGER I-CUBE-embOS 1.3.1
2024-12-15 11:16:03,023 [INFO] ThirdParty:1030 - CMSIS Pack Vendor :STMicroelectronics X-CUBE-ALGOBUILD 1.4.0
2024-12-15 11:16:03,023 [INFO] ThirdParty:1030 - CMSIS Pack Vendor :STMicroelectronics FP-SNS-MOTENV1 5.0.0
2024-12-15 11:16:03,023 [INFO] ThirdParty:1030 - CMSIS Pack Vendor :STMicroelectronics USB_DEVICE 1.0.0
2024-12-15 11:16:03,023 [INFO] ThirdParty:1030 - CMSIS Pack Vendor :STMicroelectronics X-CUBE-AZRTOS-H7RS 1.0.0
2024-12-15 11:16:03,023 [INFO] ThirdParty:1030 - CMSIS Pack Vendor :wolfSSL I-CUBE-wolfMQTT 1.19.0
2024-12-15 11:16:03,023 [INFO] ThirdParty:1030 - CMSIS Pack Vendor :STMicroelectronics X-CUBE-AZRTOS-L4 2.0.0
2024-12-15 11:16:03,023 [INFO] ThirdParty:1030 - CMSIS Pack Vendor :STMicroelectronics ThreadX 0.0.2
2024-12-15 11:16:03,023 [INFO] ThirdParty:1030 - CMSIS Pack Vendor :WES I-CUBE-Cesium 1.3.0
2024-12-15 11:16:03,024 [INFO] ThirdParty:1030 - CMSIS Pack Vendor :STMicroelectronics lwIP 2.1.2
2024-12-15 11:16:03,024 [INFO] ThirdParty:1030 - CMSIS Pack Vendor :STMicroelectronics X-CUBE-SFXS2LP1 4.0.0
2024-12-15 11:16:03,024 [INFO] ThirdParty:1030 - CMSIS Pack Vendor :STMicroelectronics X-CUBE-BLE2 3.3.0
2024-12-15 11:16:03,024 [INFO] ThirdParty:1030 - CMSIS Pack Vendor :STMicroelectronics X-CUBE-TOF1 3.4.2
2024-12-15 11:16:03,024 [INFO] ThirdParty:1030 - CMSIS Pack Vendor :STMicroelectronics X-CUBE-AI 9.1.0
2024-12-15 11:16:03,024 [INFO] ThirdParty:1030 - CMSIS Pack Vendor :STMicroelectronics PDM2PCM 3.2.0
2024-12-15 11:16:03,024 [INFO] ThirdParty:1030 - CMSIS Pack Vendor :wolfSSL I-CUBE-wolfSSH 1.4.17
2024-12-15 11:16:03,024 [INFO] ThirdParty:841 - exiting critical section [change project]
2024-12-15 11:16:03,500 [INFO] PinOutPanel:1561 - setPackage(No Configuration,No Configuration)
2024-12-15 11:16:03,503 [INFO] PinOutPanel:1561 - setPackage(STM32G431CBUx,UFQFPN48)
2024-12-15 11:16:03,959 [INFO] UtilMem:75 - Before build in PCC Used Memory: 874779544 Bytes (1073741824)
2024-12-15 11:16:04,612 [INFO] UtilMem:75 - After build in PCC Used Memory: 832419552 Bytes (1073741824)
2024-12-15 11:16:04,636 [INFO] ApiDbMcu:508 - Load IP Config File for USB_Device
2024-12-15 11:16:04,641 [INFO] Middleware:612 - instanceName : USB_DEVICE bspName : BCD Detection check condition failed for : SEM_BCD_ENABLED
2024-12-15 11:16:04,641 [INFO] Middleware:612 - instanceName : USB_DEVICE bspName : BCD Detection check condition failed for : SEM_BCD_ENABLED
2024-12-15 11:16:04,641 [INFO] Middleware:612 - instanceName : USB_DEVICE bspName : BCD Detection check condition failed for : SEM_BCD_ENABLED
2024-12-15 11:16:04,641 [INFO] Middleware:612 - instanceName : USB_DEVICE bspName : BCD Detection check condition failed for : SEM_BCD_ENABLED
2024-12-15 11:16:04,641 [INFO] Middleware:612 - instanceName : USB_DEVICE bspName : BCD Detection check condition failed for : SEM_BCD_ENABLED
2024-12-15 11:16:04,641 [INFO] Middleware:612 - instanceName : USB_DEVICE bspName : BCD Detection check condition failed for : SEM_BCD_ENABLED
2024-12-15 11:16:04,641 [INFO] Middleware:612 - instanceName : USB_DEVICE bspName : BCD Detection check condition failed for : SEM_BCD_ENABLED
2024-12-15 11:16:04,641 [INFO] Middleware:612 - instanceName : USB_DEVICE bspName : BCD Detection check condition failed for : SEM_BCD_ENABLED
2024-12-15 11:16:04,641 [INFO] Middleware:612 - instanceName : USB_DEVICE bspName : BCD Detection check condition failed for : SEM_BCD_ENABLED
2024-12-15 11:16:04,641 [INFO] Middleware:612 - instanceName : USB_DEVICE bspName : BCD Detection check condition failed for : SEM_BCD_ENABLED
2024-12-15 11:16:04,642 [INFO] Middleware:612 - instanceName : USB_DEVICE bspName : BCD Detection check condition failed for : SEM_BCD_ENABLED
2024-12-15 11:16:04,642 [INFO] Middleware:612 - instanceName : USB_DEVICE bspName : BCD Detection check condition failed for : SEM_BCD_ENABLED
2024-12-15 11:16:04,642 [INFO] Middleware:612 - instanceName : USB_DEVICE bspName : BCD Detection check condition failed for : SEM_BCD_ENABLED
2024-12-15 11:16:04,642 [INFO] Middleware:612 - instanceName : USB_DEVICE bspName : BCD Detection check condition failed for : SEM_BCD_ENABLED
2024-12-15 11:16:04,642 [INFO] Middleware:612 - instanceName : USB_DEVICE bspName : BCD Detection check condition failed for : SEM_BCD_ENABLED
2024-12-15 11:16:04,642 [INFO] Middleware:612 - instanceName : USB_DEVICE bspName : BCD Detection check condition failed for : SEM_BCD_ENABLED
2024-12-15 11:16:04,712 [INFO] IPUIPlugin:80 - create IPUIPlugin
2024-12-15 11:16:04,712 [INFO] IPUIPlugin:80 - create IPUIPlugin
2024-12-15 11:16:04,712 [INFO] IPUIPlugin:80 - create IPUIPlugin
2024-12-15 11:16:04,712 [INFO] IPUIPlugin:80 - create IPUIPlugin
2024-12-15 11:16:04,712 [INFO] IPUIPlugin:80 - create IPUIPlugin
2024-12-15 11:16:04,712 [INFO] IPUIPlugin:80 - create IPUIPlugin
2024-12-15 11:16:04,712 [INFO] IPUIPlugin:80 - create IPUIPlugin
2024-12-15 11:16:04,713 [INFO] IPUIPlugin:80 - create IPUIPlugin
2024-12-15 11:16:04,713 [INFO] IPUIPlugin:80 - create IPUIPlugin
2024-12-15 11:16:04,713 [INFO] IPUIPlugin:80 - create IPUIPlugin
2024-12-15 11:16:04,713 [INFO] IPUIPlugin:80 - create IPUIPlugin
2024-12-15 11:16:04,714 [INFO] IPUIPlugin:80 - create IPUIPlugin
2024-12-15 11:16:04,714 [INFO] IPUIPlugin:80 - create IPUIPlugin
2024-12-15 11:16:04,714 [INFO] IPUIPlugin:80 - create IPUIPlugin
2024-12-15 11:16:04,714 [INFO] IPUIPlugin:80 - create IPUIPlugin
2024-12-15 11:16:04,715 [INFO] IPUIPlugin:80 - create IPUIPlugin
2024-12-15 11:16:04,715 [INFO] IPUIPlugin:80 - create IPUIPlugin
2024-12-15 11:16:04,715 [INFO] IPUIPlugin:80 - create IPUIPlugin
2024-12-15 11:16:04,715 [INFO] IPUIPlugin:80 - create IPUIPlugin
2024-12-15 11:16:04,716 [INFO] IPUIPlugin:80 - create IPUIPlugin
2024-12-15 11:16:04,716 [INFO] IPUIPlugin:80 - create IPUIPlugin
2024-12-15 11:16:04,716 [INFO] IPUIPlugin:80 - create IPUIPlugin
2024-12-15 11:16:04,717 [INFO] IPUIPlugin:80 - create IPUIPlugin
2024-12-15 11:16:04,717 [INFO] IPUIPlugin:80 - create IPUIPlugin
2024-12-15 11:16:04,719 [INFO] IPUIPlugin:80 - create IPUIPlugin
2024-12-15 11:16:04,719 [INFO] IPUIPlugin:80 - create IPUIPlugin
2024-12-15 11:16:04,720 [INFO] IPUIPlugin:80 - create IPUIPlugin
2024-12-15 11:16:04,721 [INFO] IPUIPlugin:80 - create IPUIPlugin
2024-12-15 11:16:04,721 [INFO] IPUIPlugin:80 - create IPUIPlugin
2024-12-15 11:16:04,722 [INFO] IPUIPlugin:80 - create IPUIPlugin
2024-12-15 11:16:04,722 [INFO] IPUIPlugin:80 - create IPUIPlugin
2024-12-15 11:16:04,723 [INFO] IPUIPlugin:80 - create IPUIPlugin
2024-12-15 11:16:04,723 [INFO] IPUIPlugin:80 - create IPUIPlugin
2024-12-15 11:16:04,724 [INFO] IPUIPlugin:80 - create IPUIPlugin
2024-12-15 11:16:04,724 [INFO] IPUIPlugin:80 - create IPUIPlugin
2024-12-15 11:16:04,725 [INFO] IPUIPlugin:80 - create IPUIPlugin
2024-12-15 11:16:04,725 [INFO] IPUIPlugin:80 - create IPUIPlugin
2024-12-15 11:16:04,726 [INFO] IPUIPlugin:80 - create IPUIPlugin
2024-12-15 11:16:04,726 [INFO] IPUIPlugin:80 - create IPUIPlugin
2024-12-15 11:16:04,727 [INFO] IPUIPlugin:80 - create IPUIPlugin
2024-12-15 11:16:04,728 [INFO] IPUIPlugin:80 - create IPUIPlugin
2024-12-15 11:16:04,728 [INFO] IPUIPlugin:80 - create IPUIPlugin
2024-12-15 11:16:04,729 [INFO] IPUIPlugin:80 - create IPUIPlugin
2024-12-15 11:16:04,729 [INFO] IPUIPlugin:80 - create IPUIPlugin
2024-12-15 11:16:04,730 [INFO] IPUIPlugin:80 - create IPUIPlugin
2024-12-15 11:16:04,730 [INFO] IPUIPlugin:80 - create IPUIPlugin
2024-12-15 11:16:04,731 [INFO] IPUIPlugin:80 - create IPUIPlugin
2024-12-15 11:16:04,732 [INFO] IPUIPlugin:80 - create IPUIPlugin
2024-12-15 11:16:04,732 [INFO] IPUIPlugin:80 - create IPUIPlugin
2024-12-15 11:16:04,733 [INFO] IPUIPlugin:80 - create IPUIPlugin
2024-12-15 11:16:04,734 [INFO] IPUIPlugin:80 - create IPUIPlugin
2024-12-15 11:16:04,737 [INFO] IPUIPlugin:80 - create IPUIPlugin
2024-12-15 11:16:04,738 [INFO] IPUIPlugin:80 - create IPUIPlugin
2024-12-15 11:16:04,739 [INFO] IPUIPlugin:80 - create IPUIPlugin
2024-12-15 11:16:04,739 [INFO] IPUIPlugin:80 - create IPUIPlugin
2024-12-15 11:16:04,740 [INFO] IPUIPlugin:80 - create IPUIPlugin
2024-12-15 11:16:04,742 [INFO] IPUIPlugin:80 - create IPUIPlugin
2024-12-15 11:16:04,743 [INFO] IPUIPlugin:80 - create IPUIPlugin
2024-12-15 11:16:04,749 [WARN] IP:2191 - MessageRAMOffset not found: check if there is a RefParameter without a condition.
2024-12-15 11:16:04,750 [WARN] IP:2191 - RxFifo0ElmtsNbr not found: check if there is a RefParameter without a condition.
2024-12-15 11:16:04,750 [WARN] IP:2191 - RxFifo0ElmtSize not found: check if there is a RefParameter without a condition.
2024-12-15 11:16:04,750 [WARN] IP:2191 - RxFifo1ElmtsNbr not found: check if there is a RefParameter without a condition.
2024-12-15 11:16:04,750 [WARN] IP:2191 - RxFifo1ElmtSize not found: check if there is a RefParameter without a condition.
2024-12-15 11:16:04,750 [WARN] IP:2191 - RxBuffersNbr not found: check if there is a RefParameter without a condition.
2024-12-15 11:16:04,750 [WARN] IP:2191 - RxBufferSize not found: check if there is a RefParameter without a condition.
2024-12-15 11:16:04,750 [WARN] IP:2191 - TxEventsNbr not found: check if there is a RefParameter without a condition.
2024-12-15 11:16:04,750 [WARN] IP:2191 - TxBuffersNbr not found: check if there is a RefParameter without a condition.
2024-12-15 11:16:04,750 [WARN] IP:2191 - TxFifoQueueElmtsNbr not found: check if there is a RefParameter without a condition.
2024-12-15 11:16:04,750 [WARN] IP:2191 - TxElmtSize not found: check if there is a RefParameter without a condition.
2024-12-15 11:16:04,750 [WARN] IP:2191 - ClockCalibrationCCU not found: check if there is a RefParameter without a condition.
2024-12-15 11:16:04,751 [WARN] IP:2191 - ClockDividerCCU not found: check if there is a RefParameter without a condition.
2024-12-15 11:16:04,751 [WARN] IP:2191 - MinOscClkPeriodsCCU not found: check if there is a RefParameter without a condition.
2024-12-15 11:16:04,751 [WARN] IP:2191 - TimeQuantaPerBitTimeCCU not found: check if there is a RefParameter without a condition.
2024-12-15 11:16:04,751 [WARN] IP:2191 - WatchdogStartValueCCU not found: check if there is a RefParameter without a condition.
2024-12-15 11:16:04,757 [INFO] LogOutputStream:77 - [STDOUT_REDIRECT] Nominal 
2024-12-15 11:16:04,757 [INFO] Can:71 - Can Add PropertyChangeListener com.st.microxplorer.plugins.ip.can.Can@40aa81d
2024-12-15 11:16:04,952 [INFO] CADModel:165 - CPN selected for project levelSTM32G431CBU3
2024-12-15 11:16:04,952 [INFO] CADModel:114 - Register for checkConnection events
2024-12-15 11:16:05,122 [INFO] OpenFileManager:363 - Restore cursor
2024-12-15 11:16:05,278 [INFO] Middleware:612 - instanceName : USB_DEVICE bspName : BCD Detection check condition failed for : SEM_BCD_ENABLED
2024-12-15 11:16:05,278 [INFO] Middleware:612 - instanceName : USB_DEVICE bspName : BCD Detection check condition failed for : SEM_BCD_ENABLED
2024-12-15 11:16:05,278 [INFO] Middleware:612 - instanceName : USB_DEVICE bspName : BCD Detection check condition failed for : SEM_BCD_ENABLED
2024-12-15 11:16:05,278 [INFO] Middleware:612 - instanceName : USB_DEVICE bspName : BCD Detection check condition failed for : SEM_BCD_ENABLED
2024-12-15 11:16:05,278 [INFO] Middleware:612 - instanceName : USB_DEVICE bspName : BCD Detection check condition failed for : SEM_BCD_ENABLED
2024-12-15 11:16:05,278 [INFO] Middleware:612 - instanceName : USB_DEVICE bspName : BCD Detection check condition failed for : SEM_BCD_ENABLED
2024-12-15 11:16:05,278 [INFO] Middleware:612 - instanceName : USB_DEVICE bspName : BCD Detection check condition failed for : SEM_BCD_ENABLED
2024-12-15 11:16:05,278 [INFO] Middleware:612 - instanceName : USB_DEVICE bspName : BCD Detection check condition failed for : SEM_BCD_ENABLED
2024-12-15 11:16:05,278 [INFO] Middleware:612 - instanceName : USB_DEVICE bspName : BCD Detection check condition failed for : SEM_BCD_ENABLED
2024-12-15 11:16:05,278 [INFO] Middleware:612 - instanceName : USB_DEVICE bspName : BCD Detection check condition failed for : SEM_BCD_ENABLED
2024-12-15 11:16:05,278 [INFO] Middleware:612 - instanceName : USB_DEVICE bspName : BCD Detection check condition failed for : SEM_BCD_ENABLED
2024-12-15 11:16:05,278 [INFO] Middleware:612 - instanceName : USB_DEVICE bspName : BCD Detection check condition failed for : SEM_BCD_ENABLED
2024-12-15 11:16:05,278 [INFO] Middleware:612 - instanceName : USB_DEVICE bspName : BCD Detection check condition failed for : SEM_BCD_ENABLED
2024-12-15 11:16:05,279 [INFO] Middleware:612 - instanceName : USB_DEVICE bspName : BCD Detection check condition failed for : SEM_BCD_ENABLED
2024-12-15 11:16:05,279 [INFO] Middleware:612 - instanceName : USB_DEVICE bspName : BCD Detection check condition failed for : SEM_BCD_ENABLED
2024-12-15 11:16:05,279 [INFO] Middleware:612 - instanceName : USB_DEVICE bspName : BCD Detection check condition failed for : SEM_BCD_ENABLED
2024-12-15 11:16:05,362 [WARN] IP:2191 - MessageRAMOffset not found: check if there is a RefParameter without a condition.
2024-12-15 11:16:05,363 [WARN] IP:2191 - RxFifo0ElmtsNbr not found: check if there is a RefParameter without a condition.
2024-12-15 11:16:05,363 [WARN] IP:2191 - RxFifo0ElmtSize not found: check if there is a RefParameter without a condition.
2024-12-15 11:16:05,363 [WARN] IP:2191 - RxFifo1ElmtsNbr not found: check if there is a RefParameter without a condition.
2024-12-15 11:16:05,363 [WARN] IP:2191 - RxFifo1ElmtSize not found: check if there is a RefParameter without a condition.
2024-12-15 11:16:05,363 [WARN] IP:2191 - RxBuffersNbr not found: check if there is a RefParameter without a condition.
2024-12-15 11:16:05,363 [WARN] IP:2191 - RxBufferSize not found: check if there is a RefParameter without a condition.
2024-12-15 11:16:05,363 [WARN] IP:2191 - TxEventsNbr not found: check if there is a RefParameter without a condition.
2024-12-15 11:16:05,363 [WARN] IP:2191 - TxBuffersNbr not found: check if there is a RefParameter without a condition.
2024-12-15 11:16:05,363 [WARN] IP:2191 - TxFifoQueueElmtsNbr not found: check if there is a RefParameter without a condition.
2024-12-15 11:16:05,363 [WARN] IP:2191 - TxElmtSize not found: check if there is a RefParameter without a condition.
2024-12-15 11:16:05,363 [WARN] IP:2191 - ClockCalibrationCCU not found: check if there is a RefParameter without a condition.
2024-12-15 11:16:05,363 [WARN] IP:2191 - ClockDividerCCU not found: check if there is a RefParameter without a condition.
2024-12-15 11:16:05,364 [WARN] IP:2191 - MinOscClkPeriodsCCU not found: check if there is a RefParameter without a condition.
2024-12-15 11:16:05,364 [WARN] IP:2191 - TimeQuantaPerBitTimeCCU not found: check if there is a RefParameter without a condition.
2024-12-15 11:16:05,364 [WARN] IP:2191 - WatchdogStartValueCCU not found: check if there is a RefParameter without a condition.
2024-12-15 11:16:18,283 [INFO] NvicIntPanel:101 - NVIC parent = com.st.microxplorer.plugins.ip.nvic.MultiNvicIntPanel[,0,0,0x0,invalid,layout=javax.swing.BoxLayout,alignmentX=0.0,alignmentY=0.0,border=,flags=9,maximumSize=,minimumSize=,preferredSize=]
2024-12-15 11:16:20,902 [INFO] NvicIntPanel:101 - NVIC parent = com.st.microxplorer.plugins.ip.nvic.MultiNvicIntPanel[,0,0,0x0,invalid,layout=javax.swing.BoxLayout,alignmentX=0.0,alignmentY=0.0,border=,flags=9,maximumSize=,minimumSize=,preferredSize=]
2024-12-15 11:16:22,577 [WARN] IP:2191 - MessageRAMOffset not found: check if there is a RefParameter without a condition.
2024-12-15 11:16:22,578 [WARN] IP:2191 - RxFifo0ElmtsNbr not found: check if there is a RefParameter without a condition.
2024-12-15 11:16:22,579 [WARN] IP:2191 - RxFifo0ElmtSize not found: check if there is a RefParameter without a condition.
2024-12-15 11:16:22,579 [WARN] IP:2191 - RxFifo1ElmtsNbr not found: check if there is a RefParameter without a condition.
2024-12-15 11:16:22,579 [WARN] IP:2191 - RxFifo1ElmtSize not found: check if there is a RefParameter without a condition.
2024-12-15 11:16:22,580 [WARN] IP:2191 - RxBuffersNbr not found: check if there is a RefParameter without a condition.
2024-12-15 11:16:22,580 [WARN] IP:2191 - RxBufferSize not found: check if there is a RefParameter without a condition.
2024-12-15 11:16:22,580 [WARN] IP:2191 - TxEventsNbr not found: check if there is a RefParameter without a condition.
2024-12-15 11:16:22,581 [WARN] IP:2191 - TxBuffersNbr not found: check if there is a RefParameter without a condition.
2024-12-15 11:16:22,581 [WARN] IP:2191 - TxFifoQueueElmtsNbr not found: check if there is a RefParameter without a condition.
2024-12-15 11:16:22,581 [WARN] IP:2191 - TxElmtSize not found: check if there is a RefParameter without a condition.
2024-12-15 11:16:22,582 [WARN] IP:2191 - ClockCalibrationCCU not found: check if there is a RefParameter without a condition.
2024-12-15 11:16:22,583 [WARN] IP:2191 - ClockDividerCCU not found: check if there is a RefParameter without a condition.
2024-12-15 11:16:22,583 [WARN] IP:2191 - MinOscClkPeriodsCCU not found: check if there is a RefParameter without a condition.
2024-12-15 11:16:22,584 [WARN] IP:2191 - TimeQuantaPerBitTimeCCU not found: check if there is a RefParameter without a condition.
2024-12-15 11:16:22,584 [WARN] IP:2191 - WatchdogStartValueCCU not found: check if there is a RefParameter without a condition.
2024-12-15 11:16:26,721 [WARN] IP:2191 - MessageRAMOffset not found: check if there is a RefParameter without a condition.
2024-12-15 11:16:26,721 [WARN] IP:2191 - RxFifo0ElmtsNbr not found: check if there is a RefParameter without a condition.
2024-12-15 11:16:26,721 [WARN] IP:2191 - RxFifo0ElmtSize not found: check if there is a RefParameter without a condition.
2024-12-15 11:16:26,721 [WARN] IP:2191 - RxFifo1ElmtsNbr not found: check if there is a RefParameter without a condition.
2024-12-15 11:16:26,722 [WARN] IP:2191 - RxFifo1ElmtSize not found: check if there is a RefParameter without a condition.
2024-12-15 11:16:26,722 [WARN] IP:2191 - RxBuffersNbr not found: check if there is a RefParameter without a condition.
2024-12-15 11:16:26,722 [WARN] IP:2191 - RxBufferSize not found: check if there is a RefParameter without a condition.
2024-12-15 11:16:26,722 [WARN] IP:2191 - TxEventsNbr not found: check if there is a RefParameter without a condition.
2024-12-15 11:16:26,722 [WARN] IP:2191 - TxBuffersNbr not found: check if there is a RefParameter without a condition.
2024-12-15 11:16:26,722 [WARN] IP:2191 - TxFifoQueueElmtsNbr not found: check if there is a RefParameter without a condition.
2024-12-15 11:16:26,722 [WARN] IP:2191 - TxElmtSize not found: check if there is a RefParameter without a condition.
2024-12-15 11:16:26,722 [WARN] IP:2191 - ClockCalibrationCCU not found: check if there is a RefParameter without a condition.
2024-12-15 11:16:26,722 [WARN] IP:2191 - ClockDividerCCU not found: check if there is a RefParameter without a condition.
2024-12-15 11:16:26,723 [WARN] IP:2191 - MinOscClkPeriodsCCU not found: check if there is a RefParameter without a condition.
2024-12-15 11:16:26,723 [WARN] IP:2191 - TimeQuantaPerBitTimeCCU not found: check if there is a RefParameter without a condition.
2024-12-15 11:16:26,723 [WARN] IP:2191 - WatchdogStartValueCCU not found: check if there is a RefParameter without a condition.
2024-12-15 11:16:26,919 [INFO] NvicIntPanel:101 - NVIC parent = com.st.microxplorer.plugins.ip.nvic.MultiNvicIntPanel[,0,0,0x0,invalid,layout=javax.swing.BoxLayout,alignmentX=0.0,alignmentY=0.0,border=,flags=9,maximumSize=,minimumSize=,preferredSize=]
2024-12-15 11:16:29,244 [WARN] IP:2191 - MessageRAMOffset not found: check if there is a RefParameter without a condition.
2024-12-15 11:16:29,244 [WARN] IP:2191 - RxFifo0ElmtsNbr not found: check if there is a RefParameter without a condition.
2024-12-15 11:16:29,244 [WARN] IP:2191 - RxFifo0ElmtSize not found: check if there is a RefParameter without a condition.
2024-12-15 11:16:29,244 [WARN] IP:2191 - RxFifo1ElmtsNbr not found: check if there is a RefParameter without a condition.
2024-12-15 11:16:29,244 [WARN] IP:2191 - RxFifo1ElmtSize not found: check if there is a RefParameter without a condition.
2024-12-15 11:16:29,244 [WARN] IP:2191 - RxBuffersNbr not found: check if there is a RefParameter without a condition.
2024-12-15 11:16:29,244 [WARN] IP:2191 - RxBufferSize not found: check if there is a RefParameter without a condition.
2024-12-15 11:16:29,244 [WARN] IP:2191 - TxEventsNbr not found: check if there is a RefParameter without a condition.
2024-12-15 11:16:29,244 [WARN] IP:2191 - TxBuffersNbr not found: check if there is a RefParameter without a condition.
2024-12-15 11:16:29,244 [WARN] IP:2191 - TxFifoQueueElmtsNbr not found: check if there is a RefParameter without a condition.
2024-12-15 11:16:29,244 [WARN] IP:2191 - TxElmtSize not found: check if there is a RefParameter without a condition.
2024-12-15 11:16:29,244 [WARN] IP:2191 - ClockCalibrationCCU not found: check if there is a RefParameter without a condition.
2024-12-15 11:16:29,245 [WARN] IP:2191 - ClockDividerCCU not found: check if there is a RefParameter without a condition.
2024-12-15 11:16:29,245 [WARN] IP:2191 - MinOscClkPeriodsCCU not found: check if there is a RefParameter without a condition.
2024-12-15 11:16:29,245 [WARN] IP:2191 - TimeQuantaPerBitTimeCCU not found: check if there is a RefParameter without a condition.
2024-12-15 11:16:29,245 [WARN] IP:2191 - WatchdogStartValueCCU not found: check if there is a RefParameter without a condition.
2024-12-15 11:16:29,294 [INFO] NvicIntPanel:101 - NVIC parent = com.st.microxplorer.plugins.ip.nvic.MultiNvicIntPanel[,0,0,0x0,invalid,layout=javax.swing.BoxLayout,alignmentX=0.0,alignmentY=0.0,border=,flags=9,maximumSize=,minimumSize=,preferredSize=]
2024-12-15 11:16:52,970 [INFO] MainUpdater:2873 - connection check result : 10
2024-12-15 11:16:52,970 [INFO] MainUpdater:2873 - connection check result : 10
2024-12-15 11:16:53,116 [INFO] LogOutputStream:77 - [STDOUT_REDIRECT] Nominal 
2024-12-15 11:16:53,118 [INFO] MicroXplorer:468 - Change Database Path : 
2024-12-15 11:16:53,118 [INFO] MicroXplorer:498 - Change Database Version : DB.6.0.121
2024-12-15 11:16:53,130 [ERROR] ProjectManagerView:394 - 
java.lang.NullPointerException: Cannot invoke "javax.swing.JTextField.getText()" because the return value of "java.util.List.get(int)" is null
	at com.st.microxplorer.plugins.projectmanager.gui.ProjectChoiceTab$10.caretUpdate(ProjectChoiceTab.java:2622) ~[filemanager.jar:?]
	at javax.swing.text.JTextComponent.fireCaretUpdate(JTextComponent.java:412) ~[?:?]
	at javax.swing.text.JTextComponent$MutableCaretEvent.fire(JTextComponent.java:4491) ~[?:?]
	at javax.swing.text.JTextComponent$MutableCaretEvent.stateChanged(JTextComponent.java:4513) ~[?:?]
	at javax.swing.text.DefaultCaret.fireStateChanged(DefaultCaret.java:842) ~[?:?]
	at javax.swing.text.DefaultCaret.changeCaretPosition(DefaultCaret.java:1313) ~[?:?]
	at javax.swing.text.DefaultCaret.handleSetDot(DefaultCaret.java:1212) ~[?:?]
	at javax.swing.text.DefaultCaret.setDot(DefaultCaret.java:1193) ~[?:?]
	at javax.swing.text.DefaultCaret$Handler.insertUpdate(DefaultCaret.java:1789) ~[?:?]
	at javax.swing.text.AbstractDocument.fireInsertUpdate(AbstractDocument.java:226) ~[?:?]
	at javax.swing.text.AbstractDocument.handleInsertString(AbstractDocument.java:780) ~[?:?]
	at javax.swing.text.AbstractDocument.insertString(AbstractDocument.java:739) ~[?:?]
	at javax.swing.text.PlainDocument.insertString(PlainDocument.java:131) ~[?:?]
	at javax.swing.text.AbstractDocument.replace(AbstractDocument.java:698) ~[?:?]
	at javax.swing.text.JTextComponent.setText(JTextComponent.java:1729) ~[?:?]
	at com.st.microxplorer.plugins.projectmanager.gui.ProjectChoiceTab.createHeapStackFields(ProjectChoiceTab.java:972) ~[filemanager.jar:?]
	at com.st.microxplorer.plugins.projectmanager.gui.ProjectChoiceTab.buildLinkSettingsPanel(ProjectChoiceTab.java:3597) ~[filemanager.jar:?]
	at com.st.microxplorer.plugins.projectmanager.gui.ProjectChoiceTab.defineWindowsFields(ProjectChoiceTab.java:1940) ~[filemanager.jar:?]
	at com.st.microxplorer.plugins.projectmanager.gui.ProjectChoiceTab.updateSettings(ProjectChoiceTab.java:550) ~[filemanager.jar:?]
	at com.st.microxplorer.plugins.projectmanager.gui.ProjectSettingsPanel.UpdateDialog(ProjectSettingsPanel.java:245) ~[filemanager.jar:?]
	at com.st.microxplorer.plugins.projectmanager.ProjectManagerView.propertyChange(ProjectManagerView.java:391) ~[filemanager.jar:?]
	at java.beans.PropertyChangeSupport.fire(PropertyChangeSupport.java:343) ~[?:?]
	at java.beans.PropertyChangeSupport.firePropertyChange(PropertyChangeSupport.java:335) ~[?:?]
	at java.beans.PropertyChangeSupport.firePropertyChange(PropertyChangeSupport.java:268) ~[?:?]
	at com.st.microxplorer.util.MXPropertyChangeSupport.firePropertyChange(MXPropertyChangeSupport.java:54) ~[STM32CubeMX.jar:?]
	at com.st.microxplorer.mxsystem.MxSystem.closeConfig(MxSystem.java:900) ~[STM32CubeMX.jar:?]
	at com.st.microxplorer.maingui.MainPanel.closeConfig(MainPanel.java:781) ~[STM32CubeMX.jar:?]
	at com.st.microxplorer.plugins.filemanager.engine.OpenFileManager.loadConfigurationFile(OpenFileManager.java:265) ~[filemanager.jar:?]
	at com.st.microxplorer.plugins.filemanager.engine.MainFileManager.userLoadConfig(MainFileManager.java:352) ~[filemanager.jar:?]
	at com.st.microxplorer.plugins.filemanager.engine.MainFileManager.userLoadConfig(MainFileManager.java:330) ~[filemanager.jar:?]
	at com.st.microxplorer.plugins.filemanager.FileManagerView.getSpecificTask(FileManagerView.java:246) ~[filemanager.jar:?]
	at com.st.stm32cube.common.mx.editor.CubeMxEditor.getMxTabbedPaneInstance(CubeMxEditor.java:1198) ~[com.st.stm32cube.common.mx_6.12.1.202409122256/:?]
	at com.st.stm32cube.common.mx.editor.CubeMxEditor$12$1.createSwingComponent(CubeMxEditor.java:1068) ~[com.st.stm32cube.common.mx_6.12.1.202409122256/:?]
	at com.st.stm32cube.common.mx.oss.core.awtswtbridge.EmbeddedSwingComposite.doComponentCreation(EmbeddedSwingComposite.java:492) ~[com.st.stm32cube.common.mx.oss_6.12.1.202409122256/:?]
	at com.st.stm32cube.common.mx.oss.core.awtswtbridge.EmbeddedSwingComposite$4.run(EmbeddedSwingComposite.java:291) ~[com.st.stm32cube.common.mx.oss_6.12.1.202409122256/:?]
	at com.st.stm32cube.common.mx.oss.core.awtswtbridge.AwtEnvironment$2.run(AwtEnvironment.java:166) ~[com.st.stm32cube.common.mx.oss_6.12.1.202409122256/:?]
	at java.awt.event.InvocationEvent.dispatch(InvocationEvent.java:318) ~[?:?]
	at java.awt.EventQueue.dispatchEventImpl(EventQueue.java:773) ~[?:?]
	at java.awt.EventQueue$4.run(EventQueue.java:720) ~[?:?]
	at java.awt.EventQueue$4.run(EventQueue.java:714) ~[?:?]
	at java.security.AccessController.doPrivileged(AccessController.java:399) ~[?:?]
	at java.security.ProtectionDomain$JavaSecurityAccessImpl.doIntersectionPrivilege(ProtectionDomain.java:86) ~[?:?]
	at java.awt.EventQueue.dispatchEvent(EventQueue.java:742) ~[?:?]
	at java.awt.EventDispatchThread.pumpOneEventForFilters(EventDispatchThread.java:203) ~[?:?]
	at java.awt.EventDispatchThread.pumpEventsForFilter(EventDispatchThread.java:124) ~[?:?]
	at java.awt.EventDispatchThread.pumpEventsForHierarchy(EventDispatchThread.java:113) ~[?:?]
	at java.awt.EventDispatchThread.pumpEvents(EventDispatchThread.java:109) ~[?:?]
	at java.awt.EventDispatchThread.pumpEvents(EventDispatchThread.java:101) ~[?:?]
	at java.awt.EventDispatchThread.run(EventDispatchThread.java:90) ~[?:?]
2024-12-15 11:16:53,131 [WARN] ThirdParty:871 - waiting for thirdparty lock release [close project]
2024-12-15 11:16:53,131 [INFO] ThirdParty:873 - entering critical section [close project]
2024-12-15 11:16:53,131 [INFO] ThirdParty:883 - exiting critical section [close project]
2024-12-15 11:16:53,133 [INFO] PinOutPanel:1561 - setPackage(No Configuration,No Configuration)
2024-12-15 11:16:53,138 [INFO] UtilMem:75 - Begin LoadConfig() Used Memory: 871591544 Bytes (1073741824)
2024-12-15 11:16:53,139 [INFO] MicroXplorer:468 - Change Database Path : 
2024-12-15 11:16:53,139 [INFO] MicroXplorer:498 - Change Database Version : DB.6.0.121
2024-12-15 11:16:53,139 [INFO] OpenFileManager:332 - Change cursor
2024-12-15 11:16:53,162 [INFO] Mcu:2032 - Initializing MCU STM32U535CEUx STM32U535CEUx STM32U535CEU6
2024-12-15 11:17:03,726 [INFO] Context:742 - Trying to add GPIOservice into a context  which must be forbidden
2024-12-15 11:17:03,727 [INFO] Context:742 - Trying to add GPIOservice into a context  which must be forbidden
2024-12-15 11:17:09,388 [WARN] ModelIntegratedComponent:63 - No mode defined for component null
2024-12-15 11:17:09,388 [WARN] ModelIntegratedComponent:63 - No mode defined for component null
2024-12-15 11:17:09,389 [WARN] ModelIntegratedComponent:63 - No mode defined for component null
2024-12-15 11:17:09,389 [WARN] ModelIntegratedComponent:63 - No mode defined for component null
2024-12-15 11:17:09,389 [WARN] ModelIntegratedComponent:63 - No mode defined for component null
2024-12-15 11:17:09,389 [WARN] ModelIntegratedComponent:63 - No mode defined for component null
2024-12-15 11:17:09,389 [WARN] ModelIntegratedComponent:63 - No mode defined for component null
2024-12-15 11:17:09,389 [WARN] ModelIntegratedComponent:63 - No mode defined for component null
2024-12-15 11:17:09,389 [WARN] ModelIntegratedComponent:63 - No mode defined for component null
2024-12-15 11:17:09,389 [WARN] ModelIntegratedComponent:63 - No mode defined for component null
2024-12-15 11:17:09,389 [WARN] ModelIntegratedComponent:63 - No mode defined for component null
2024-12-15 11:17:09,389 [WARN] ModelIntegratedComponent:63 - No mode defined for component null
2024-12-15 11:17:09,389 [WARN] ModelIntegratedComponent:63 - No mode defined for component null
2024-12-15 11:17:09,389 [WARN] ModelIntegratedComponent:63 - No mode defined for component null
2024-12-15 11:17:09,390 [WARN] ModelIntegratedComponent:63 - No mode defined for component null
2024-12-15 11:17:09,390 [WARN] ModelIntegratedComponent:63 - No mode defined for component null
2024-12-15 11:17:09,390 [WARN] ModelIntegratedComponent:63 - No mode defined for component null
2024-12-15 11:17:09,390 [WARN] ModelIntegratedComponent:63 - No mode defined for component null
2024-12-15 11:17:09,390 [WARN] ModelIntegratedComponent:63 - No mode defined for component null
2024-12-15 11:17:09,390 [WARN] ModelIntegratedComponent:63 - No mode defined for component null
2024-12-15 11:17:09,390 [WARN] ModelIntegratedComponent:63 - No mode defined for component null
2024-12-15 11:17:09,390 [WARN] ModelIntegratedComponent:63 - No mode defined for component null
2024-12-15 11:17:09,390 [WARN] ModelIntegratedComponent:63 - No mode defined for component null
2024-12-15 11:17:09,390 [WARN] ModelIntegratedComponent:63 - No mode defined for component null
2024-12-15 11:17:09,390 [WARN] ModelIntegratedComponent:63 - No mode defined for component null
2024-12-15 11:17:09,390 [WARN] ModelIntegratedComponent:63 - No mode defined for component null
2024-12-15 11:17:09,391 [WARN] ModelIntegratedComponent:63 - No mode defined for component null
2024-12-15 11:17:09,391 [WARN] ModelIntegratedComponent:63 - No mode defined for component null
2024-12-15 11:17:09,391 [WARN] ModelIntegratedComponent:63 - No mode defined for component null
2024-12-15 11:17:09,391 [WARN] ModelIntegratedComponent:63 - No mode defined for component null
2024-12-15 11:17:09,391 [WARN] ModelIntegratedComponent:63 - No mode defined for component null
2024-12-15 11:17:09,391 [WARN] ModelIntegratedComponent:63 - No mode defined for component null
2024-12-15 11:17:09,391 [WARN] ModelIntegratedComponent:63 - No mode defined for component null
2024-12-15 11:17:09,391 [WARN] ModelIntegratedComponent:63 - No mode defined for component null
2024-12-15 11:17:09,391 [WARN] ModelIntegratedComponent:63 - No mode defined for component null
2024-12-15 11:17:09,391 [WARN] ModelPack:524 - Component already loaded: STMicroelectronics:HAL Drivers:0.0.0:STMicroelectronics:Device:STMicro_Driver:XSPI:HAL::0.0.1:HAL_XSPI
2024-12-15 11:17:09,395 [INFO] RtosManager:555 - Registered RTOS mode: class=RTOS, group=ThreadX, mode=Core, owner=THREADX
2024-12-15 11:17:09,438 [INFO] ThirdPartyModel:298 - Start build external matchings
2024-12-15 11:17:10,352 [INFO] ThirdPartyModel:316 - End build external matchings
2024-12-15 11:17:10,368 [INFO] HwResourcesManager:1923 - RZone for current mcu STM32U535CEUx : STM32_DIE455_274_512
2024-12-15 11:17:10,380 [INFO] HwResourcesManager:210 - mpc SRAM1 added
2024-12-15 11:17:10,381 [INFO] HwResourcesManager:210 - mpc SRAM2 added
2024-12-15 11:17:10,382 [INFO] HwResourcesManager:210 - mpc SRAM4 added
2024-12-15 11:17:10,384 [INFO] HwResourcesManager:210 - mpc Flash Bank1 added
2024-12-15 11:17:10,386 [INFO] HwResourcesManager:210 - mpc Flash Bank2 added
2024-12-15 11:17:10,387 [INFO] HwResourcesManager:231 - sau Non-Secure Code added
2024-12-15 11:17:10,388 [INFO] HwResourcesManager:231 - sau Non-Secure RAM added
2024-12-15 11:17:10,388 [INFO] HwResourcesManager:231 - sau Non-Secure Peripherals added
2024-12-15 11:17:10,389 [INFO] HwResourcesManager:261 - mpcwm OctoSPI1 added
2024-12-15 11:17:10,391 [INFO] HwResourcesManager:261 - mpcwm Backup SRAM added
2024-12-15 11:17:10,392 [INFO] HwResourcesManager:261 - mpcwm Flash Bank1 added
2024-12-15 11:17:10,393 [INFO] HwResourcesManager:261 - mpcwm Flash Bank2 added
2024-12-15 11:17:10,394 [INFO] HwResourcesManager:461 - Memory Region Flash_Bank1_NS added
2024-12-15 11:17:10,394 [INFO] HwResourcesManager:461 - Memory Region Flash_Bank2_NS added
2024-12-15 11:17:10,395 [INFO] HwResourcesManager:461 - Memory Region SRAM1_C_NS added
2024-12-15 11:17:10,395 [INFO] HwResourcesManager:461 - Memory Region SRAM2_C_NS added
2024-12-15 11:17:10,396 [INFO] HwResourcesManager:461 - Memory Region Flash_Bank1_S added
2024-12-15 11:17:10,396 [INFO] HwResourcesManager:461 - Memory Region Flash_Bank2_S added
2024-12-15 11:17:10,397 [INFO] HwResourcesManager:461 - Memory Region SRAM1_C_S added
2024-12-15 11:17:10,398 [INFO] HwResourcesManager:461 - Memory Region SRAM2_C_S added
2024-12-15 11:17:10,399 [INFO] HwResourcesManager:461 - Memory Region SRAM1_NS added
2024-12-15 11:17:10,399 [INFO] HwResourcesManager:461 - Memory Region SRAM2_NS added
2024-12-15 11:17:10,401 [INFO] HwResourcesManager:461 - Memory Region SRAM4_SRD_NS added
2024-12-15 11:17:10,402 [INFO] HwResourcesManager:461 - Memory Region SRAM1_S added
2024-12-15 11:17:10,403 [INFO] HwResourcesManager:461 - Memory Region SRAM2_S added
2024-12-15 11:17:10,404 [INFO] HwResourcesManager:461 - Memory Region SRAM4_SRD_S added
2024-12-15 11:17:10,406 [INFO] HwResourcesManager:461 - Memory Region Backup_SRAM_NS added
2024-12-15 11:17:10,408 [INFO] HwResourcesManager:461 - Memory Region Backup_SRAM_S added
2024-12-15 11:17:10,409 [INFO] MPCBuilder:369 - MPCBB3_NbArea does not exist.
2024-12-15 11:17:10,546 [INFO] ImportTextPane:205 - (OptionalMessage_ERROR) IP (ADC4) : Parameter (CommonPathInternal) has invalid value (null|null|null|null)
2024-12-15 11:17:10,550 [WARN] IP:2191 - DefaultDataRegion not found: check if there is a RefParameter without a condition.
2024-12-15 11:17:10,551 [INFO] ImportTextPane:205 - (OptionalMessage_ERROR) IP (MEMORYMAP) : Invalid parameter (DefaultDataRegion)
2024-12-15 11:17:10,555 [INFO] ImportTextPane:205 - (OptionalMessage_ERROR) IP (RCC) : Invalid parameter (FamilyName)
2024-12-15 11:17:10,557 [WARN] IP:2191 - OutPut1 not found: check if there is a RefParameter without a condition.
2024-12-15 11:17:10,557 [WARN] IP:2191 - OutPut2 not found: check if there is a RefParameter without a condition.
2024-12-15 11:17:10,557 [WARN] IP:2191 - OutPut3 not found: check if there is a RefParameter without a condition.
2024-12-15 11:17:10,558 [WARN] IP:2191 - BinMixBcdU not found: check if there is a RefParameter without a condition.
2024-12-15 11:17:10,558 [WARN] IP:2191 - SSRU_Underflow_Interrupt not found: check if there is a RefParameter without a condition.
2024-12-15 11:17:10,558 [WARN] IP:2191 - rtcSecureFull not found: check if there is a RefParameter without a condition.
2024-12-15 11:17:10,558 [WARN] IP:2191 - rtcNonSecureFeatures not found: check if there is a RefParameter without a condition.
2024-12-15 11:17:10,558 [WARN] IP:2191 - RTC_NONSECURE_FEATURE_NONE not found: check if there is a RefParameter without a condition.
2024-12-15 11:17:10,558 [WARN] IP:2191 - RTC_NONSECURE_FEATURE_INIT not found: check if there is a RefParameter without a condition.
2024-12-15 11:17:10,558 [WARN] IP:2191 - RTC_NONSECURE_FEATURE_ALRA not found: check if there is a RefParameter without a condition.
2024-12-15 11:17:10,559 [WARN] IP:2191 - RTC_NONSECURE_FEATURE_ALRB not found: check if there is a RefParameter without a condition.
2024-12-15 11:17:10,559 [WARN] IP:2191 - RTC_NONSECURE_FEATURE_TS not found: check if there is a RefParameter without a condition.
2024-12-15 11:17:10,559 [WARN] IP:2191 - RTC_NONSECURE_FEATURE_CAL not found: check if there is a RefParameter without a condition.
2024-12-15 11:17:10,559 [WARN] IP:2191 - RTC_NONSECURE_FEATURE_WUT not found: check if there is a RefParameter without a condition.
2024-12-15 11:17:10,559 [WARN] IP:2191 - Sec_BKP_Registers1 not found: check if there is a RefParameter without a condition.
2024-12-15 11:17:10,559 [WARN] IP:2191 - backupRegisterStartZone2_gS not found: check if there is a RefParameter without a condition.
2024-12-15 11:17:10,559 [WARN] IP:2191 - backupRegisterStartZone3_gS not found: check if there is a RefParameter without a condition.
2024-12-15 11:17:10,560 [WARN] IP:2191 - SSRU_Underflow_Interrupt not found: check if there is a RefParameter without a condition.
2024-12-15 11:17:10,561 [WARN] IP:2191 - BinMixBcdU not found: check if there is a RefParameter without a condition.
2024-12-15 11:17:11,179 [INFO] UtilMem:75 - End LoadConfig() Used Memory: 929334104 Bytes (1073741824)
2024-12-15 11:17:11,259 [WARN] ThirdParty:833 - waiting for thirdparty lock release [change project]
2024-12-15 11:17:11,259 [INFO] ThirdParty:835 - entering critical section [change project]
2024-12-15 11:17:11,260 [INFO] ThirdParty:1030 - CMSIS Pack Vendor :STMicroelectronics USBPD 4.1
2024-12-15 11:17:11,261 [INFO] ThirdParty:1030 - CMSIS Pack Vendor :STMicroelectronics X-CUBE-AZRTOS-H7 3.3.0
2024-12-15 11:17:11,261 [INFO] ThirdParty:1030 - CMSIS Pack Vendor :STMicroelectronics X-CUBE-NFC9 1.0.0
2024-12-15 11:17:11,261 [INFO] ThirdParty:1030 - CMSIS Pack Vendor :STMicroelectronics USB_HOST 2.0.0
2024-12-15 11:17:11,261 [INFO] ThirdParty:1030 - CMSIS Pack Vendor :STMicroelectronics FP-SNS-MOTENVWB1 1.4.0
2024-12-15 11:17:11,261 [INFO] ThirdParty:1030 - CMSIS Pack Vendor :STMicroelectronics X-CUBE-AZRTOS-F4 1.1.0
2024-12-15 11:17:11,261 [INFO] ThirdParty:1030 - CMSIS Pack Vendor :STMicroelectronics LIBJPEG 8.0.0
2024-12-15 11:17:11,261 [INFO] ThirdParty:1030 - CMSIS Pack Vendor :STMicroelectronics FP-ATR-ASTRA1 2.0.1
2024-12-15 11:17:11,261 [INFO] ThirdParty:1030 - CMSIS Pack Vendor :STMicroelectronics X-CUBE-SMBUS 2.1.0
2024-12-15 11:17:11,261 [INFO] ThirdParty:1030 - CMSIS Pack Vendor :STMicroelectronics X-CUBE-WB05N 1.1.0
2024-12-15 11:17:11,261 [INFO] ThirdParty:1030 - CMSIS Pack Vendor :STMicroelectronics USB_DEVICE 3.0.0
2024-12-15 11:17:11,261 [INFO] ThirdParty:1030 - CMSIS Pack Vendor :STMicroelectronics X-CUBE-TCPP 4.1.0
2024-12-15 11:17:11,261 [INFO] ThirdParty:1030 - CMSIS Pack Vendor :STMicroelectronics X-CUBE-ISPU 2.1.0
2024-12-15 11:17:11,261 [INFO] ThirdParty:1030 - CMSIS Pack Vendor :STMicroelectronics X-CUBE-FREERTOS 1.2.0
2024-12-15 11:17:11,261 [INFO] ThirdParty:1030 - CMSIS Pack Vendor :STMicroelectronics X-CUBE-IPS 3.0.0
2024-12-15 11:17:11,262 [INFO] ThirdParty:1030 - CMSIS Pack Vendor :STMicroelectronics X-CUBE-AZRTOS-WB 2.0.0
2024-12-15 11:17:11,262 [INFO] ThirdParty:1030 - CMSIS Pack Vendor :STMicroelectronics X-CUBE-GNSS1 7.0.0
2024-12-15 11:17:11,262 [INFO] ThirdParty:1030 - CMSIS Pack Vendor :STMicroelectronics X-CUBE-AZRTOS-F7 1.1.0
2024-12-15 11:17:11,262 [INFO] ThirdParty:1030 - CMSIS Pack Vendor :STMicroelectronics X-CUBE-AZRTOS-L5 2.0.0
2024-12-15 11:17:11,262 [INFO] ThirdParty:1030 - CMSIS Pack Vendor :STMicroelectronics USB_DEVICE 2.0.0
2024-12-15 11:17:11,262 [INFO] ThirdParty:1030 - CMSIS Pack Vendor :STMicroelectronics X-CUBE-NFC6 3.1.0
2024-12-15 11:17:11,262 [INFO] ThirdParty:1030 - CMSIS Pack Vendor :STMicroelectronics FP-SNS-STBOX1 2.0.0
2024-12-15 11:17:11,262 [INFO] ThirdParty:1030 - CMSIS Pack Vendor :STMicroelectronics X-CUBE-MEMS1 11.0.0
2024-12-15 11:17:11,262 [INFO] ThirdParty:1030 - CMSIS Pack Vendor :STMicroelectronics FreeRTOS 0.0.1
2024-12-15 11:17:11,262 [INFO] ThirdParty:1030 - CMSIS Pack Vendor :STMicroelectronics X-CUBE-AZRTOS-G0 1.1.0
2024-12-15 11:17:11,262 [INFO] ThirdParty:1030 - CMSIS Pack Vendor :STMicroelectronics X-CUBE-SAFEA1 1.2.2
2024-12-15 11:17:11,262 [INFO] ThirdParty:1030 - CMSIS Pack Vendor :STMicroelectronics X-CUBE-NFC4 3.0.0
2024-12-15 11:17:11,262 [INFO] ThirdParty:1030 - CMSIS Pack Vendor :STMicroelectronics X-CUBE-DPower 1.2.0
2024-12-15 11:17:11,263 [INFO] ThirdParty:1030 - CMSIS Pack Vendor :STMicroelectronics X-CUBE-SUBG2 5.0.0
2024-12-15 11:17:11,263 [INFO] ThirdParty:1030 - CMSIS Pack Vendor :STMicroelectronics STM32_WPAN 1.0.0
2024-12-15 11:17:11,263 [INFO] ThirdParty:1030 - CMSIS Pack Vendor :EmbeddedOffice I-CUBE-FS-RTOS 1.0.1
2024-12-15 11:17:11,263 [INFO] ThirdParty:1030 - CMSIS Pack Vendor :STMicroelectronics lwIP 2.0.3
2024-12-15 11:17:11,263 [INFO] ThirdParty:1030 - CMSIS Pack Vendor :STMicroelectronics FP-SNS-FLIGHT1 5.0.2
2024-12-15 11:17:11,263 [INFO] ThirdParty:1030 - CMSIS Pack Vendor :Cesanta I-CUBE-Mongoose 7.13.0
2024-12-15 11:17:11,263 [INFO] ThirdParty:1030 - CMSIS Pack Vendor :STMicroelectronics USB_HOST 1.0.0
2024-12-15 11:17:11,263 [INFO] ThirdParty:1030 - CMSIS Pack Vendor :Infineon AIROC-Wi-Fi-Bluetooth-STM32 1.7.0
2024-12-15 11:17:11,263 [INFO] ThirdParty:1030 - CMSIS Pack Vendor :STMicroelectronics X-CUBE-AZRTOS-G4 2.0.0
2024-12-15 11:17:11,263 [INFO] ThirdParty:1030 - CMSIS Pack Vendor :STMicroelectronics PDM2PCM 3.1.0
2024-12-15 11:17:11,263 [INFO] ThirdParty:1030 - CMSIS Pack Vendor :STMicroelectronics PDM2PCM 3.3.0
2024-12-15 11:17:11,263 [INFO] ThirdParty:1030 - CMSIS Pack Vendor :STMicroelectronics X-CUBE-DISPLAY 3.0.0
2024-12-15 11:17:11,263 [INFO] ThirdParty:1030 - CMSIS Pack Vendor :RealThread X-CUBE-RT-Thread_Nano 4.1.1
2024-12-15 11:17:11,264 [INFO] ThirdParty:1030 - CMSIS Pack Vendor :STMicroelectronics X-CUBE-BLE1 7.0.0
2024-12-15 11:17:11,264 [INFO] ThirdParty:1030 - CMSIS Pack Vendor :STMicroelectronics FP-ATR-SIGFOX1 3.2.0
2024-12-15 11:17:11,264 [INFO] ThirdParty:1030 - CMSIS Pack Vendor :STMicroelectronics X-CUBE-NFC10 1.0.0
2024-12-15 11:17:11,264 [INFO] ThirdParty:1030 - CMSIS Pack Vendor :quantropi X-CUBE-qispace-sdk-base 1.9.3
2024-12-15 11:17:11,264 [INFO] ThirdParty:1030 - CMSIS Pack Vendor :STMicroelectronics X-CUBE-BLEMGR 4.0.0
2024-12-15 11:17:11,264 [INFO] ThirdParty:1030 - CMSIS Pack Vendor :STMicroelectronics X-CUBE-EEPRMA1 5.1.0
2024-12-15 11:17:11,264 [INFO] ThirdParty:1030 - CMSIS Pack Vendor :STMicroelectronics HAL Drivers 0.0.0
2024-12-15 11:17:11,264 [INFO] ThirdParty:1030 - CMSIS Pack Vendor :STMicroelectronics MBEDTLS 2.16.2
2024-12-15 11:17:11,264 [INFO] ThirdParty:1030 - CMSIS Pack Vendor :STMicroelectronics X-CUBE-ALS 1.0.2
2024-12-15 11:17:11,264 [INFO] ThirdParty:1030 - CMSIS Pack Vendor :emotas I-CUBE-CANOPEN 1.3.0
2024-12-15 11:17:11,264 [INFO] ThirdParty:1030 - CMSIS Pack Vendor :wolfSSL I-CUBE-wolfSSL 5.7.4
2024-12-15 11:17:11,264 [INFO] ThirdParty:1030 - CMSIS Pack Vendor :STMicroelectronics X-CUBE-NFC7 1.0.1
2024-12-15 11:17:11,264 [INFO] ThirdParty:1030 - CMSIS Pack Vendor :STMicroelectronics MBEDTLS 2.14.1
2024-12-15 11:17:11,264 [INFO] ThirdParty:1030 - CMSIS Pack Vendor :ITTIA_DB I-CUBE-ITTIADB 8.9.0
2024-12-15 11:17:11,264 [INFO] ThirdParty:1030 - CMSIS Pack Vendor :STMicroelectronics X-CUBE-TOUCHGFX 4.24.1
2024-12-15 11:17:11,265 [INFO] ThirdParty:1030 - CMSIS Pack Vendor :wolfSSL I-CUBE-wolfTPM 3.4.0
2024-12-15 11:17:11,265 [INFO] ThirdParty:1030 - CMSIS Pack Vendor :portGmbH I-Cube-SoM-uGOAL 1.1.0
2024-12-15 11:17:11,265 [INFO] ThirdParty:1030 - CMSIS Pack Vendor :STMicroelectronics ThreadX 1.0.0
2024-12-15 11:17:11,266 [INFO] ThirdParty:1030 - CMSIS Pack Vendor :STMicroelectronics FP-SNS-SMARTAG2 1.2.0
2024-12-15 11:17:11,266 [INFO] ThirdParty:1030 - CMSIS Pack Vendor :STMicroelectronics X-CUBE-AZRTOS-WL 2.0.0
2024-12-15 11:17:11,266 [INFO] ThirdParty:1030 - CMSIS Pack Vendor :SEGGER I-CUBE-embOS 1.3.1
2024-12-15 11:17:11,266 [INFO] ThirdParty:1030 - CMSIS Pack Vendor :STMicroelectronics X-CUBE-ALGOBUILD 1.4.0
2024-12-15 11:17:11,266 [INFO] ThirdParty:1030 - CMSIS Pack Vendor :STMicroelectronics FP-SNS-MOTENV1 5.0.0
2024-12-15 11:17:11,266 [INFO] ThirdParty:1030 - CMSIS Pack Vendor :STMicroelectronics USB_DEVICE 1.0.0
2024-12-15 11:17:11,267 [INFO] ThirdParty:1030 - CMSIS Pack Vendor :STMicroelectronics X-CUBE-AZRTOS-H7RS 1.0.0
2024-12-15 11:17:11,267 [INFO] ThirdParty:1030 - CMSIS Pack Vendor :wolfSSL I-CUBE-wolfMQTT 1.19.0
2024-12-15 11:17:11,268 [INFO] ThirdParty:1030 - CMSIS Pack Vendor :STMicroelectronics X-CUBE-AZRTOS-L4 2.0.0
2024-12-15 11:17:11,268 [INFO] ThirdParty:1030 - CMSIS Pack Vendor :STMicroelectronics ThreadX 0.0.2
2024-12-15 11:17:11,268 [INFO] ThirdParty:1030 - CMSIS Pack Vendor :WES I-CUBE-Cesium 1.3.0
2024-12-15 11:17:11,268 [INFO] ThirdParty:1030 - CMSIS Pack Vendor :STMicroelectronics lwIP 2.1.2
2024-12-15 11:17:11,268 [INFO] ThirdParty:1030 - CMSIS Pack Vendor :STMicroelectronics X-CUBE-SFXS2LP1 4.0.0
2024-12-15 11:17:11,268 [INFO] ThirdParty:1030 - CMSIS Pack Vendor :STMicroelectronics X-CUBE-BLE2 3.3.0
2024-12-15 11:17:11,268 [INFO] ThirdParty:1030 - CMSIS Pack Vendor :STMicroelectronics X-CUBE-TOF1 3.4.2
2024-12-15 11:17:11,268 [INFO] ThirdParty:1030 - CMSIS Pack Vendor :STMicroelectronics X-CUBE-AI 9.1.0
2024-12-15 11:17:11,269 [INFO] ThirdParty:1030 - CMSIS Pack Vendor :STMicroelectronics PDM2PCM 3.2.0
2024-12-15 11:17:11,269 [INFO] ThirdParty:1030 - CMSIS Pack Vendor :wolfSSL I-CUBE-wolfSSH 1.4.17
2024-12-15 11:17:11,269 [INFO] ThirdParty:841 - exiting critical section [change project]
2024-12-15 11:17:11,762 [INFO] PinOutPanel:1561 - setPackage(No Configuration,No Configuration)
2024-12-15 11:17:11,763 [INFO] PinOutPanel:1561 - setPackage(STM32U535CEUx,UFQFPN48)
2024-12-15 11:17:12,122 [INFO] MemInfoExtractor:277 - EVENT_MCU_SET_IP_PARAMETER
2024-12-15 11:17:13,211 [INFO] MemInfoExtractor:277 - EVENT_MCU_SET_IP_PARAMETER
2024-12-15 11:17:13,406 [INFO] MemInfoExtractor:277 - EVENT_MCU_SET_IP_PARAMETER
2024-12-15 11:17:13,611 [INFO] MemInfoExtractor:277 - EVENT_MCU_SET_IP_PARAMETER
2024-12-15 11:17:13,798 [INFO] MemInfoExtractor:277 - EVENT_MCU_SET_IP_PARAMETER
2024-12-15 11:17:13,988 [INFO] UtilMem:75 - Before build in PCC Used Memory: 926593936 Bytes (1073741824)
2024-12-15 11:17:18,603 [INFO] UtilMem:75 - After build in PCC Used Memory: 822058376 Bytes (1073741824)
2024-12-15 11:17:18,660 [INFO] IPUIPlugin:80 - create IPUIPlugin
2024-12-15 11:17:18,660 [INFO] IPUIPlugin:80 - create IPUIPlugin
2024-12-15 11:17:18,661 [INFO] IPUIPlugin:80 - create IPUIPlugin
2024-12-15 11:17:18,661 [INFO] IPUIPlugin:80 - create IPUIPlugin
2024-12-15 11:17:18,662 [INFO] IPUIPlugin:80 - create IPUIPlugin
2024-12-15 11:17:18,662 [INFO] IPUIPlugin:80 - create IPUIPlugin
2024-12-15 11:17:18,662 [INFO] IPUIPlugin:80 - create IPUIPlugin
2024-12-15 11:17:18,662 [INFO] IPUIPlugin:80 - create IPUIPlugin
2024-12-15 11:17:18,663 [INFO] IPUIPlugin:80 - create IPUIPlugin
2024-12-15 11:17:18,663 [INFO] IPUIPlugin:80 - create IPUIPlugin
2024-12-15 11:17:18,663 [INFO] IPUIPlugin:80 - create IPUIPlugin
2024-12-15 11:17:18,664 [INFO] IPUIPlugin:80 - create IPUIPlugin
2024-12-15 11:17:18,664 [INFO] IPUIPlugin:80 - create IPUIPlugin
2024-12-15 11:17:18,664 [INFO] IPUIPlugin:80 - create IPUIPlugin
2024-12-15 11:17:18,665 [INFO] IPUIPlugin:80 - create IPUIPlugin
2024-12-15 11:17:18,665 [INFO] IPUIPlugin:80 - create IPUIPlugin
2024-12-15 11:17:18,665 [INFO] IPUIPlugin:80 - create IPUIPlugin
2024-12-15 11:17:18,665 [INFO] IPUIPlugin:80 - create IPUIPlugin
2024-12-15 11:17:18,665 [INFO] IPUIPlugin:80 - create IPUIPlugin
2024-12-15 11:17:18,666 [INFO] IPUIPlugin:80 - create IPUIPlugin
2024-12-15 11:17:18,666 [INFO] IPUIPlugin:80 - create IPUIPlugin
2024-12-15 11:17:18,666 [INFO] IPUIPlugin:80 - create IPUIPlugin
2024-12-15 11:17:18,667 [INFO] IPUIPlugin:80 - create IPUIPlugin
2024-12-15 11:17:18,667 [INFO] IPUIPlugin:80 - create IPUIPlugin
2024-12-15 11:17:18,668 [INFO] IPUIPlugin:80 - create IPUIPlugin
2024-12-15 11:17:18,671 [INFO] IPUIPlugin:80 - create IPUIPlugin
2024-12-15 11:17:18,672 [INFO] IPUIPlugin:80 - create IPUIPlugin
2024-12-15 11:17:18,673 [INFO] IPUIPlugin:80 - create IPUIPlugin
2024-12-15 11:17:18,674 [INFO] IPUIPlugin:80 - create IPUIPlugin
2024-12-15 11:17:18,674 [INFO] IPUIPlugin:80 - create IPUIPlugin
2024-12-15 11:17:18,675 [INFO] IPUIPlugin:80 - create IPUIPlugin
2024-12-15 11:17:18,675 [INFO] IPUIPlugin:80 - create IPUIPlugin
2024-12-15 11:17:18,676 [INFO] IPUIPlugin:80 - create IPUIPlugin
2024-12-15 11:17:18,677 [INFO] IPUIPlugin:80 - create IPUIPlugin
2024-12-15 11:17:18,678 [INFO] IPUIPlugin:80 - create IPUIPlugin
2024-12-15 11:17:18,678 [INFO] IPUIPlugin:80 - create IPUIPlugin
2024-12-15 11:17:18,679 [INFO] IPUIPlugin:80 - create IPUIPlugin
2024-12-15 11:17:18,680 [INFO] IPUIPlugin:80 - create IPUIPlugin
2024-12-15 11:17:18,681 [INFO] IPUIPlugin:80 - create IPUIPlugin
2024-12-15 11:17:18,681 [INFO] IPUIPlugin:80 - create IPUIPlugin
2024-12-15 11:17:18,682 [INFO] IPUIPlugin:80 - create IPUIPlugin
2024-12-15 11:17:18,682 [INFO] IPUIPlugin:80 - create IPUIPlugin
2024-12-15 11:17:18,683 [INFO] IPUIPlugin:80 - create IPUIPlugin
2024-12-15 11:17:18,684 [INFO] IPUIPlugin:80 - create IPUIPlugin
2024-12-15 11:17:18,685 [INFO] IPUIPlugin:80 - create IPUIPlugin
2024-12-15 11:17:18,688 [INFO] IPUIPlugin:80 - create IPUIPlugin
2024-12-15 11:17:18,689 [INFO] IPUIPlugin:80 - create IPUIPlugin
2024-12-15 11:17:18,690 [INFO] IPUIPlugin:80 - create IPUIPlugin
2024-12-15 11:17:18,691 [INFO] IPUIPlugin:80 - create IPUIPlugin
2024-12-15 11:17:18,692 [INFO] IPUIPlugin:80 - create IPUIPlugin
2024-12-15 11:17:18,692 [INFO] IPUIPlugin:80 - create IPUIPlugin
2024-12-15 11:17:18,693 [INFO] IPUIPlugin:80 - create IPUIPlugin
2024-12-15 11:17:18,694 [INFO] IPUIPlugin:80 - create IPUIPlugin
2024-12-15 11:17:18,694 [INFO] IPUIPlugin:80 - create IPUIPlugin
2024-12-15 11:17:18,695 [INFO] IPUIPlugin:80 - create IPUIPlugin
2024-12-15 11:17:18,696 [INFO] IPUIPlugin:80 - create IPUIPlugin
2024-12-15 11:17:18,697 [INFO] IPUIPlugin:80 - create IPUIPlugin
2024-12-15 11:17:18,698 [INFO] IPUIPlugin:80 - create IPUIPlugin
2024-12-15 11:17:18,699 [INFO] IPUIPlugin:80 - create IPUIPlugin
2024-12-15 11:17:18,699 [INFO] IPUIPlugin:80 - create IPUIPlugin
2024-12-15 11:17:18,700 [INFO] IPUIPlugin:80 - create IPUIPlugin
2024-12-15 11:17:18,701 [INFO] IPUIPlugin:80 - create IPUIPlugin
2024-12-15 11:17:18,703 [INFO] IPUIPlugin:80 - create IPUIPlugin
2024-12-15 11:17:18,704 [INFO] IPUIPlugin:80 - create IPUIPlugin
2024-12-15 11:17:18,705 [INFO] IPUIPlugin:80 - create IPUIPlugin
2024-12-15 11:17:18,707 [INFO] IPUIPlugin:80 - create IPUIPlugin
2024-12-15 11:17:18,707 [INFO] IPUIPlugin:80 - create IPUIPlugin
2024-12-15 11:17:18,709 [INFO] IPUIPlugin:80 - create IPUIPlugin
2024-12-15 11:17:18,709 [INFO] IPUIPlugin:80 - create IPUIPlugin
2024-12-15 11:17:18,710 [INFO] IPUIPlugin:80 - create IPUIPlugin
2024-12-15 11:17:18,711 [INFO] IPUIPlugin:80 - create IPUIPlugin
2024-12-15 11:17:18,711 [INFO] IPUIPlugin:80 - create IPUIPlugin
2024-12-15 11:17:18,712 [INFO] IPUIPlugin:80 - create IPUIPlugin
2024-12-15 11:17:18,712 [INFO] IPUIPlugin:80 - create IPUIPlugin
2024-12-15 11:17:18,713 [INFO] IPUIPlugin:80 - create IPUIPlugin
2024-12-15 11:17:18,713 [INFO] IPUIPlugin:80 - create IPUIPlugin
2024-12-15 11:17:18,714 [INFO] IPUIPlugin:80 - create IPUIPlugin
2024-12-15 11:17:18,715 [INFO] IPUIPlugin:80 - create IPUIPlugin
2024-12-15 11:17:18,716 [INFO] IPUIPlugin:80 - create IPUIPlugin
2024-12-15 11:17:18,716 [INFO] IPUIPlugin:80 - create IPUIPlugin
2024-12-15 11:17:18,717 [INFO] IPUIPlugin:80 - create IPUIPlugin
2024-12-15 11:17:18,720 [INFO] IPUIPlugin:80 - create IPUIPlugin
2024-12-15 11:17:18,722 [INFO] IPUIPlugin:80 - create IPUIPlugin
2024-12-15 11:17:18,723 [INFO] IPUIPlugin:80 - create IPUIPlugin
2024-12-15 11:17:18,724 [INFO] IPUIPlugin:80 - create IPUIPlugin
2024-12-15 11:17:18,735 [INFO] LogOutputStream:77 - [STDOUT_REDIRECT] Nominal 
2024-12-15 11:17:18,735 [INFO] Can:71 - Can Add PropertyChangeListener com.st.microxplorer.plugins.ip.can.Can@def46d4
2024-12-15 11:17:18,967 [INFO] CADModel:165 - CPN selected for project levelSTM32U535CEU6
2024-12-15 11:17:18,967 [INFO] CADModel:114 - Register for checkConnection events
2024-12-15 11:17:19,063 [INFO] OpenFileManager:363 - Restore cursor
2024-12-15 11:17:19,868 [INFO] MemInfoExtractor:277 - EVENT_MCU_SET_IP_PARAMETER
2024-12-15 11:17:20,284 [WARN] IP:2191 - OutPut1 not found: check if there is a RefParameter without a condition.
2024-12-15 11:17:20,284 [WARN] IP:2191 - OutPut2 not found: check if there is a RefParameter without a condition.
2024-12-15 11:17:20,284 [WARN] IP:2191 - OutPut3 not found: check if there is a RefParameter without a condition.
2024-12-15 11:17:20,284 [WARN] IP:2191 - BinMixBcdU not found: check if there is a RefParameter without a condition.
2024-12-15 11:17:20,284 [WARN] IP:2191 - SSRU_Underflow_Interrupt not found: check if there is a RefParameter without a condition.
2024-12-15 11:17:20,284 [WARN] IP:2191 - rtcSecureFull not found: check if there is a RefParameter without a condition.
2024-12-15 11:17:20,284 [WARN] IP:2191 - rtcNonSecureFeatures not found: check if there is a RefParameter without a condition.
2024-12-15 11:17:20,284 [WARN] IP:2191 - RTC_NONSECURE_FEATURE_NONE not found: check if there is a RefParameter without a condition.
2024-12-15 11:17:20,284 [WARN] IP:2191 - RTC_NONSECURE_FEATURE_INIT not found: check if there is a RefParameter without a condition.
2024-12-15 11:17:20,284 [WARN] IP:2191 - RTC_NONSECURE_FEATURE_ALRA not found: check if there is a RefParameter without a condition.
2024-12-15 11:17:20,285 [WARN] IP:2191 - RTC_NONSECURE_FEATURE_ALRB not found: check if there is a RefParameter without a condition.
2024-12-15 11:17:20,285 [WARN] IP:2191 - RTC_NONSECURE_FEATURE_TS not found: check if there is a RefParameter without a condition.
2024-12-15 11:17:20,285 [WARN] IP:2191 - RTC_NONSECURE_FEATURE_CAL not found: check if there is a RefParameter without a condition.
2024-12-15 11:17:20,285 [WARN] IP:2191 - RTC_NONSECURE_FEATURE_WUT not found: check if there is a RefParameter without a condition.
2024-12-15 11:17:20,285 [WARN] IP:2191 - Sec_BKP_Registers1 not found: check if there is a RefParameter without a condition.
2024-12-15 11:17:20,285 [WARN] IP:2191 - backupRegisterStartZone2_gS not found: check if there is a RefParameter without a condition.
2024-12-15 11:17:20,285 [WARN] IP:2191 - backupRegisterStartZone3_gS not found: check if there is a RefParameter without a condition.
2024-12-15 11:17:20,287 [WARN] IP:2191 - SSRU_Underflow_Interrupt not found: check if there is a RefParameter without a condition.
2024-12-15 11:17:20,287 [WARN] IP:2191 - BinMixBcdU not found: check if there is a RefParameter without a condition.
2024-12-15 11:17:20,290 [WARN] IP:2191 - OutPut1 not found: check if there is a RefParameter without a condition.
2024-12-15 11:17:20,290 [WARN] IP:2191 - OutPut2 not found: check if there is a RefParameter without a condition.
2024-12-15 11:17:20,290 [WARN] IP:2191 - OutPut3 not found: check if there is a RefParameter without a condition.
2024-12-15 11:17:20,290 [WARN] IP:2191 - BinMixBcdU not found: check if there is a RefParameter without a condition.
2024-12-15 11:17:20,290 [WARN] IP:2191 - SSRU_Underflow_Interrupt not found: check if there is a RefParameter without a condition.
2024-12-15 11:17:20,291 [WARN] IP:2191 - rtcSecureFull not found: check if there is a RefParameter without a condition.
2024-12-15 11:17:20,291 [WARN] IP:2191 - rtcNonSecureFeatures not found: check if there is a RefParameter without a condition.
2024-12-15 11:17:20,291 [WARN] IP:2191 - RTC_NONSECURE_FEATURE_NONE not found: check if there is a RefParameter without a condition.
2024-12-15 11:17:20,291 [WARN] IP:2191 - RTC_NONSECURE_FEATURE_INIT not found: check if there is a RefParameter without a condition.
2024-12-15 11:17:20,291 [WARN] IP:2191 - RTC_NONSECURE_FEATURE_ALRA not found: check if there is a RefParameter without a condition.
2024-12-15 11:17:20,291 [WARN] IP:2191 - RTC_NONSECURE_FEATURE_ALRB not found: check if there is a RefParameter without a condition.
2024-12-15 11:17:20,291 [WARN] IP:2191 - RTC_NONSECURE_FEATURE_TS not found: check if there is a RefParameter without a condition.
2024-12-15 11:17:20,291 [WARN] IP:2191 - RTC_NONSECURE_FEATURE_CAL not found: check if there is a RefParameter without a condition.
2024-12-15 11:17:20,291 [WARN] IP:2191 - RTC_NONSECURE_FEATURE_WUT not found: check if there is a RefParameter without a condition.
2024-12-15 11:17:20,291 [WARN] IP:2191 - Sec_BKP_Registers1 not found: check if there is a RefParameter without a condition.
2024-12-15 11:17:20,291 [WARN] IP:2191 - backupRegisterStartZone2_gS not found: check if there is a RefParameter without a condition.
2024-12-15 11:17:20,291 [WARN] IP:2191 - backupRegisterStartZone3_gS not found: check if there is a RefParameter without a condition.
2024-12-15 11:17:20,293 [WARN] IP:2191 - SSRU_Underflow_Interrupt not found: check if there is a RefParameter without a condition.
2024-12-15 11:17:20,293 [WARN] IP:2191 - BinMixBcdU not found: check if there is a RefParameter without a condition.
2024-12-15 11:18:07,506 [INFO] MainUpdater:2873 - connection check result : 10
2024-12-15 11:18:07,506 [INFO] MainUpdater:2873 - connection check result : 10
2024-12-15 11:18:07,718 [INFO] LogOutputStream:77 - [STDOUT_REDIRECT] Nominal 
2024-12-15 11:18:07,755 [INFO] I2cTimingTraitement:330 - 0x30909DEC
2024-12-15 11:18:07,760 [INFO] MicroXplorer:468 - Change Database Path : 
2024-12-15 11:18:07,760 [INFO] MicroXplorer:498 - Change Database Version : DB.6.0.121
2024-12-15 11:18:07,794 [ERROR] ProjectManagerView:394 - 
java.lang.NullPointerException: Cannot invoke "javax.swing.JTextField.getText()" because the return value of "java.util.List.get(int)" is null
	at com.st.microxplorer.plugins.projectmanager.gui.ProjectChoiceTab$10.caretUpdate(ProjectChoiceTab.java:2622) ~[filemanager.jar:?]
	at javax.swing.text.JTextComponent.fireCaretUpdate(JTextComponent.java:412) ~[?:?]
	at javax.swing.text.JTextComponent$MutableCaretEvent.fire(JTextComponent.java:4491) ~[?:?]
	at javax.swing.text.JTextComponent$MutableCaretEvent.stateChanged(JTextComponent.java:4513) ~[?:?]
	at javax.swing.text.DefaultCaret.fireStateChanged(DefaultCaret.java:842) ~[?:?]
	at javax.swing.text.DefaultCaret.changeCaretPosition(DefaultCaret.java:1313) ~[?:?]
	at javax.swing.text.DefaultCaret.handleSetDot(DefaultCaret.java:1212) ~[?:?]
	at javax.swing.text.DefaultCaret.setDot(DefaultCaret.java:1193) ~[?:?]
	at javax.swing.text.DefaultCaret$Handler.insertUpdate(DefaultCaret.java:1789) ~[?:?]
	at javax.swing.text.AbstractDocument.fireInsertUpdate(AbstractDocument.java:226) ~[?:?]
	at javax.swing.text.AbstractDocument.handleInsertString(AbstractDocument.java:780) ~[?:?]
	at javax.swing.text.AbstractDocument.insertString(AbstractDocument.java:739) ~[?:?]
	at javax.swing.text.PlainDocument.insertString(PlainDocument.java:131) ~[?:?]
	at javax.swing.text.AbstractDocument.replace(AbstractDocument.java:698) ~[?:?]
	at javax.swing.text.JTextComponent.setText(JTextComponent.java:1729) ~[?:?]
	at com.st.microxplorer.plugins.projectmanager.gui.ProjectChoiceTab.createHeapStackFields(ProjectChoiceTab.java:972) ~[filemanager.jar:?]
	at com.st.microxplorer.plugins.projectmanager.gui.ProjectChoiceTab.buildLinkSettingsPanel(ProjectChoiceTab.java:3597) ~[filemanager.jar:?]
	at com.st.microxplorer.plugins.projectmanager.gui.ProjectChoiceTab.defineWindowsFields(ProjectChoiceTab.java:1940) ~[filemanager.jar:?]
	at com.st.microxplorer.plugins.projectmanager.gui.ProjectChoiceTab.updateSettings(ProjectChoiceTab.java:550) ~[filemanager.jar:?]
	at com.st.microxplorer.plugins.projectmanager.gui.ProjectSettingsPanel.UpdateDialog(ProjectSettingsPanel.java:245) ~[filemanager.jar:?]
	at com.st.microxplorer.plugins.projectmanager.ProjectManagerView.propertyChange(ProjectManagerView.java:391) ~[filemanager.jar:?]
	at java.beans.PropertyChangeSupport.fire(PropertyChangeSupport.java:343) ~[?:?]
	at java.beans.PropertyChangeSupport.firePropertyChange(PropertyChangeSupport.java:335) ~[?:?]
	at java.beans.PropertyChangeSupport.firePropertyChange(PropertyChangeSupport.java:268) ~[?:?]
	at com.st.microxplorer.util.MXPropertyChangeSupport.firePropertyChange(MXPropertyChangeSupport.java:54) ~[STM32CubeMX.jar:?]
	at com.st.microxplorer.mxsystem.MxSystem.closeConfig(MxSystem.java:900) ~[STM32CubeMX.jar:?]
	at com.st.microxplorer.maingui.MainPanel.closeConfig(MainPanel.java:781) ~[STM32CubeMX.jar:?]
	at com.st.microxplorer.plugins.filemanager.engine.OpenFileManager.loadConfigurationFile(OpenFileManager.java:265) ~[filemanager.jar:?]
	at com.st.microxplorer.plugins.filemanager.engine.MainFileManager.userLoadConfig(MainFileManager.java:352) ~[filemanager.jar:?]
	at com.st.microxplorer.plugins.filemanager.engine.MainFileManager.userLoadConfig(MainFileManager.java:330) ~[filemanager.jar:?]
	at com.st.microxplorer.plugins.filemanager.FileManagerView.getSpecificTask(FileManagerView.java:246) ~[filemanager.jar:?]
	at com.st.stm32cube.common.mx.editor.CubeMxEditor.getMxTabbedPaneInstance(CubeMxEditor.java:1198) ~[com.st.stm32cube.common.mx_6.12.1.202409122256/:?]
	at com.st.stm32cube.common.mx.editor.CubeMxEditor$12$1.createSwingComponent(CubeMxEditor.java:1068) ~[com.st.stm32cube.common.mx_6.12.1.202409122256/:?]
	at com.st.stm32cube.common.mx.oss.core.awtswtbridge.EmbeddedSwingComposite.doComponentCreation(EmbeddedSwingComposite.java:492) ~[com.st.stm32cube.common.mx.oss_6.12.1.202409122256/:?]
	at com.st.stm32cube.common.mx.oss.core.awtswtbridge.EmbeddedSwingComposite$4.run(EmbeddedSwingComposite.java:291) ~[com.st.stm32cube.common.mx.oss_6.12.1.202409122256/:?]
	at com.st.stm32cube.common.mx.oss.core.awtswtbridge.AwtEnvironment$2.run(AwtEnvironment.java:166) ~[com.st.stm32cube.common.mx.oss_6.12.1.202409122256/:?]
	at java.awt.event.InvocationEvent.dispatch(InvocationEvent.java:318) ~[?:?]
	at java.awt.EventQueue.dispatchEventImpl(EventQueue.java:773) ~[?:?]
	at java.awt.EventQueue$4.run(EventQueue.java:720) ~[?:?]
	at java.awt.EventQueue$4.run(EventQueue.java:714) ~[?:?]
	at java.security.AccessController.doPrivileged(AccessController.java:399) ~[?:?]
	at java.security.ProtectionDomain$JavaSecurityAccessImpl.doIntersectionPrivilege(ProtectionDomain.java:86) ~[?:?]
	at java.awt.EventQueue.dispatchEvent(EventQueue.java:742) ~[?:?]
	at java.awt.EventDispatchThread.pumpOneEventForFilters(EventDispatchThread.java:203) ~[?:?]
	at java.awt.EventDispatchThread.pumpEventsForFilter(EventDispatchThread.java:124) ~[?:?]
	at java.awt.EventDispatchThread.pumpEventsForHierarchy(EventDispatchThread.java:113) ~[?:?]
	at java.awt.EventDispatchThread.pumpEvents(EventDispatchThread.java:109) ~[?:?]
	at java.awt.EventDispatchThread.pumpEvents(EventDispatchThread.java:101) ~[?:?]
	at java.awt.EventDispatchThread.run(EventDispatchThread.java:90) ~[?:?]
2024-12-15 11:18:07,796 [WARN] ThirdParty:871 - waiting for thirdparty lock release [close project]
2024-12-15 11:18:07,796 [INFO] ThirdParty:873 - entering critical section [close project]
2024-12-15 11:18:07,796 [INFO] ThirdParty:883 - exiting critical section [close project]
2024-12-15 11:18:07,799 [INFO] PinOutPanel:1561 - setPackage(No Configuration,No Configuration)
2024-12-15 11:18:07,930 [INFO] UtilMem:75 - Begin LoadConfig() Used Memory: 866816880 Bytes (1073741824)
2024-12-15 11:18:07,932 [INFO] MicroXplorer:468 - Change Database Path : 
2024-12-15 11:18:07,932 [INFO] MicroXplorer:498 - Change Database Version : DB.6.0.121
2024-12-15 11:18:07,932 [INFO] OpenFileManager:332 - Change cursor
2024-12-15 11:18:07,965 [INFO] Mcu:2032 - Initializing MCU STM32G431C(6-8-B)Ux STM32G431CBUx STM32G431CBU3
2024-12-15 11:18:15,095 [INFO] Context:742 - Trying to add GPIOservice into a context  which must be forbidden
2024-12-15 11:18:16,063 [INFO] RtosManager:555 - Registered RTOS mode: class=CMSIS, group=RTOS, mode=CMSIS_V1, owner=FREERTOS
2024-12-15 11:18:16,063 [INFO] RtosManager:555 - Registered RTOS mode: class=CMSIS, group=RTOS2, mode=CMSIS_V2, owner=FREERTOS
2024-12-15 11:18:16,063 [INFO] RtosManager:555 - Registered RTOS mode: class=RTOS, group=Core, mode=CMSIS_V1, owner=FREERTOS
2024-12-15 11:18:16,063 [INFO] RtosManager:555 - Registered RTOS mode: class=RTOS, group=Core, mode=CMSIS_V2, owner=FREERTOS
2024-12-15 11:18:16,063 [WARN] ModelIntegratedComponent:184 - Missing modes for component STMicroelectronics:FreeRTOS:0.0.1:STMicroelectronics:RTOS:FreeRTOS:Core:::10.2.0:
2024-12-15 11:18:16,076 [WARN] ModelIntegratedComponent:63 - No mode defined for component null
2024-12-15 11:18:16,076 [WARN] ModelIntegratedComponent:63 - No mode defined for component null
2024-12-15 11:18:16,076 [WARN] ModelIntegratedComponent:63 - No mode defined for component null
2024-12-15 11:18:16,076 [WARN] ModelIntegratedComponent:63 - No mode defined for component null
2024-12-15 11:18:16,077 [WARN] ModelIntegratedComponent:63 - No mode defined for component null
2024-12-15 11:18:16,077 [WARN] ModelIntegratedComponent:63 - No mode defined for component null
2024-12-15 11:18:16,077 [WARN] ModelIntegratedComponent:63 - No mode defined for component null
2024-12-15 11:18:16,077 [WARN] ModelIntegratedComponent:63 - No mode defined for component null
2024-12-15 11:18:16,077 [WARN] ModelIntegratedComponent:63 - No mode defined for component null
2024-12-15 11:18:16,077 [WARN] ModelIntegratedComponent:63 - No mode defined for component null
2024-12-15 11:18:16,077 [WARN] ModelIntegratedComponent:63 - No mode defined for component null
2024-12-15 11:18:16,078 [WARN] ModelIntegratedComponent:63 - No mode defined for component null
2024-12-15 11:18:16,078 [WARN] ModelIntegratedComponent:63 - No mode defined for component null
2024-12-15 11:18:16,078 [WARN] ModelIntegratedComponent:63 - No mode defined for component null
2024-12-15 11:18:16,078 [WARN] ModelIntegratedComponent:63 - No mode defined for component null
2024-12-15 11:18:16,078 [WARN] ModelIntegratedComponent:63 - No mode defined for component null
2024-12-15 11:18:16,078 [WARN] ModelIntegratedComponent:63 - No mode defined for component null
2024-12-15 11:18:16,078 [WARN] ModelIntegratedComponent:63 - No mode defined for component null
2024-12-15 11:18:16,078 [WARN] ModelIntegratedComponent:63 - No mode defined for component null
2024-12-15 11:18:16,079 [WARN] ModelIntegratedComponent:63 - No mode defined for component null
2024-12-15 11:18:16,079 [WARN] ModelIntegratedComponent:63 - No mode defined for component null
2024-12-15 11:18:16,079 [WARN] ModelIntegratedComponent:63 - No mode defined for component null
2024-12-15 11:18:16,079 [WARN] ModelIntegratedComponent:63 - No mode defined for component null
2024-12-15 11:18:16,079 [WARN] ModelIntegratedComponent:63 - No mode defined for component null
2024-12-15 11:18:16,079 [WARN] ModelIntegratedComponent:63 - No mode defined for component null
2024-12-15 11:18:16,079 [WARN] ModelIntegratedComponent:63 - No mode defined for component null
2024-12-15 11:18:16,079 [WARN] ModelIntegratedComponent:63 - No mode defined for component null
2024-12-15 11:18:16,079 [WARN] ModelIntegratedComponent:63 - No mode defined for component null
2024-12-15 11:18:16,079 [WARN] ModelIntegratedComponent:63 - No mode defined for component null
2024-12-15 11:18:16,079 [WARN] ModelIntegratedComponent:63 - No mode defined for component null
2024-12-15 11:18:16,079 [WARN] ModelIntegratedComponent:63 - No mode defined for component null
2024-12-15 11:18:16,079 [WARN] ModelIntegratedComponent:63 - No mode defined for component null
2024-12-15 11:18:16,080 [WARN] ModelIntegratedComponent:63 - No mode defined for component null
2024-12-15 11:18:16,080 [WARN] ModelIntegratedComponent:63 - No mode defined for component null
2024-12-15 11:18:16,080 [WARN] ModelIntegratedComponent:63 - No mode defined for component null
2024-12-15 11:18:16,080 [WARN] ModelPack:524 - Component already loaded: STMicroelectronics:HAL Drivers:0.0.0:STMicroelectronics:Device:STMicro_Driver:XSPI:HAL::0.0.1:HAL_XSPI
2024-12-15 11:18:16,106 [INFO] ThirdPartyModel:298 - Start build external matchings
2024-12-15 11:18:16,960 [INFO] ThirdPartyModel:316 - End build external matchings
2024-12-15 11:18:16,972 [WARN] IP:2191 - MessageRAMOffset not found: check if there is a RefParameter without a condition.
2024-12-15 11:18:16,972 [WARN] IP:2191 - RxFifo0ElmtsNbr not found: check if there is a RefParameter without a condition.
2024-12-15 11:18:16,972 [WARN] IP:2191 - RxFifo0ElmtSize not found: check if there is a RefParameter without a condition.
2024-12-15 11:18:16,972 [WARN] IP:2191 - RxFifo1ElmtsNbr not found: check if there is a RefParameter without a condition.
2024-12-15 11:18:16,972 [WARN] IP:2191 - RxFifo1ElmtSize not found: check if there is a RefParameter without a condition.
2024-12-15 11:18:16,972 [WARN] IP:2191 - RxBuffersNbr not found: check if there is a RefParameter without a condition.
2024-12-15 11:18:16,972 [WARN] IP:2191 - RxBufferSize not found: check if there is a RefParameter without a condition.
2024-12-15 11:18:16,972 [WARN] IP:2191 - TxEventsNbr not found: check if there is a RefParameter without a condition.
2024-12-15 11:18:16,973 [WARN] IP:2191 - TxBuffersNbr not found: check if there is a RefParameter without a condition.
2024-12-15 11:18:16,973 [WARN] IP:2191 - TxFifoQueueElmtsNbr not found: check if there is a RefParameter without a condition.
2024-12-15 11:18:16,973 [WARN] IP:2191 - TxElmtSize not found: check if there is a RefParameter without a condition.
2024-12-15 11:18:16,973 [WARN] IP:2191 - ClockCalibrationCCU not found: check if there is a RefParameter without a condition.
2024-12-15 11:18:16,973 [WARN] IP:2191 - ClockDividerCCU not found: check if there is a RefParameter without a condition.
2024-12-15 11:18:16,973 [WARN] IP:2191 - MinOscClkPeriodsCCU not found: check if there is a RefParameter without a condition.
2024-12-15 11:18:16,973 [WARN] IP:2191 - TimeQuantaPerBitTimeCCU not found: check if there is a RefParameter without a condition.
2024-12-15 11:18:16,973 [WARN] IP:2191 - WatchdogStartValueCCU not found: check if there is a RefParameter without a condition.
2024-12-15 11:18:16,973 [INFO] ImportTextPane:205 - (OptionalMessage_ERROR) IP (RCC) : Invalid parameter (FamilyName)
2024-12-15 11:18:17,669 [INFO] UtilMem:75 - End LoadConfig() Used Memory: 893423472 Bytes (1073741824)
2024-12-15 11:18:17,822 [WARN] ThirdParty:833 - waiting for thirdparty lock release [change project]
2024-12-15 11:18:17,822 [INFO] ThirdParty:835 - entering critical section [change project]
2024-12-15 11:18:17,822 [INFO] ThirdParty:1030 - CMSIS Pack Vendor :STMicroelectronics USBPD 4.1
2024-12-15 11:18:17,822 [INFO] ThirdParty:1030 - CMSIS Pack Vendor :STMicroelectronics X-CUBE-AZRTOS-H7 3.3.0
2024-12-15 11:18:17,822 [INFO] ThirdParty:1030 - CMSIS Pack Vendor :STMicroelectronics X-CUBE-NFC9 1.0.0
2024-12-15 11:18:17,822 [INFO] ThirdParty:1030 - CMSIS Pack Vendor :STMicroelectronics USB_HOST 2.0.0
2024-12-15 11:18:17,822 [INFO] ThirdParty:1030 - CMSIS Pack Vendor :STMicroelectronics FP-SNS-MOTENVWB1 1.4.0
2024-12-15 11:18:17,822 [INFO] ThirdParty:1030 - CMSIS Pack Vendor :STMicroelectronics X-CUBE-AZRTOS-F4 1.1.0
2024-12-15 11:18:17,823 [INFO] ThirdParty:1030 - CMSIS Pack Vendor :STMicroelectronics LIBJPEG 8.0.0
2024-12-15 11:18:17,823 [INFO] ThirdParty:1030 - CMSIS Pack Vendor :STMicroelectronics FP-ATR-ASTRA1 2.0.1
2024-12-15 11:18:17,823 [INFO] ThirdParty:1030 - CMSIS Pack Vendor :STMicroelectronics X-CUBE-SMBUS 2.1.0
2024-12-15 11:18:17,823 [INFO] ThirdParty:1030 - CMSIS Pack Vendor :STMicroelectronics X-CUBE-WB05N 1.1.0
2024-12-15 11:18:17,823 [INFO] ThirdParty:1030 - CMSIS Pack Vendor :STMicroelectronics USB_DEVICE 3.0.0
2024-12-15 11:18:17,823 [INFO] ThirdParty:1030 - CMSIS Pack Vendor :STMicroelectronics X-CUBE-TCPP 4.1.0
2024-12-15 11:18:17,823 [INFO] ThirdParty:1030 - CMSIS Pack Vendor :STMicroelectronics X-CUBE-ISPU 2.1.0
2024-12-15 11:18:17,823 [INFO] ThirdParty:1030 - CMSIS Pack Vendor :STMicroelectronics X-CUBE-FREERTOS 1.2.0
2024-12-15 11:18:17,823 [INFO] ThirdParty:1030 - CMSIS Pack Vendor :STMicroelectronics X-CUBE-IPS 3.0.0
2024-12-15 11:18:17,823 [INFO] ThirdParty:1030 - CMSIS Pack Vendor :STMicroelectronics X-CUBE-AZRTOS-WB 2.0.0
2024-12-15 11:18:17,823 [INFO] ThirdParty:1030 - CMSIS Pack Vendor :STMicroelectronics X-CUBE-GNSS1 7.0.0
2024-12-15 11:18:17,823 [INFO] ThirdParty:1030 - CMSIS Pack Vendor :STMicroelectronics X-CUBE-AZRTOS-F7 1.1.0
2024-12-15 11:18:17,823 [INFO] ThirdParty:1030 - CMSIS Pack Vendor :STMicroelectronics X-CUBE-AZRTOS-L5 2.0.0
2024-12-15 11:18:17,824 [INFO] ThirdParty:1030 - CMSIS Pack Vendor :STMicroelectronics USB_DEVICE 2.0.0
2024-12-15 11:18:17,824 [INFO] ThirdParty:1030 - CMSIS Pack Vendor :STMicroelectronics X-CUBE-NFC6 3.1.0
2024-12-15 11:18:17,824 [INFO] ThirdParty:1030 - CMSIS Pack Vendor :STMicroelectronics FP-SNS-STBOX1 2.0.0
2024-12-15 11:18:17,824 [INFO] ThirdParty:1030 - CMSIS Pack Vendor :STMicroelectronics X-CUBE-MEMS1 11.0.0
2024-12-15 11:18:17,824 [INFO] ThirdParty:1030 - CMSIS Pack Vendor :STMicroelectronics FreeRTOS 0.0.1
2024-12-15 11:18:17,824 [INFO] ThirdParty:1030 - CMSIS Pack Vendor :STMicroelectronics X-CUBE-AZRTOS-G0 1.1.0
2024-12-15 11:18:17,824 [INFO] ThirdParty:1030 - CMSIS Pack Vendor :STMicroelectronics X-CUBE-SAFEA1 1.2.2
2024-12-15 11:18:17,824 [INFO] ThirdParty:1030 - CMSIS Pack Vendor :STMicroelectronics X-CUBE-NFC4 3.0.0
2024-12-15 11:18:17,824 [INFO] ThirdParty:1030 - CMSIS Pack Vendor :STMicroelectronics X-CUBE-DPower 1.2.0
2024-12-15 11:18:17,825 [INFO] ThirdParty:1030 - CMSIS Pack Vendor :STMicroelectronics X-CUBE-SUBG2 5.0.0
2024-12-15 11:18:17,825 [INFO] ThirdParty:1030 - CMSIS Pack Vendor :STMicroelectronics STM32_WPAN 1.0.0
2024-12-15 11:18:17,825 [INFO] ThirdParty:1030 - CMSIS Pack Vendor :EmbeddedOffice I-CUBE-FS-RTOS 1.0.1
2024-12-15 11:18:17,825 [INFO] ThirdParty:1030 - CMSIS Pack Vendor :STMicroelectronics lwIP 2.0.3
2024-12-15 11:18:17,825 [INFO] ThirdParty:1030 - CMSIS Pack Vendor :STMicroelectronics FP-SNS-FLIGHT1 5.0.2
2024-12-15 11:18:17,825 [INFO] ThirdParty:1030 - CMSIS Pack Vendor :Cesanta I-CUBE-Mongoose 7.13.0
2024-12-15 11:18:17,825 [INFO] ThirdParty:1030 - CMSIS Pack Vendor :STMicroelectronics USB_HOST 1.0.0
2024-12-15 11:18:17,825 [INFO] ThirdParty:1030 - CMSIS Pack Vendor :Infineon AIROC-Wi-Fi-Bluetooth-STM32 1.7.0
2024-12-15 11:18:17,825 [INFO] ThirdParty:1030 - CMSIS Pack Vendor :STMicroelectronics X-CUBE-AZRTOS-G4 2.0.0
2024-12-15 11:18:17,825 [INFO] ThirdParty:1030 - CMSIS Pack Vendor :STMicroelectronics PDM2PCM 3.1.0
2024-12-15 11:18:17,826 [INFO] ThirdParty:1030 - CMSIS Pack Vendor :STMicroelectronics PDM2PCM 3.3.0
2024-12-15 11:18:17,826 [INFO] ThirdParty:1030 - CMSIS Pack Vendor :STMicroelectronics X-CUBE-DISPLAY 3.0.0
2024-12-15 11:18:17,826 [INFO] ThirdParty:1030 - CMSIS Pack Vendor :RealThread X-CUBE-RT-Thread_Nano 4.1.1
2024-12-15 11:18:17,826 [INFO] ThirdParty:1030 - CMSIS Pack Vendor :STMicroelectronics X-CUBE-BLE1 7.0.0
2024-12-15 11:18:17,826 [INFO] ThirdParty:1030 - CMSIS Pack Vendor :STMicroelectronics FP-ATR-SIGFOX1 3.2.0
2024-12-15 11:18:17,826 [INFO] ThirdParty:1030 - CMSIS Pack Vendor :STMicroelectronics X-CUBE-NFC10 1.0.0
2024-12-15 11:18:17,826 [INFO] ThirdParty:1030 - CMSIS Pack Vendor :quantropi X-CUBE-qispace-sdk-base 1.9.3
2024-12-15 11:18:17,826 [INFO] ThirdParty:1030 - CMSIS Pack Vendor :STMicroelectronics X-CUBE-BLEMGR 4.0.0
2024-12-15 11:18:17,826 [INFO] ThirdParty:1030 - CMSIS Pack Vendor :STMicroelectronics X-CUBE-EEPRMA1 5.1.0
2024-12-15 11:18:17,826 [INFO] ThirdParty:1030 - CMSIS Pack Vendor :STMicroelectronics HAL Drivers 0.0.0
2024-12-15 11:18:17,827 [INFO] ThirdParty:1030 - CMSIS Pack Vendor :STMicroelectronics MBEDTLS 2.16.2
2024-12-15 11:18:17,827 [INFO] ThirdParty:1030 - CMSIS Pack Vendor :STMicroelectronics X-CUBE-ALS 1.0.2
2024-12-15 11:18:17,827 [INFO] ThirdParty:1030 - CMSIS Pack Vendor :emotas I-CUBE-CANOPEN 1.3.0
2024-12-15 11:18:17,828 [INFO] ThirdParty:1030 - CMSIS Pack Vendor :wolfSSL I-CUBE-wolfSSL 5.7.4
2024-12-15 11:18:17,828 [INFO] ThirdParty:1030 - CMSIS Pack Vendor :STMicroelectronics X-CUBE-NFC7 1.0.1
2024-12-15 11:18:17,828 [INFO] ThirdParty:1030 - CMSIS Pack Vendor :STMicroelectronics MBEDTLS 2.14.1
2024-12-15 11:18:17,828 [INFO] ThirdParty:1030 - CMSIS Pack Vendor :ITTIA_DB I-CUBE-ITTIADB 8.9.0
2024-12-15 11:18:17,828 [INFO] ThirdParty:1030 - CMSIS Pack Vendor :STMicroelectronics X-CUBE-TOUCHGFX 4.24.1
2024-12-15 11:18:17,828 [INFO] ThirdParty:1030 - CMSIS Pack Vendor :wolfSSL I-CUBE-wolfTPM 3.4.0
2024-12-15 11:18:17,828 [INFO] ThirdParty:1030 - CMSIS Pack Vendor :portGmbH I-Cube-SoM-uGOAL 1.1.0
2024-12-15 11:18:17,828 [INFO] ThirdParty:1030 - CMSIS Pack Vendor :STMicroelectronics ThreadX 1.0.0
2024-12-15 11:18:17,829 [INFO] ThirdParty:1030 - CMSIS Pack Vendor :STMicroelectronics FP-SNS-SMARTAG2 1.2.0
2024-12-15 11:18:17,831 [INFO] ThirdParty:1030 - CMSIS Pack Vendor :STMicroelectronics X-CUBE-AZRTOS-WL 2.0.0
2024-12-15 11:18:17,831 [INFO] ThirdParty:1030 - CMSIS Pack Vendor :SEGGER I-CUBE-embOS 1.3.1
2024-12-15 11:18:17,831 [INFO] ThirdParty:1030 - CMSIS Pack Vendor :STMicroelectronics X-CUBE-ALGOBUILD 1.4.0
2024-12-15 11:18:17,831 [INFO] ThirdParty:1030 - CMSIS Pack Vendor :STMicroelectronics FP-SNS-MOTENV1 5.0.0
2024-12-15 11:18:17,831 [INFO] ThirdParty:1030 - CMSIS Pack Vendor :STMicroelectronics USB_DEVICE 1.0.0
2024-12-15 11:18:17,831 [INFO] ThirdParty:1030 - CMSIS Pack Vendor :STMicroelectronics X-CUBE-AZRTOS-H7RS 1.0.0
2024-12-15 11:18:17,831 [INFO] ThirdParty:1030 - CMSIS Pack Vendor :wolfSSL I-CUBE-wolfMQTT 1.19.0
2024-12-15 11:18:17,831 [INFO] ThirdParty:1030 - CMSIS Pack Vendor :STMicroelectronics X-CUBE-AZRTOS-L4 2.0.0
2024-12-15 11:18:17,831 [INFO] ThirdParty:1030 - CMSIS Pack Vendor :STMicroelectronics ThreadX 0.0.2
2024-12-15 11:18:17,831 [INFO] ThirdParty:1030 - CMSIS Pack Vendor :WES I-CUBE-Cesium 1.3.0
2024-12-15 11:18:17,831 [INFO] ThirdParty:1030 - CMSIS Pack Vendor :STMicroelectronics lwIP 2.1.2
2024-12-15 11:18:17,831 [INFO] ThirdParty:1030 - CMSIS Pack Vendor :STMicroelectronics X-CUBE-SFXS2LP1 4.0.0
2024-12-15 11:18:17,831 [INFO] ThirdParty:1030 - CMSIS Pack Vendor :STMicroelectronics X-CUBE-BLE2 3.3.0
2024-12-15 11:18:17,831 [INFO] ThirdParty:1030 - CMSIS Pack Vendor :STMicroelectronics X-CUBE-TOF1 3.4.2
2024-12-15 11:18:17,831 [INFO] ThirdParty:1030 - CMSIS Pack Vendor :STMicroelectronics X-CUBE-AI 9.1.0
2024-12-15 11:18:17,831 [INFO] ThirdParty:1030 - CMSIS Pack Vendor :STMicroelectronics PDM2PCM 3.2.0
2024-12-15 11:18:17,831 [INFO] ThirdParty:1030 - CMSIS Pack Vendor :wolfSSL I-CUBE-wolfSSH 1.4.17
2024-12-15 11:18:17,831 [INFO] ThirdParty:841 - exiting critical section [change project]
2024-12-15 11:18:18,213 [INFO] PinOutPanel:1561 - setPackage(No Configuration,No Configuration)
2024-12-15 11:18:18,214 [INFO] PinOutPanel:1561 - setPackage(STM32G431CBUx,UFQFPN48)
2024-12-15 11:18:18,551 [INFO] UtilMem:75 - Before build in PCC Used Memory: 893483984 Bytes (1073741824)
2024-12-15 11:18:19,072 [INFO] UtilMem:75 - After build in PCC Used Memory: 840397192 Bytes (1073741824)
2024-12-15 11:18:19,084 [INFO] ApiDbMcu:508 - Load IP Config File for USB_Device
2024-12-15 11:18:19,084 [INFO] Middleware:612 - instanceName : USB_DEVICE bspName : BCD Detection check condition failed for : SEM_BCD_ENABLED
2024-12-15 11:18:19,084 [INFO] Middleware:612 - instanceName : USB_DEVICE bspName : BCD Detection check condition failed for : SEM_BCD_ENABLED
2024-12-15 11:18:19,085 [INFO] Middleware:612 - instanceName : USB_DEVICE bspName : BCD Detection check condition failed for : SEM_BCD_ENABLED
2024-12-15 11:18:19,085 [INFO] Middleware:612 - instanceName : USB_DEVICE bspName : BCD Detection check condition failed for : SEM_BCD_ENABLED
2024-12-15 11:18:19,085 [INFO] Middleware:612 - instanceName : USB_DEVICE bspName : BCD Detection check condition failed for : SEM_BCD_ENABLED
2024-12-15 11:18:19,085 [INFO] Middleware:612 - instanceName : USB_DEVICE bspName : BCD Detection check condition failed for : SEM_BCD_ENABLED
2024-12-15 11:18:19,085 [INFO] Middleware:612 - instanceName : USB_DEVICE bspName : BCD Detection check condition failed for : SEM_BCD_ENABLED
2024-12-15 11:18:19,086 [INFO] Middleware:612 - instanceName : USB_DEVICE bspName : BCD Detection check condition failed for : SEM_BCD_ENABLED
2024-12-15 11:18:19,087 [INFO] Middleware:612 - instanceName : USB_DEVICE bspName : BCD Detection check condition failed for : SEM_BCD_ENABLED
2024-12-15 11:18:19,087 [INFO] Middleware:612 - instanceName : USB_DEVICE bspName : BCD Detection check condition failed for : SEM_BCD_ENABLED
2024-12-15 11:18:19,087 [INFO] Middleware:612 - instanceName : USB_DEVICE bspName : BCD Detection check condition failed for : SEM_BCD_ENABLED
2024-12-15 11:18:19,087 [INFO] Middleware:612 - instanceName : USB_DEVICE bspName : BCD Detection check condition failed for : SEM_BCD_ENABLED
2024-12-15 11:18:19,087 [INFO] Middleware:612 - instanceName : USB_DEVICE bspName : BCD Detection check condition failed for : SEM_BCD_ENABLED
2024-12-15 11:18:19,087 [INFO] Middleware:612 - instanceName : USB_DEVICE bspName : BCD Detection check condition failed for : SEM_BCD_ENABLED
2024-12-15 11:18:19,087 [INFO] Middleware:612 - instanceName : USB_DEVICE bspName : BCD Detection check condition failed for : SEM_BCD_ENABLED
2024-12-15 11:18:19,087 [INFO] Middleware:612 - instanceName : USB_DEVICE bspName : BCD Detection check condition failed for : SEM_BCD_ENABLED
2024-12-15 11:18:19,138 [INFO] IPUIPlugin:80 - create IPUIPlugin
2024-12-15 11:18:19,138 [INFO] IPUIPlugin:80 - create IPUIPlugin
2024-12-15 11:18:19,138 [INFO] IPUIPlugin:80 - create IPUIPlugin
2024-12-15 11:18:19,138 [INFO] IPUIPlugin:80 - create IPUIPlugin
2024-12-15 11:18:19,138 [INFO] IPUIPlugin:80 - create IPUIPlugin
2024-12-15 11:18:19,138 [INFO] IPUIPlugin:80 - create IPUIPlugin
2024-12-15 11:18:19,138 [INFO] IPUIPlugin:80 - create IPUIPlugin
2024-12-15 11:18:19,139 [INFO] IPUIPlugin:80 - create IPUIPlugin
2024-12-15 11:18:19,139 [INFO] IPUIPlugin:80 - create IPUIPlugin
2024-12-15 11:18:19,139 [INFO] IPUIPlugin:80 - create IPUIPlugin
2024-12-15 11:18:19,139 [INFO] IPUIPlugin:80 - create IPUIPlugin
2024-12-15 11:18:19,140 [INFO] IPUIPlugin:80 - create IPUIPlugin
2024-12-15 11:18:19,140 [INFO] IPUIPlugin:80 - create IPUIPlugin
2024-12-15 11:18:19,140 [INFO] IPUIPlugin:80 - create IPUIPlugin
2024-12-15 11:18:19,140 [INFO] IPUIPlugin:80 - create IPUIPlugin
2024-12-15 11:18:19,140 [INFO] IPUIPlugin:80 - create IPUIPlugin
2024-12-15 11:18:19,141 [INFO] IPUIPlugin:80 - create IPUIPlugin
2024-12-15 11:18:19,141 [INFO] IPUIPlugin:80 - create IPUIPlugin
2024-12-15 11:18:19,141 [INFO] IPUIPlugin:80 - create IPUIPlugin
2024-12-15 11:18:19,141 [INFO] IPUIPlugin:80 - create IPUIPlugin
2024-12-15 11:18:19,142 [INFO] IPUIPlugin:80 - create IPUIPlugin
2024-12-15 11:18:19,142 [INFO] IPUIPlugin:80 - create IPUIPlugin
2024-12-15 11:18:19,142 [INFO] IPUIPlugin:80 - create IPUIPlugin
2024-12-15 11:18:19,143 [INFO] IPUIPlugin:80 - create IPUIPlugin
2024-12-15 11:18:19,143 [INFO] IPUIPlugin:80 - create IPUIPlugin
2024-12-15 11:18:19,144 [INFO] IPUIPlugin:80 - create IPUIPlugin
2024-12-15 11:18:19,144 [INFO] IPUIPlugin:80 - create IPUIPlugin
2024-12-15 11:18:19,144 [INFO] IPUIPlugin:80 - create IPUIPlugin
2024-12-15 11:18:19,145 [INFO] IPUIPlugin:80 - create IPUIPlugin
2024-12-15 11:18:19,146 [INFO] IPUIPlugin:80 - create IPUIPlugin
2024-12-15 11:18:19,146 [INFO] IPUIPlugin:80 - create IPUIPlugin
2024-12-15 11:18:19,147 [INFO] IPUIPlugin:80 - create IPUIPlugin
2024-12-15 11:18:19,147 [INFO] IPUIPlugin:80 - create IPUIPlugin
2024-12-15 11:18:19,148 [INFO] IPUIPlugin:80 - create IPUIPlugin
2024-12-15 11:18:19,148 [INFO] IPUIPlugin:80 - create IPUIPlugin
2024-12-15 11:18:19,149 [INFO] IPUIPlugin:80 - create IPUIPlugin
2024-12-15 11:18:19,149 [INFO] IPUIPlugin:80 - create IPUIPlugin
2024-12-15 11:18:19,150 [INFO] IPUIPlugin:80 - create IPUIPlugin
2024-12-15 11:18:19,150 [INFO] IPUIPlugin:80 - create IPUIPlugin
2024-12-15 11:18:19,151 [INFO] IPUIPlugin:80 - create IPUIPlugin
2024-12-15 11:18:19,152 [INFO] IPUIPlugin:80 - create IPUIPlugin
2024-12-15 11:18:19,152 [INFO] IPUIPlugin:80 - create IPUIPlugin
2024-12-15 11:18:19,153 [INFO] IPUIPlugin:80 - create IPUIPlugin
2024-12-15 11:18:19,154 [INFO] IPUIPlugin:80 - create IPUIPlugin
2024-12-15 11:18:19,154 [INFO] IPUIPlugin:80 - create IPUIPlugin
2024-12-15 11:18:19,155 [INFO] IPUIPlugin:80 - create IPUIPlugin
2024-12-15 11:18:19,155 [INFO] IPUIPlugin:80 - create IPUIPlugin
2024-12-15 11:18:19,156 [INFO] IPUIPlugin:80 - create IPUIPlugin
2024-12-15 11:18:19,157 [INFO] IPUIPlugin:80 - create IPUIPlugin
2024-12-15 11:18:19,158 [INFO] IPUIPlugin:80 - create IPUIPlugin
2024-12-15 11:18:19,159 [INFO] IPUIPlugin:80 - create IPUIPlugin
2024-12-15 11:18:19,160 [INFO] IPUIPlugin:80 - create IPUIPlugin
2024-12-15 11:18:19,160 [INFO] IPUIPlugin:80 - create IPUIPlugin
2024-12-15 11:18:19,174 [INFO] IPUIPlugin:80 - create IPUIPlugin
2024-12-15 11:18:19,175 [INFO] IPUIPlugin:80 - create IPUIPlugin
2024-12-15 11:18:19,176 [INFO] IPUIPlugin:80 - create IPUIPlugin
2024-12-15 11:18:19,181 [INFO] IPUIPlugin:80 - create IPUIPlugin
2024-12-15 11:18:19,182 [INFO] IPUIPlugin:80 - create IPUIPlugin
2024-12-15 11:18:19,184 [WARN] IP:2191 - MessageRAMOffset not found: check if there is a RefParameter without a condition.
2024-12-15 11:18:19,185 [WARN] IP:2191 - RxFifo0ElmtsNbr not found: check if there is a RefParameter without a condition.
2024-12-15 11:18:19,185 [WARN] IP:2191 - RxFifo0ElmtSize not found: check if there is a RefParameter without a condition.
2024-12-15 11:18:19,185 [WARN] IP:2191 - RxFifo1ElmtsNbr not found: check if there is a RefParameter without a condition.
2024-12-15 11:18:19,185 [WARN] IP:2191 - RxFifo1ElmtSize not found: check if there is a RefParameter without a condition.
2024-12-15 11:18:19,185 [WARN] IP:2191 - RxBuffersNbr not found: check if there is a RefParameter without a condition.
2024-12-15 11:18:19,185 [WARN] IP:2191 - RxBufferSize not found: check if there is a RefParameter without a condition.
2024-12-15 11:18:19,186 [WARN] IP:2191 - TxEventsNbr not found: check if there is a RefParameter without a condition.
2024-12-15 11:18:19,186 [WARN] IP:2191 - TxBuffersNbr not found: check if there is a RefParameter without a condition.
2024-12-15 11:18:19,186 [WARN] IP:2191 - TxFifoQueueElmtsNbr not found: check if there is a RefParameter without a condition.
2024-12-15 11:18:19,186 [WARN] IP:2191 - TxElmtSize not found: check if there is a RefParameter without a condition.
2024-12-15 11:18:19,186 [WARN] IP:2191 - ClockCalibrationCCU not found: check if there is a RefParameter without a condition.
2024-12-15 11:18:19,186 [WARN] IP:2191 - ClockDividerCCU not found: check if there is a RefParameter without a condition.
2024-12-15 11:18:19,187 [WARN] IP:2191 - MinOscClkPeriodsCCU not found: check if there is a RefParameter without a condition.
2024-12-15 11:18:19,187 [WARN] IP:2191 - TimeQuantaPerBitTimeCCU not found: check if there is a RefParameter without a condition.
2024-12-15 11:18:19,187 [WARN] IP:2191 - WatchdogStartValueCCU not found: check if there is a RefParameter without a condition.
2024-12-15 11:18:19,189 [INFO] LogOutputStream:77 - [STDOUT_REDIRECT] Nominal 
2024-12-15 11:18:19,190 [INFO] Can:71 - Can Add PropertyChangeListener com.st.microxplorer.plugins.ip.can.Can@7f3447a0
2024-12-15 11:18:19,358 [INFO] CADModel:165 - CPN selected for project levelSTM32G431CBU3
2024-12-15 11:18:19,358 [INFO] CADModel:114 - Register for checkConnection events
2024-12-15 11:18:19,439 [INFO] OpenFileManager:363 - Restore cursor
2024-12-15 11:18:19,563 [INFO] Middleware:612 - instanceName : USB_DEVICE bspName : BCD Detection check condition failed for : SEM_BCD_ENABLED
2024-12-15 11:18:19,563 [INFO] Middleware:612 - instanceName : USB_DEVICE bspName : BCD Detection check condition failed for : SEM_BCD_ENABLED
2024-12-15 11:18:19,563 [INFO] Middleware:612 - instanceName : USB_DEVICE bspName : BCD Detection check condition failed for : SEM_BCD_ENABLED
2024-12-15 11:18:19,563 [INFO] Middleware:612 - instanceName : USB_DEVICE bspName : BCD Detection check condition failed for : SEM_BCD_ENABLED
2024-12-15 11:18:19,564 [INFO] Middleware:612 - instanceName : USB_DEVICE bspName : BCD Detection check condition failed for : SEM_BCD_ENABLED
2024-12-15 11:18:19,564 [INFO] Middleware:612 - instanceName : USB_DEVICE bspName : BCD Detection check condition failed for : SEM_BCD_ENABLED
2024-12-15 11:18:19,564 [INFO] Middleware:612 - instanceName : USB_DEVICE bspName : BCD Detection check condition failed for : SEM_BCD_ENABLED
2024-12-15 11:18:19,564 [INFO] Middleware:612 - instanceName : USB_DEVICE bspName : BCD Detection check condition failed for : SEM_BCD_ENABLED
2024-12-15 11:18:19,564 [INFO] Middleware:612 - instanceName : USB_DEVICE bspName : BCD Detection check condition failed for : SEM_BCD_ENABLED
2024-12-15 11:18:19,564 [INFO] Middleware:612 - instanceName : USB_DEVICE bspName : BCD Detection check condition failed for : SEM_BCD_ENABLED
2024-12-15 11:18:19,564 [INFO] Middleware:612 - instanceName : USB_DEVICE bspName : BCD Detection check condition failed for : SEM_BCD_ENABLED
2024-12-15 11:18:19,564 [INFO] Middleware:612 - instanceName : USB_DEVICE bspName : BCD Detection check condition failed for : SEM_BCD_ENABLED
2024-12-15 11:18:19,564 [INFO] Middleware:612 - instanceName : USB_DEVICE bspName : BCD Detection check condition failed for : SEM_BCD_ENABLED
2024-12-15 11:18:19,564 [INFO] Middleware:612 - instanceName : USB_DEVICE bspName : BCD Detection check condition failed for : SEM_BCD_ENABLED
2024-12-15 11:18:19,564 [INFO] Middleware:612 - instanceName : USB_DEVICE bspName : BCD Detection check condition failed for : SEM_BCD_ENABLED
2024-12-15 11:18:19,564 [INFO] Middleware:612 - instanceName : USB_DEVICE bspName : BCD Detection check condition failed for : SEM_BCD_ENABLED
2024-12-15 11:18:19,635 [WARN] IP:2191 - MessageRAMOffset not found: check if there is a RefParameter without a condition.
2024-12-15 11:18:19,636 [WARN] IP:2191 - RxFifo0ElmtsNbr not found: check if there is a RefParameter without a condition.
2024-12-15 11:18:19,636 [WARN] IP:2191 - RxFifo0ElmtSize not found: check if there is a RefParameter without a condition.
2024-12-15 11:18:19,636 [WARN] IP:2191 - RxFifo1ElmtsNbr not found: check if there is a RefParameter without a condition.
2024-12-15 11:18:19,636 [WARN] IP:2191 - RxFifo1ElmtSize not found: check if there is a RefParameter without a condition.
2024-12-15 11:18:19,636 [WARN] IP:2191 - RxBuffersNbr not found: check if there is a RefParameter without a condition.
2024-12-15 11:18:19,636 [WARN] IP:2191 - RxBufferSize not found: check if there is a RefParameter without a condition.
2024-12-15 11:18:19,636 [WARN] IP:2191 - TxEventsNbr not found: check if there is a RefParameter without a condition.
2024-12-15 11:18:19,636 [WARN] IP:2191 - TxBuffersNbr not found: check if there is a RefParameter without a condition.
2024-12-15 11:18:19,636 [WARN] IP:2191 - TxFifoQueueElmtsNbr not found: check if there is a RefParameter without a condition.
2024-12-15 11:18:19,636 [WARN] IP:2191 - TxElmtSize not found: check if there is a RefParameter without a condition.
2024-12-15 11:18:19,636 [WARN] IP:2191 - ClockCalibrationCCU not found: check if there is a RefParameter without a condition.
2024-12-15 11:18:19,636 [WARN] IP:2191 - ClockDividerCCU not found: check if there is a RefParameter without a condition.
2024-12-15 11:18:19,636 [WARN] IP:2191 - MinOscClkPeriodsCCU not found: check if there is a RefParameter without a condition.
2024-12-15 11:18:19,636 [WARN] IP:2191 - TimeQuantaPerBitTimeCCU not found: check if there is a RefParameter without a condition.
2024-12-15 11:18:19,637 [WARN] IP:2191 - WatchdogStartValueCCU not found: check if there is a RefParameter without a condition.
2024-12-15 11:19:02,682 [WARN] IP:2191 - MessageRAMOffset not found: check if there is a RefParameter without a condition.
2024-12-15 11:19:02,683 [WARN] IP:2191 - RxFifo0ElmtsNbr not found: check if there is a RefParameter without a condition.
2024-12-15 11:19:02,683 [WARN] IP:2191 - RxFifo0ElmtSize not found: check if there is a RefParameter without a condition.
2024-12-15 11:19:02,683 [WARN] IP:2191 - RxFifo1ElmtsNbr not found: check if there is a RefParameter without a condition.
2024-12-15 11:19:02,683 [WARN] IP:2191 - RxFifo1ElmtSize not found: check if there is a RefParameter without a condition.
2024-12-15 11:19:02,683 [WARN] IP:2191 - RxBuffersNbr not found: check if there is a RefParameter without a condition.
2024-12-15 11:19:02,683 [WARN] IP:2191 - RxBufferSize not found: check if there is a RefParameter without a condition.
2024-12-15 11:19:02,683 [WARN] IP:2191 - TxEventsNbr not found: check if there is a RefParameter without a condition.
2024-12-15 11:19:02,683 [WARN] IP:2191 - TxBuffersNbr not found: check if there is a RefParameter without a condition.
2024-12-15 11:19:02,684 [WARN] IP:2191 - TxFifoQueueElmtsNbr not found: check if there is a RefParameter without a condition.
2024-12-15 11:19:02,684 [WARN] IP:2191 - TxElmtSize not found: check if there is a RefParameter without a condition.
2024-12-15 11:19:02,684 [WARN] IP:2191 - ClockCalibrationCCU not found: check if there is a RefParameter without a condition.
2024-12-15 11:19:02,684 [WARN] IP:2191 - ClockDividerCCU not found: check if there is a RefParameter without a condition.
2024-12-15 11:19:02,684 [WARN] IP:2191 - MinOscClkPeriodsCCU not found: check if there is a RefParameter without a condition.
2024-12-15 11:19:02,684 [WARN] IP:2191 - TimeQuantaPerBitTimeCCU not found: check if there is a RefParameter without a condition.
2024-12-15 11:19:02,684 [WARN] IP:2191 - WatchdogStartValueCCU not found: check if there is a RefParameter without a condition.
2024-12-15 11:19:02,725 [INFO] NvicIntPanel:101 - NVIC parent = com.st.microxplorer.plugins.ip.nvic.MultiNvicIntPanel[,0,0,0x0,invalid,layout=javax.swing.BoxLayout,alignmentX=0.0,alignmentY=0.0,border=,flags=9,maximumSize=,minimumSize=,preferredSize=]
2024-12-15 11:19:08,884 [WARN] IP:2191 - MessageRAMOffset not found: check if there is a RefParameter without a condition.
2024-12-15 11:19:08,884 [WARN] IP:2191 - RxFifo0ElmtsNbr not found: check if there is a RefParameter without a condition.
2024-12-15 11:19:08,884 [WARN] IP:2191 - RxFifo0ElmtSize not found: check if there is a RefParameter without a condition.
2024-12-15 11:19:08,884 [WARN] IP:2191 - RxFifo1ElmtsNbr not found: check if there is a RefParameter without a condition.
2024-12-15 11:19:08,884 [WARN] IP:2191 - RxFifo1ElmtSize not found: check if there is a RefParameter without a condition.
2024-12-15 11:19:08,884 [WARN] IP:2191 - RxBuffersNbr not found: check if there is a RefParameter without a condition.
2024-12-15 11:19:08,884 [WARN] IP:2191 - RxBufferSize not found: check if there is a RefParameter without a condition.
2024-12-15 11:19:08,884 [WARN] IP:2191 - TxEventsNbr not found: check if there is a RefParameter without a condition.
2024-12-15 11:19:08,884 [WARN] IP:2191 - TxBuffersNbr not found: check if there is a RefParameter without a condition.
2024-12-15 11:19:08,884 [WARN] IP:2191 - TxFifoQueueElmtsNbr not found: check if there is a RefParameter without a condition.
2024-12-15 11:19:08,885 [WARN] IP:2191 - TxElmtSize not found: check if there is a RefParameter without a condition.
2024-12-15 11:19:08,886 [WARN] IP:2191 - ClockCalibrationCCU not found: check if there is a RefParameter without a condition.
2024-12-15 11:19:08,887 [WARN] IP:2191 - ClockDividerCCU not found: check if there is a RefParameter without a condition.
2024-12-15 11:19:08,887 [WARN] IP:2191 - MinOscClkPeriodsCCU not found: check if there is a RefParameter without a condition.
2024-12-15 11:19:08,887 [WARN] IP:2191 - TimeQuantaPerBitTimeCCU not found: check if there is a RefParameter without a condition.
2024-12-15 11:19:08,887 [WARN] IP:2191 - WatchdogStartValueCCU not found: check if there is a RefParameter without a condition.
2024-12-15 11:19:08,928 [INFO] NvicIntPanel:101 - NVIC parent = com.st.microxplorer.plugins.ip.nvic.MultiNvicIntPanel[,0,0,0x0,invalid,layout=javax.swing.BoxLayout,alignmentX=0.0,alignmentY=0.0,border=,flags=9,maximumSize=,minimumSize=,preferredSize=]
2024-12-15 11:19:17,846 [WARN] IP:2191 - MessageRAMOffset not found: check if there is a RefParameter without a condition.
2024-12-15 11:19:17,846 [WARN] IP:2191 - RxFifo0ElmtsNbr not found: check if there is a RefParameter without a condition.
2024-12-15 11:19:17,846 [WARN] IP:2191 - RxFifo0ElmtSize not found: check if there is a RefParameter without a condition.
2024-12-15 11:19:17,846 [WARN] IP:2191 - RxFifo1ElmtsNbr not found: check if there is a RefParameter without a condition.
2024-12-15 11:19:17,846 [WARN] IP:2191 - RxFifo1ElmtSize not found: check if there is a RefParameter without a condition.
2024-12-15 11:19:17,846 [WARN] IP:2191 - RxBuffersNbr not found: check if there is a RefParameter without a condition.
2024-12-15 11:19:17,846 [WARN] IP:2191 - RxBufferSize not found: check if there is a RefParameter without a condition.
2024-12-15 11:19:17,846 [WARN] IP:2191 - TxEventsNbr not found: check if there is a RefParameter without a condition.
2024-12-15 11:19:17,846 [WARN] IP:2191 - TxBuffersNbr not found: check if there is a RefParameter without a condition.
2024-12-15 11:19:17,846 [WARN] IP:2191 - TxFifoQueueElmtsNbr not found: check if there is a RefParameter without a condition.
2024-12-15 11:19:17,846 [WARN] IP:2191 - TxElmtSize not found: check if there is a RefParameter without a condition.
2024-12-15 11:19:17,846 [WARN] IP:2191 - ClockCalibrationCCU not found: check if there is a RefParameter without a condition.
2024-12-15 11:19:17,846 [WARN] IP:2191 - ClockDividerCCU not found: check if there is a RefParameter without a condition.
2024-12-15 11:19:17,847 [WARN] IP:2191 - MinOscClkPeriodsCCU not found: check if there is a RefParameter without a condition.
2024-12-15 11:19:17,847 [WARN] IP:2191 - TimeQuantaPerBitTimeCCU not found: check if there is a RefParameter without a condition.
2024-12-15 11:19:17,847 [WARN] IP:2191 - WatchdogStartValueCCU not found: check if there is a RefParameter without a condition.
2024-12-15 11:19:17,901 [INFO] NvicIntPanel:101 - NVIC parent = com.st.microxplorer.plugins.ip.nvic.MultiNvicIntPanel[,0,0,0x0,invalid,layout=javax.swing.BoxLayout,alignmentX=0.0,alignmentY=0.0,border=,flags=9,maximumSize=,minimumSize=,preferredSize=]
2024-12-15 11:19:22,295 [WARN] IP:2191 - MessageRAMOffset not found: check if there is a RefParameter without a condition.
2024-12-15 11:19:22,295 [WARN] IP:2191 - RxFifo0ElmtsNbr not found: check if there is a RefParameter without a condition.
2024-12-15 11:19:22,295 [WARN] IP:2191 - RxFifo0ElmtSize not found: check if there is a RefParameter without a condition.
2024-12-15 11:19:22,295 [WARN] IP:2191 - RxFifo1ElmtsNbr not found: check if there is a RefParameter without a condition.
2024-12-15 11:19:22,295 [WARN] IP:2191 - RxFifo1ElmtSize not found: check if there is a RefParameter without a condition.
2024-12-15 11:19:22,295 [WARN] IP:2191 - RxBuffersNbr not found: check if there is a RefParameter without a condition.
2024-12-15 11:19:22,295 [WARN] IP:2191 - RxBufferSize not found: check if there is a RefParameter without a condition.
2024-12-15 11:19:22,295 [WARN] IP:2191 - TxEventsNbr not found: check if there is a RefParameter without a condition.
2024-12-15 11:19:22,295 [WARN] IP:2191 - TxBuffersNbr not found: check if there is a RefParameter without a condition.
2024-12-15 11:19:22,295 [WARN] IP:2191 - TxFifoQueueElmtsNbr not found: check if there is a RefParameter without a condition.
2024-12-15 11:19:22,295 [WARN] IP:2191 - TxElmtSize not found: check if there is a RefParameter without a condition.
2024-12-15 11:19:22,295 [WARN] IP:2191 - ClockCalibrationCCU not found: check if there is a RefParameter without a condition.
2024-12-15 11:19:22,296 [WARN] IP:2191 - ClockDividerCCU not found: check if there is a RefParameter without a condition.
2024-12-15 11:19:22,296 [WARN] IP:2191 - MinOscClkPeriodsCCU not found: check if there is a RefParameter without a condition.
2024-12-15 11:19:22,296 [WARN] IP:2191 - TimeQuantaPerBitTimeCCU not found: check if there is a RefParameter without a condition.
2024-12-15 11:19:22,296 [WARN] IP:2191 - WatchdogStartValueCCU not found: check if there is a RefParameter without a condition.
2024-12-15 11:19:22,356 [INFO] NvicIntPanel:101 - NVIC parent = com.st.microxplorer.plugins.ip.nvic.MultiNvicIntPanel[,0,0,0x0,invalid,layout=javax.swing.BoxLayout,alignmentX=0.0,alignmentY=0.0,border=,flags=9,maximumSize=,minimumSize=,preferredSize=]
2024-12-15 11:19:26,730 [WARN] IP:2191 - MessageRAMOffset not found: check if there is a RefParameter without a condition.
2024-12-15 11:19:26,730 [WARN] IP:2191 - RxFifo0ElmtsNbr not found: check if there is a RefParameter without a condition.
2024-12-15 11:19:26,730 [WARN] IP:2191 - RxFifo0ElmtSize not found: check if there is a RefParameter without a condition.
2024-12-15 11:19:26,730 [WARN] IP:2191 - RxFifo1ElmtsNbr not found: check if there is a RefParameter without a condition.
2024-12-15 11:19:26,730 [WARN] IP:2191 - RxFifo1ElmtSize not found: check if there is a RefParameter without a condition.
2024-12-15 11:19:26,730 [WARN] IP:2191 - RxBuffersNbr not found: check if there is a RefParameter without a condition.
2024-12-15 11:19:26,730 [WARN] IP:2191 - RxBufferSize not found: check if there is a RefParameter without a condition.
2024-12-15 11:19:26,730 [WARN] IP:2191 - TxEventsNbr not found: check if there is a RefParameter without a condition.
2024-12-15 11:19:26,730 [WARN] IP:2191 - TxBuffersNbr not found: check if there is a RefParameter without a condition.
2024-12-15 11:19:26,730 [WARN] IP:2191 - TxFifoQueueElmtsNbr not found: check if there is a RefParameter without a condition.
2024-12-15 11:19:26,730 [WARN] IP:2191 - TxElmtSize not found: check if there is a RefParameter without a condition.
2024-12-15 11:19:26,730 [WARN] IP:2191 - ClockCalibrationCCU not found: check if there is a RefParameter without a condition.
2024-12-15 11:19:26,731 [WARN] IP:2191 - ClockDividerCCU not found: check if there is a RefParameter without a condition.
2024-12-15 11:19:26,731 [WARN] IP:2191 - MinOscClkPeriodsCCU not found: check if there is a RefParameter without a condition.
2024-12-15 11:19:26,731 [WARN] IP:2191 - TimeQuantaPerBitTimeCCU not found: check if there is a RefParameter without a condition.
2024-12-15 11:19:26,731 [WARN] IP:2191 - WatchdogStartValueCCU not found: check if there is a RefParameter without a condition.
2024-12-15 11:19:26,838 [INFO] NvicIntPanel:101 - NVIC parent = com.st.microxplorer.plugins.ip.nvic.MultiNvicIntPanel[,0,0,0x0,invalid,layout=javax.swing.BoxLayout,alignmentX=0.0,alignmentY=0.0,border=,flags=9,maximumSize=,minimumSize=,preferredSize=]
2024-12-15 11:21:02,328 [WARN] IP:2191 - MessageRAMOffset not found: check if there is a RefParameter without a condition.
2024-12-15 11:21:02,328 [WARN] IP:2191 - RxFifo0ElmtsNbr not found: check if there is a RefParameter without a condition.
2024-12-15 11:21:02,328 [WARN] IP:2191 - RxFifo0ElmtSize not found: check if there is a RefParameter without a condition.
2024-12-15 11:21:02,328 [WARN] IP:2191 - RxFifo1ElmtsNbr not found: check if there is a RefParameter without a condition.
2024-12-15 11:21:02,328 [WARN] IP:2191 - RxFifo1ElmtSize not found: check if there is a RefParameter without a condition.
2024-12-15 11:21:02,328 [WARN] IP:2191 - RxBuffersNbr not found: check if there is a RefParameter without a condition.
2024-12-15 11:21:02,328 [WARN] IP:2191 - RxBufferSize not found: check if there is a RefParameter without a condition.
2024-12-15 11:21:02,328 [WARN] IP:2191 - TxEventsNbr not found: check if there is a RefParameter without a condition.
2024-12-15 11:21:02,328 [WARN] IP:2191 - TxBuffersNbr not found: check if there is a RefParameter without a condition.
2024-12-15 11:21:02,328 [WARN] IP:2191 - TxFifoQueueElmtsNbr not found: check if there is a RefParameter without a condition.
2024-12-15 11:21:02,328 [WARN] IP:2191 - TxElmtSize not found: check if there is a RefParameter without a condition.
2024-12-15 11:21:02,328 [WARN] IP:2191 - ClockCalibrationCCU not found: check if there is a RefParameter without a condition.
2024-12-15 11:21:02,328 [WARN] IP:2191 - ClockDividerCCU not found: check if there is a RefParameter without a condition.
2024-12-15 11:21:02,328 [WARN] IP:2191 - MinOscClkPeriodsCCU not found: check if there is a RefParameter without a condition.
2024-12-15 11:21:02,328 [WARN] IP:2191 - TimeQuantaPerBitTimeCCU not found: check if there is a RefParameter without a condition.
2024-12-15 11:21:02,328 [WARN] IP:2191 - WatchdogStartValueCCU not found: check if there is a RefParameter without a condition.
2024-12-15 11:21:02,378 [INFO] NvicIntPanel:101 - NVIC parent = com.st.microxplorer.plugins.ip.nvic.MultiNvicIntPanel[,0,0,0x0,invalid,layout=javax.swing.BoxLayout,alignmentX=0.0,alignmentY=0.0,border=,flags=9,maximumSize=,minimumSize=,preferredSize=]
2024-12-15 11:21:02,600 [WARN] IP:2191 - MessageRAMOffset not found: check if there is a RefParameter without a condition.
2024-12-15 11:21:02,600 [WARN] IP:2191 - RxFifo0ElmtsNbr not found: check if there is a RefParameter without a condition.
2024-12-15 11:21:02,600 [WARN] IP:2191 - RxFifo0ElmtSize not found: check if there is a RefParameter without a condition.
2024-12-15 11:21:02,600 [WARN] IP:2191 - RxFifo1ElmtsNbr not found: check if there is a RefParameter without a condition.
2024-12-15 11:21:02,601 [WARN] IP:2191 - RxFifo1ElmtSize not found: check if there is a RefParameter without a condition.
2024-12-15 11:21:02,601 [WARN] IP:2191 - RxBuffersNbr not found: check if there is a RefParameter without a condition.
2024-12-15 11:21:02,601 [WARN] IP:2191 - RxBufferSize not found: check if there is a RefParameter without a condition.
2024-12-15 11:21:02,601 [WARN] IP:2191 - TxEventsNbr not found: check if there is a RefParameter without a condition.
2024-12-15 11:21:02,601 [WARN] IP:2191 - TxBuffersNbr not found: check if there is a RefParameter without a condition.
2024-12-15 11:21:02,601 [WARN] IP:2191 - TxFifoQueueElmtsNbr not found: check if there is a RefParameter without a condition.
2024-12-15 11:21:02,601 [WARN] IP:2191 - TxElmtSize not found: check if there is a RefParameter without a condition.
2024-12-15 11:21:02,601 [WARN] IP:2191 - ClockCalibrationCCU not found: check if there is a RefParameter without a condition.
2024-12-15 11:21:02,601 [WARN] IP:2191 - ClockDividerCCU not found: check if there is a RefParameter without a condition.
2024-12-15 11:21:02,601 [WARN] IP:2191 - MinOscClkPeriodsCCU not found: check if there is a RefParameter without a condition.
2024-12-15 11:21:02,601 [WARN] IP:2191 - TimeQuantaPerBitTimeCCU not found: check if there is a RefParameter without a condition.
2024-12-15 11:21:02,601 [WARN] IP:2191 - WatchdogStartValueCCU not found: check if there is a RefParameter without a condition.
2024-12-15 11:21:02,627 [INFO] NvicIntPanel:101 - NVIC parent = com.st.microxplorer.plugins.ip.nvic.MultiNvicIntPanel[,0,0,0x0,invalid,layout=javax.swing.BoxLayout,alignmentX=0.0,alignmentY=0.0,border=,flags=9,maximumSize=,minimumSize=,preferredSize=]
2024-12-15 11:21:10,035 [WARN] IP:2191 - MessageRAMOffset not found: check if there is a RefParameter without a condition.
2024-12-15 11:21:10,036 [WARN] IP:2191 - RxFifo0ElmtsNbr not found: check if there is a RefParameter without a condition.
2024-12-15 11:21:10,036 [WARN] IP:2191 - RxFifo0ElmtSize not found: check if there is a RefParameter without a condition.
2024-12-15 11:21:10,036 [WARN] IP:2191 - RxFifo1ElmtsNbr not found: check if there is a RefParameter without a condition.
2024-12-15 11:21:10,036 [WARN] IP:2191 - RxFifo1ElmtSize not found: check if there is a RefParameter without a condition.
2024-12-15 11:21:10,036 [WARN] IP:2191 - RxBuffersNbr not found: check if there is a RefParameter without a condition.
2024-12-15 11:21:10,036 [WARN] IP:2191 - RxBufferSize not found: check if there is a RefParameter without a condition.
2024-12-15 11:21:10,036 [WARN] IP:2191 - TxEventsNbr not found: check if there is a RefParameter without a condition.
2024-12-15 11:21:10,036 [WARN] IP:2191 - TxBuffersNbr not found: check if there is a RefParameter without a condition.
2024-12-15 11:21:10,036 [WARN] IP:2191 - TxFifoQueueElmtsNbr not found: check if there is a RefParameter without a condition.
2024-12-15 11:21:10,036 [WARN] IP:2191 - TxElmtSize not found: check if there is a RefParameter without a condition.
2024-12-15 11:21:10,036 [WARN] IP:2191 - ClockCalibrationCCU not found: check if there is a RefParameter without a condition.
2024-12-15 11:21:10,036 [WARN] IP:2191 - ClockDividerCCU not found: check if there is a RefParameter without a condition.
2024-12-15 11:21:10,037 [WARN] IP:2191 - MinOscClkPeriodsCCU not found: check if there is a RefParameter without a condition.
2024-12-15 11:21:10,037 [WARN] IP:2191 - TimeQuantaPerBitTimeCCU not found: check if there is a RefParameter without a condition.
2024-12-15 11:21:10,037 [WARN] IP:2191 - WatchdogStartValueCCU not found: check if there is a RefParameter without a condition.
2024-12-15 11:21:10,099 [INFO] NvicIntPanel:101 - NVIC parent = com.st.microxplorer.plugins.ip.nvic.MultiNvicIntPanel[,0,0,0x0,invalid,layout=javax.swing.BoxLayout,alignmentX=0.0,alignmentY=0.0,border=,flags=9,maximumSize=,minimumSize=,preferredSize=]
2024-12-15 11:21:10,333 [WARN] IP:2191 - MessageRAMOffset not found: check if there is a RefParameter without a condition.
2024-12-15 11:21:10,333 [WARN] IP:2191 - RxFifo0ElmtsNbr not found: check if there is a RefParameter without a condition.
2024-12-15 11:21:10,333 [WARN] IP:2191 - RxFifo0ElmtSize not found: check if there is a RefParameter without a condition.
2024-12-15 11:21:10,333 [WARN] IP:2191 - RxFifo1ElmtsNbr not found: check if there is a RefParameter without a condition.
2024-12-15 11:21:10,333 [WARN] IP:2191 - RxFifo1ElmtSize not found: check if there is a RefParameter without a condition.
2024-12-15 11:21:10,333 [WARN] IP:2191 - RxBuffersNbr not found: check if there is a RefParameter without a condition.
2024-12-15 11:21:10,333 [WARN] IP:2191 - RxBufferSize not found: check if there is a RefParameter without a condition.
2024-12-15 11:21:10,333 [WARN] IP:2191 - TxEventsNbr not found: check if there is a RefParameter without a condition.
2024-12-15 11:21:10,333 [WARN] IP:2191 - TxBuffersNbr not found: check if there is a RefParameter without a condition.
2024-12-15 11:21:10,333 [WARN] IP:2191 - TxFifoQueueElmtsNbr not found: check if there is a RefParameter without a condition.
2024-12-15 11:21:10,333 [WARN] IP:2191 - TxElmtSize not found: check if there is a RefParameter without a condition.
2024-12-15 11:21:10,333 [WARN] IP:2191 - ClockCalibrationCCU not found: check if there is a RefParameter without a condition.
2024-12-15 11:21:10,333 [WARN] IP:2191 - ClockDividerCCU not found: check if there is a RefParameter without a condition.
2024-12-15 11:21:10,333 [WARN] IP:2191 - MinOscClkPeriodsCCU not found: check if there is a RefParameter without a condition.
2024-12-15 11:21:10,334 [WARN] IP:2191 - TimeQuantaPerBitTimeCCU not found: check if there is a RefParameter without a condition.
2024-12-15 11:21:10,334 [WARN] IP:2191 - WatchdogStartValueCCU not found: check if there is a RefParameter without a condition.
2024-12-15 11:21:10,355 [INFO] NvicIntPanel:101 - NVIC parent = com.st.microxplorer.plugins.ip.nvic.MultiNvicIntPanel[,0,0,0x0,invalid,layout=javax.swing.BoxLayout,alignmentX=0.0,alignmentY=0.0,border=,flags=9,maximumSize=,minimumSize=,preferredSize=]
2024-12-15 11:21:13,923 [WARN] IP:2191 - MessageRAMOffset not found: check if there is a RefParameter without a condition.
2024-12-15 11:21:13,923 [WARN] IP:2191 - RxFifo0ElmtsNbr not found: check if there is a RefParameter without a condition.
2024-12-15 11:21:13,923 [WARN] IP:2191 - RxFifo0ElmtSize not found: check if there is a RefParameter without a condition.
2024-12-15 11:21:13,923 [WARN] IP:2191 - RxFifo1ElmtsNbr not found: check if there is a RefParameter without a condition.
2024-12-15 11:21:13,923 [WARN] IP:2191 - RxFifo1ElmtSize not found: check if there is a RefParameter without a condition.
2024-12-15 11:21:13,924 [WARN] IP:2191 - RxBuffersNbr not found: check if there is a RefParameter without a condition.
2024-12-15 11:21:13,924 [WARN] IP:2191 - RxBufferSize not found: check if there is a RefParameter without a condition.
2024-12-15 11:21:13,924 [WARN] IP:2191 - TxEventsNbr not found: check if there is a RefParameter without a condition.
2024-12-15 11:21:13,924 [WARN] IP:2191 - TxBuffersNbr not found: check if there is a RefParameter without a condition.
2024-12-15 11:21:13,924 [WARN] IP:2191 - TxFifoQueueElmtsNbr not found: check if there is a RefParameter without a condition.
2024-12-15 11:21:13,924 [WARN] IP:2191 - TxElmtSize not found: check if there is a RefParameter without a condition.
2024-12-15 11:21:13,924 [WARN] IP:2191 - ClockCalibrationCCU not found: check if there is a RefParameter without a condition.
2024-12-15 11:21:13,924 [WARN] IP:2191 - ClockDividerCCU not found: check if there is a RefParameter without a condition.
2024-12-15 11:21:13,926 [WARN] IP:2191 - MinOscClkPeriodsCCU not found: check if there is a RefParameter without a condition.
2024-12-15 11:21:13,927 [WARN] IP:2191 - TimeQuantaPerBitTimeCCU not found: check if there is a RefParameter without a condition.
2024-12-15 11:21:13,927 [WARN] IP:2191 - WatchdogStartValueCCU not found: check if there is a RefParameter without a condition.
2024-12-15 11:21:13,984 [INFO] NvicIntPanel:101 - NVIC parent = com.st.microxplorer.plugins.ip.nvic.MultiNvicIntPanel[,0,0,0x0,invalid,layout=javax.swing.BoxLayout,alignmentX=0.0,alignmentY=0.0,border=,flags=9,maximumSize=,minimumSize=,preferredSize=]
2024-12-15 11:21:14,189 [WARN] IP:2191 - MessageRAMOffset not found: check if there is a RefParameter without a condition.
2024-12-15 11:21:14,189 [WARN] IP:2191 - RxFifo0ElmtsNbr not found: check if there is a RefParameter without a condition.
2024-12-15 11:21:14,189 [WARN] IP:2191 - RxFifo0ElmtSize not found: check if there is a RefParameter without a condition.
2024-12-15 11:21:14,190 [WARN] IP:2191 - RxFifo1ElmtsNbr not found: check if there is a RefParameter without a condition.
2024-12-15 11:21:14,190 [WARN] IP:2191 - RxFifo1ElmtSize not found: check if there is a RefParameter without a condition.
2024-12-15 11:21:14,190 [WARN] IP:2191 - RxBuffersNbr not found: check if there is a RefParameter without a condition.
2024-12-15 11:21:14,190 [WARN] IP:2191 - RxBufferSize not found: check if there is a RefParameter without a condition.
2024-12-15 11:21:14,190 [WARN] IP:2191 - TxEventsNbr not found: check if there is a RefParameter without a condition.
2024-12-15 11:21:14,190 [WARN] IP:2191 - TxBuffersNbr not found: check if there is a RefParameter without a condition.
2024-12-15 11:21:14,190 [WARN] IP:2191 - TxFifoQueueElmtsNbr not found: check if there is a RefParameter without a condition.
2024-12-15 11:21:14,190 [WARN] IP:2191 - TxElmtSize not found: check if there is a RefParameter without a condition.
2024-12-15 11:21:14,190 [WARN] IP:2191 - ClockCalibrationCCU not found: check if there is a RefParameter without a condition.
2024-12-15 11:21:14,190 [WARN] IP:2191 - ClockDividerCCU not found: check if there is a RefParameter without a condition.
2024-12-15 11:21:14,190 [WARN] IP:2191 - MinOscClkPeriodsCCU not found: check if there is a RefParameter without a condition.
2024-12-15 11:21:14,190 [WARN] IP:2191 - TimeQuantaPerBitTimeCCU not found: check if there is a RefParameter without a condition.
2024-12-15 11:21:14,190 [WARN] IP:2191 - WatchdogStartValueCCU not found: check if there is a RefParameter without a condition.
2024-12-15 11:21:14,213 [INFO] NvicIntPanel:101 - NVIC parent = com.st.microxplorer.plugins.ip.nvic.MultiNvicIntPanel[,0,0,0x0,invalid,layout=javax.swing.BoxLayout,alignmentX=0.0,alignmentY=0.0,border=,flags=9,maximumSize=,minimumSize=,preferredSize=]
2024-12-15 11:21:34,544 [WARN] IP:2191 - MessageRAMOffset not found: check if there is a RefParameter without a condition.
2024-12-15 11:21:34,544 [WARN] IP:2191 - RxFifo0ElmtsNbr not found: check if there is a RefParameter without a condition.
2024-12-15 11:21:34,544 [WARN] IP:2191 - RxFifo0ElmtSize not found: check if there is a RefParameter without a condition.
2024-12-15 11:21:34,544 [WARN] IP:2191 - RxFifo1ElmtsNbr not found: check if there is a RefParameter without a condition.
2024-12-15 11:21:34,545 [WARN] IP:2191 - RxFifo1ElmtSize not found: check if there is a RefParameter without a condition.
2024-12-15 11:21:34,545 [WARN] IP:2191 - RxBuffersNbr not found: check if there is a RefParameter without a condition.
2024-12-15 11:21:34,545 [WARN] IP:2191 - RxBufferSize not found: check if there is a RefParameter without a condition.
2024-12-15 11:21:34,545 [WARN] IP:2191 - TxEventsNbr not found: check if there is a RefParameter without a condition.
2024-12-15 11:21:34,545 [WARN] IP:2191 - TxBuffersNbr not found: check if there is a RefParameter without a condition.
2024-12-15 11:21:34,545 [WARN] IP:2191 - TxFifoQueueElmtsNbr not found: check if there is a RefParameter without a condition.
2024-12-15 11:21:34,545 [WARN] IP:2191 - TxElmtSize not found: check if there is a RefParameter without a condition.
2024-12-15 11:21:34,545 [WARN] IP:2191 - ClockCalibrationCCU not found: check if there is a RefParameter without a condition.
2024-12-15 11:21:34,545 [WARN] IP:2191 - ClockDividerCCU not found: check if there is a RefParameter without a condition.
2024-12-15 11:21:34,545 [WARN] IP:2191 - MinOscClkPeriodsCCU not found: check if there is a RefParameter without a condition.
2024-12-15 11:21:34,545 [WARN] IP:2191 - TimeQuantaPerBitTimeCCU not found: check if there is a RefParameter without a condition.
2024-12-15 11:21:34,545 [WARN] IP:2191 - WatchdogStartValueCCU not found: check if there is a RefParameter without a condition.
2024-12-15 11:21:34,589 [INFO] NvicIntPanel:101 - NVIC parent = com.st.microxplorer.plugins.ip.nvic.MultiNvicIntPanel[,0,0,0x0,invalid,layout=javax.swing.BoxLayout,alignmentX=0.0,alignmentY=0.0,border=,flags=9,maximumSize=,minimumSize=,preferredSize=]
2024-12-15 11:21:34,783 [WARN] IP:2191 - MessageRAMOffset not found: check if there is a RefParameter without a condition.
2024-12-15 11:21:34,783 [WARN] IP:2191 - RxFifo0ElmtsNbr not found: check if there is a RefParameter without a condition.
2024-12-15 11:21:34,783 [WARN] IP:2191 - RxFifo0ElmtSize not found: check if there is a RefParameter without a condition.
2024-12-15 11:21:34,783 [WARN] IP:2191 - RxFifo1ElmtsNbr not found: check if there is a RefParameter without a condition.
2024-12-15 11:21:34,783 [WARN] IP:2191 - RxFifo1ElmtSize not found: check if there is a RefParameter without a condition.
2024-12-15 11:21:34,783 [WARN] IP:2191 - RxBuffersNbr not found: check if there is a RefParameter without a condition.
2024-12-15 11:21:34,783 [WARN] IP:2191 - RxBufferSize not found: check if there is a RefParameter without a condition.
2024-12-15 11:21:34,783 [WARN] IP:2191 - TxEventsNbr not found: check if there is a RefParameter without a condition.
2024-12-15 11:21:34,783 [WARN] IP:2191 - TxBuffersNbr not found: check if there is a RefParameter without a condition.
2024-12-15 11:21:34,783 [WARN] IP:2191 - TxFifoQueueElmtsNbr not found: check if there is a RefParameter without a condition.
2024-12-15 11:21:34,783 [WARN] IP:2191 - TxElmtSize not found: check if there is a RefParameter without a condition.
2024-12-15 11:21:34,783 [WARN] IP:2191 - ClockCalibrationCCU not found: check if there is a RefParameter without a condition.
2024-12-15 11:21:34,783 [WARN] IP:2191 - ClockDividerCCU not found: check if there is a RefParameter without a condition.
2024-12-15 11:21:34,783 [WARN] IP:2191 - MinOscClkPeriodsCCU not found: check if there is a RefParameter without a condition.
2024-12-15 11:21:34,783 [WARN] IP:2191 - TimeQuantaPerBitTimeCCU not found: check if there is a RefParameter without a condition.
2024-12-15 11:21:34,783 [WARN] IP:2191 - WatchdogStartValueCCU not found: check if there is a RefParameter without a condition.
2024-12-15 11:21:34,806 [INFO] NvicIntPanel:101 - NVIC parent = com.st.microxplorer.plugins.ip.nvic.MultiNvicIntPanel[,0,0,0x0,invalid,layout=javax.swing.BoxLayout,alignmentX=0.0,alignmentY=0.0,border=,flags=9,maximumSize=,minimumSize=,preferredSize=]
2024-12-15 11:21:39,401 [WARN] IP:2191 - MessageRAMOffset not found: check if there is a RefParameter without a condition.
2024-12-15 11:21:39,401 [WARN] IP:2191 - RxFifo0ElmtsNbr not found: check if there is a RefParameter without a condition.
2024-12-15 11:21:39,401 [WARN] IP:2191 - RxFifo0ElmtSize not found: check if there is a RefParameter without a condition.
2024-12-15 11:21:39,401 [WARN] IP:2191 - RxFifo1ElmtsNbr not found: check if there is a RefParameter without a condition.
2024-12-15 11:21:39,401 [WARN] IP:2191 - RxFifo1ElmtSize not found: check if there is a RefParameter without a condition.
2024-12-15 11:21:39,401 [WARN] IP:2191 - RxBuffersNbr not found: check if there is a RefParameter without a condition.
2024-12-15 11:21:39,401 [WARN] IP:2191 - RxBufferSize not found: check if there is a RefParameter without a condition.
2024-12-15 11:21:39,401 [WARN] IP:2191 - TxEventsNbr not found: check if there is a RefParameter without a condition.
2024-12-15 11:21:39,401 [WARN] IP:2191 - TxBuffersNbr not found: check if there is a RefParameter without a condition.
2024-12-15 11:21:39,401 [WARN] IP:2191 - TxFifoQueueElmtsNbr not found: check if there is a RefParameter without a condition.
2024-12-15 11:21:39,402 [WARN] IP:2191 - TxElmtSize not found: check if there is a RefParameter without a condition.
2024-12-15 11:21:39,402 [WARN] IP:2191 - ClockCalibrationCCU not found: check if there is a RefParameter without a condition.
2024-12-15 11:21:39,402 [WARN] IP:2191 - ClockDividerCCU not found: check if there is a RefParameter without a condition.
2024-12-15 11:21:39,402 [WARN] IP:2191 - MinOscClkPeriodsCCU not found: check if there is a RefParameter without a condition.
2024-12-15 11:21:39,402 [WARN] IP:2191 - TimeQuantaPerBitTimeCCU not found: check if there is a RefParameter without a condition.
2024-12-15 11:21:39,405 [WARN] IP:2191 - WatchdogStartValueCCU not found: check if there is a RefParameter without a condition.
2024-12-15 11:21:39,473 [INFO] NvicIntPanel:101 - NVIC parent = com.st.microxplorer.plugins.ip.nvic.MultiNvicIntPanel[,0,0,0x0,invalid,layout=javax.swing.BoxLayout,alignmentX=0.0,alignmentY=0.0,border=,flags=9,maximumSize=,minimumSize=,preferredSize=]
2024-12-15 11:21:39,668 [WARN] IP:2191 - MessageRAMOffset not found: check if there is a RefParameter without a condition.
2024-12-15 11:21:39,668 [WARN] IP:2191 - RxFifo0ElmtsNbr not found: check if there is a RefParameter without a condition.
2024-12-15 11:21:39,668 [WARN] IP:2191 - RxFifo0ElmtSize not found: check if there is a RefParameter without a condition.
2024-12-15 11:21:39,668 [WARN] IP:2191 - RxFifo1ElmtsNbr not found: check if there is a RefParameter without a condition.
2024-12-15 11:21:39,669 [WARN] IP:2191 - RxFifo1ElmtSize not found: check if there is a RefParameter without a condition.
2024-12-15 11:21:39,669 [WARN] IP:2191 - RxBuffersNbr not found: check if there is a RefParameter without a condition.
2024-12-15 11:21:39,669 [WARN] IP:2191 - RxBufferSize not found: check if there is a RefParameter without a condition.
2024-12-15 11:21:39,670 [WARN] IP:2191 - TxEventsNbr not found: check if there is a RefParameter without a condition.
2024-12-15 11:21:39,670 [WARN] IP:2191 - TxBuffersNbr not found: check if there is a RefParameter without a condition.
2024-12-15 11:21:39,670 [WARN] IP:2191 - TxFifoQueueElmtsNbr not found: check if there is a RefParameter without a condition.
2024-12-15 11:21:39,671 [WARN] IP:2191 - TxElmtSize not found: check if there is a RefParameter without a condition.
2024-12-15 11:21:39,671 [WARN] IP:2191 - ClockCalibrationCCU not found: check if there is a RefParameter without a condition.
2024-12-15 11:21:39,671 [WARN] IP:2191 - ClockDividerCCU not found: check if there is a RefParameter without a condition.
2024-12-15 11:21:39,672 [WARN] IP:2191 - MinOscClkPeriodsCCU not found: check if there is a RefParameter without a condition.
2024-12-15 11:21:39,672 [WARN] IP:2191 - TimeQuantaPerBitTimeCCU not found: check if there is a RefParameter without a condition.
2024-12-15 11:21:39,672 [WARN] IP:2191 - WatchdogStartValueCCU not found: check if there is a RefParameter without a condition.
2024-12-15 11:21:39,710 [INFO] NvicIntPanel:101 - NVIC parent = com.st.microxplorer.plugins.ip.nvic.MultiNvicIntPanel[,0,0,0x0,invalid,layout=javax.swing.BoxLayout,alignmentX=0.0,alignmentY=0.0,border=,flags=9,maximumSize=,minimumSize=,preferredSize=]
2024-12-15 11:21:43,651 [WARN] IP:2191 - MessageRAMOffset not found: check if there is a RefParameter without a condition.
2024-12-15 11:21:43,652 [WARN] IP:2191 - RxFifo0ElmtsNbr not found: check if there is a RefParameter without a condition.
2024-12-15 11:21:43,652 [WARN] IP:2191 - RxFifo0ElmtSize not found: check if there is a RefParameter without a condition.
2024-12-15 11:21:43,652 [WARN] IP:2191 - RxFifo1ElmtsNbr not found: check if there is a RefParameter without a condition.
2024-12-15 11:21:43,652 [WARN] IP:2191 - RxFifo1ElmtSize not found: check if there is a RefParameter without a condition.
2024-12-15 11:21:43,652 [WARN] IP:2191 - RxBuffersNbr not found: check if there is a RefParameter without a condition.
2024-12-15 11:21:43,652 [WARN] IP:2191 - RxBufferSize not found: check if there is a RefParameter without a condition.
2024-12-15 11:21:43,652 [WARN] IP:2191 - TxEventsNbr not found: check if there is a RefParameter without a condition.
2024-12-15 11:21:43,652 [WARN] IP:2191 - TxBuffersNbr not found: check if there is a RefParameter without a condition.
2024-12-15 11:21:43,653 [WARN] IP:2191 - TxFifoQueueElmtsNbr not found: check if there is a RefParameter without a condition.
2024-12-15 11:21:43,653 [WARN] IP:2191 - TxElmtSize not found: check if there is a RefParameter without a condition.
2024-12-15 11:21:43,653 [WARN] IP:2191 - ClockCalibrationCCU not found: check if there is a RefParameter without a condition.
2024-12-15 11:21:43,653 [WARN] IP:2191 - ClockDividerCCU not found: check if there is a RefParameter without a condition.
2024-12-15 11:21:43,653 [WARN] IP:2191 - MinOscClkPeriodsCCU not found: check if there is a RefParameter without a condition.
2024-12-15 11:21:43,654 [WARN] IP:2191 - TimeQuantaPerBitTimeCCU not found: check if there is a RefParameter without a condition.
2024-12-15 11:21:43,654 [WARN] IP:2191 - WatchdogStartValueCCU not found: check if there is a RefParameter without a condition.
2024-12-15 11:21:43,865 [INFO] NvicIntPanel:101 - NVIC parent = com.st.microxplorer.plugins.ip.nvic.MultiNvicIntPanel[,0,0,0x0,invalid,layout=javax.swing.BoxLayout,alignmentX=0.0,alignmentY=0.0,border=,flags=9,maximumSize=,minimumSize=,preferredSize=]
2024-12-15 11:21:44,131 [WARN] IP:2191 - MessageRAMOffset not found: check if there is a RefParameter without a condition.
2024-12-15 11:21:44,131 [WARN] IP:2191 - RxFifo0ElmtsNbr not found: check if there is a RefParameter without a condition.
2024-12-15 11:21:44,132 [WARN] IP:2191 - RxFifo0ElmtSize not found: check if there is a RefParameter without a condition.
2024-12-15 11:21:44,132 [WARN] IP:2191 - RxFifo1ElmtsNbr not found: check if there is a RefParameter without a condition.
2024-12-15 11:21:44,132 [WARN] IP:2191 - RxFifo1ElmtSize not found: check if there is a RefParameter without a condition.
2024-12-15 11:21:44,132 [WARN] IP:2191 - RxBuffersNbr not found: check if there is a RefParameter without a condition.
2024-12-15 11:21:44,132 [WARN] IP:2191 - RxBufferSize not found: check if there is a RefParameter without a condition.
2024-12-15 11:21:44,132 [WARN] IP:2191 - TxEventsNbr not found: check if there is a RefParameter without a condition.
2024-12-15 11:21:44,132 [WARN] IP:2191 - TxBuffersNbr not found: check if there is a RefParameter without a condition.
2024-12-15 11:21:44,132 [WARN] IP:2191 - TxFifoQueueElmtsNbr not found: check if there is a RefParameter without a condition.
2024-12-15 11:21:44,132 [WARN] IP:2191 - TxElmtSize not found: check if there is a RefParameter without a condition.
2024-12-15 11:21:44,132 [WARN] IP:2191 - ClockCalibrationCCU not found: check if there is a RefParameter without a condition.
2024-12-15 11:21:44,132 [WARN] IP:2191 - ClockDividerCCU not found: check if there is a RefParameter without a condition.
2024-12-15 11:21:44,132 [WARN] IP:2191 - MinOscClkPeriodsCCU not found: check if there is a RefParameter without a condition.
2024-12-15 11:21:44,132 [WARN] IP:2191 - TimeQuantaPerBitTimeCCU not found: check if there is a RefParameter without a condition.
2024-12-15 11:21:44,132 [WARN] IP:2191 - WatchdogStartValueCCU not found: check if there is a RefParameter without a condition.
2024-12-15 11:21:44,168 [INFO] NvicIntPanel:101 - NVIC parent = com.st.microxplorer.plugins.ip.nvic.MultiNvicIntPanel[,0,0,0x0,invalid,layout=javax.swing.BoxLayout,alignmentX=0.0,alignmentY=0.0,border=,flags=9,maximumSize=,minimumSize=,preferredSize=]
2024-12-15 11:21:56,207 [INFO] UtilMem:75 - End SaveConfig() Used Memory: 776741016 Bytes (1073741824)
2024-12-15 11:21:58,705 [INFO] UtilMem:75 - End SaveConfig() Used Memory: 802295072 Bytes (1073741824)
2024-12-15 11:22:00,265 [INFO] UtilMem:75 - End SaveConfig() Used Memory: 899703200 Bytes (1073741824)
2024-12-15 11:22:00,662 [INFO] BlockDiagram:2766 - set Specific Code input for plugin: USB_Device
2024-12-15 11:22:00,662 [INFO] BlockDiagram:2766 - set Specific Code input for plugin: SYS
2024-12-15 11:22:00,663 [INFO] BlockDiagram:2766 - set Specific Code input for plugin: RCC
2024-12-15 11:22:00,663 [INFO] BlockDiagram:2766 - set Specific Code input for plugin: NVIC
2024-12-15 11:22:00,663 [INFO] BlockDiagram:2766 - set Specific Code input for plugin: USB
2024-12-15 11:22:00,663 [INFO] BlockDiagram:2766 - set Specific Code input for plugin: GPIO
2024-12-15 11:22:00,663 [INFO] BlockDiagram:2766 - set Specific Code input for plugin: FDCAN
2024-12-15 11:22:00,666 [INFO] CodeGenerator:807 - code generatio: config db path: C:\ST\STM32CubeIDE_1.16.1\STM32CubeIDE\plugins\com.st.stm32cube.common.mx_6.12.1.202409122256\\db\
2024-12-15 11:22:00,670 [WARN] IP:2191 - MessageRAMOffset not found: check if there is a RefParameter without a condition.
2024-12-15 11:22:00,670 [WARN] IP:2191 - RxFifo0ElmtsNbr not found: check if there is a RefParameter without a condition.
2024-12-15 11:22:00,670 [WARN] IP:2191 - RxFifo0ElmtSize not found: check if there is a RefParameter without a condition.
2024-12-15 11:22:00,670 [WARN] IP:2191 - RxFifo1ElmtsNbr not found: check if there is a RefParameter without a condition.
2024-12-15 11:22:00,670 [WARN] IP:2191 - RxFifo1ElmtSize not found: check if there is a RefParameter without a condition.
2024-12-15 11:22:00,670 [WARN] IP:2191 - RxBuffersNbr not found: check if there is a RefParameter without a condition.
2024-12-15 11:22:00,671 [WARN] IP:2191 - RxBufferSize not found: check if there is a RefParameter without a condition.
2024-12-15 11:22:00,671 [WARN] IP:2191 - TxEventsNbr not found: check if there is a RefParameter without a condition.
2024-12-15 11:22:00,671 [WARN] IP:2191 - TxBuffersNbr not found: check if there is a RefParameter without a condition.
2024-12-15 11:22:00,671 [WARN] IP:2191 - TxFifoQueueElmtsNbr not found: check if there is a RefParameter without a condition.
2024-12-15 11:22:00,671 [WARN] IP:2191 - TxElmtSize not found: check if there is a RefParameter without a condition.
2024-12-15 11:22:00,671 [WARN] IP:2191 - ClockCalibrationCCU not found: check if there is a RefParameter without a condition.
2024-12-15 11:22:00,671 [WARN] IP:2191 - ClockDividerCCU not found: check if there is a RefParameter without a condition.
2024-12-15 11:22:00,671 [WARN] IP:2191 - MinOscClkPeriodsCCU not found: check if there is a RefParameter without a condition.
2024-12-15 11:22:00,671 [WARN] IP:2191 - TimeQuantaPerBitTimeCCU not found: check if there is a RefParameter without a condition.
2024-12-15 11:22:00,671 [WARN] IP:2191 - WatchdogStartValueCCU not found: check if there is a RefParameter without a condition.
2024-12-15 11:22:00,885 [INFO] CodeEngine:255 - oldGeneratedFile, C:\Users\leona\Documents\UBM\GitLab\Precharge_Control\ST\USB2CAN\MXTmpFiles\license.tmp_save
2024-12-15 11:22:01,069 [INFO] CodeEngine:279 - Generated code: C:\Users\leona\Documents\UBM\GitLab\Precharge_Control\ST\USB2CAN\MXTmpFiles\license.tmp
2024-12-15 11:22:01,135 [INFO] CodeEngine:255 - oldGeneratedFile, C:\Users\leona\Documents\UBM\GitLab\Precharge_Control\ST\USB2CAN\Core\Src\gpio.c_save
2024-12-15 11:22:01,318 [INFO] CodeEngine:279 - Generated code: C:\Users\leona\Documents\UBM\GitLab\Precharge_Control\ST\USB2CAN\Core\Src\gpio.c
2024-12-15 11:22:01,337 [INFO] CodeEngine:255 - oldGeneratedFile, C:\Users\leona\Documents\UBM\GitLab\Precharge_Control\ST\USB2CAN\Core\Inc\gpio.h_save
2024-12-15 11:22:01,511 [INFO] CodeEngine:279 - Generated code: C:\Users\leona\Documents\UBM\GitLab\Precharge_Control\ST\USB2CAN\Core\Inc\gpio.h
2024-12-15 11:22:01,618 [INFO] CodeEngine:255 - oldGeneratedFile, C:\Users\leona\Documents\UBM\GitLab\Precharge_Control\ST\USB2CAN\MXTmpFiles\usb_vars.tmp_save
2024-12-15 11:22:01,811 [INFO] CodeEngine:279 - Generated code: C:\Users\leona\Documents\UBM\GitLab\Precharge_Control\ST\USB2CAN\MXTmpFiles\usb_vars.tmp
2024-12-15 11:22:01,822 [INFO] CodeEngine:255 - oldGeneratedFile, C:\Users\leona\Documents\UBM\GitLab\Precharge_Control\ST\USB2CAN\MXTmpFiles\usb_inc.tmp_save
2024-12-15 11:22:01,980 [INFO] CodeEngine:279 - Generated code: C:\Users\leona\Documents\UBM\GitLab\Precharge_Control\ST\USB2CAN\MXTmpFiles\usb_inc.tmp
2024-12-15 11:22:02,003 [INFO] CodeEngine:255 - oldGeneratedFile, C:\Users\leona\Documents\UBM\GitLab\Precharge_Control\ST\USB2CAN\MXTmpFiles\usb_HalInit.tmp_save
2024-12-15 11:22:02,146 [INFO] CodeEngine:279 - Generated code: C:\Users\leona\Documents\UBM\GitLab\Precharge_Control\ST\USB2CAN\MXTmpFiles\usb_HalInit.tmp
2024-12-15 11:22:02,155 [INFO] CodeEngine:255 - oldGeneratedFile, C:\Users\leona\Documents\UBM\GitLab\Precharge_Control\ST\USB2CAN\MXTmpFiles\usb_Msp.tmp_save
2024-12-15 11:22:02,292 [INFO] CodeEngine:279 - Generated code: C:\Users\leona\Documents\UBM\GitLab\Precharge_Control\ST\USB2CAN\MXTmpFiles\usb_Msp.tmp
2024-12-15 11:22:02,444 [INFO] Middleware:1439 - No code input for Bsp Dependency
2024-12-15 11:22:02,471 [INFO] CodeEngine:255 - oldGeneratedFile, C:\Users\leona\Documents\UBM\GitLab\Precharge_Control\ST\USB2CAN\Core\Src\fdcan.c_save
2024-12-15 11:22:02,685 [INFO] CodeEngine:279 - Generated code: C:\Users\leona\Documents\UBM\GitLab\Precharge_Control\ST\USB2CAN\Core\Src\fdcan.c
2024-12-15 11:22:02,704 [INFO] CodeEngine:255 - oldGeneratedFile, C:\Users\leona\Documents\UBM\GitLab\Precharge_Control\ST\USB2CAN\Core\Inc\fdcan.h_save
2024-12-15 11:22:02,936 [INFO] CodeEngine:279 - Generated code: C:\Users\leona\Documents\UBM\GitLab\Precharge_Control\ST\USB2CAN\Core\Inc\fdcan.h
2024-12-15 11:22:02,985 [INFO] Middleware:1439 - No code input for Bsp Dependency
2024-12-15 11:22:03,009 [INFO] CodeEngine:255 - oldGeneratedFile, C:\Users\leona\Documents\UBM\GitLab\Precharge_Control\ST\USB2CAN\USB_Device\App\usb_device.c_save
2024-12-15 11:22:03,226 [INFO] CodeEngine:279 - Generated code: C:\Users\leona\Documents\UBM\GitLab\Precharge_Control\ST\USB2CAN\USB_Device\App\usb_device.c
2024-12-15 11:22:03,239 [INFO] CodeEngine:255 - oldGeneratedFile, C:\Users\leona\Documents\UBM\GitLab\Precharge_Control\ST\USB2CAN\USB_Device\App\usb_device.h_save
2024-12-15 11:22:03,386 [INFO] CodeEngine:279 - Generated code: C:\Users\leona\Documents\UBM\GitLab\Precharge_Control\ST\USB2CAN\USB_Device\App\usb_device.h
2024-12-15 11:22:03,399 [INFO] CodeEngine:255 - oldGeneratedFile, C:\Users\leona\Documents\UBM\GitLab\Precharge_Control\ST\USB2CAN\USB_Device\Target\usbd_conf.h_save
2024-12-15 11:22:03,520 [INFO] CodeEngine:279 - Generated code: C:\Users\leona\Documents\UBM\GitLab\Precharge_Control\ST\USB2CAN\USB_Device\Target\usbd_conf.h
2024-12-15 11:22:03,534 [INFO] CodeEngine:255 - oldGeneratedFile, C:\Users\leona\Documents\UBM\GitLab\Precharge_Control\ST\USB2CAN\USB_Device\Target\usbd_conf.c_save
2024-12-15 11:22:03,692 [INFO] CodeEngine:279 - Generated code: C:\Users\leona\Documents\UBM\GitLab\Precharge_Control\ST\USB2CAN\USB_Device\Target\usbd_conf.c
2024-12-15 11:22:03,706 [INFO] CodeEngine:255 - oldGeneratedFile, C:\Users\leona\Documents\UBM\GitLab\Precharge_Control\ST\USB2CAN\USB_Device\App\usbd_desc.h_save
2024-12-15 11:22:03,836 [INFO] CodeEngine:279 - Generated code: C:\Users\leona\Documents\UBM\GitLab\Precharge_Control\ST\USB2CAN\USB_Device\App\usbd_desc.h
2024-12-15 11:22:03,848 [INFO] CodeEngine:255 - oldGeneratedFile, C:\Users\leona\Documents\UBM\GitLab\Precharge_Control\ST\USB2CAN\USB_Device\App\usbd_desc.c_save
2024-12-15 11:22:03,994 [INFO] CodeEngine:279 - Generated code: C:\Users\leona\Documents\UBM\GitLab\Precharge_Control\ST\USB2CAN\USB_Device\App\usbd_desc.c
2024-12-15 11:22:04,006 [INFO] CodeEngine:255 - oldGeneratedFile, C:\Users\leona\Documents\UBM\GitLab\Precharge_Control\ST\USB2CAN\USB_Device\App\usbd_cdc_if.h_save
2024-12-15 11:22:04,154 [INFO] CodeEngine:279 - Generated code: C:\Users\leona\Documents\UBM\GitLab\Precharge_Control\ST\USB2CAN\USB_Device\App\usbd_cdc_if.h
2024-12-15 11:22:04,166 [INFO] CodeEngine:255 - oldGeneratedFile, C:\Users\leona\Documents\UBM\GitLab\Precharge_Control\ST\USB2CAN\USB_Device\App\usbd_cdc_if.c_save
2024-12-15 11:22:04,325 [INFO] CodeEngine:279 - Generated code: C:\Users\leona\Documents\UBM\GitLab\Precharge_Control\ST\USB2CAN\USB_Device\App\usbd_cdc_if.c
2024-12-15 11:22:04,359 [INFO] CodeEngine:255 - oldGeneratedFile, C:\Users\leona\Documents\UBM\GitLab\Precharge_Control\ST\USB2CAN\Core\Src\stm32g4xx_it.c_save
2024-12-15 11:22:04,712 [INFO] CodeEngine:279 - Generated code: C:\Users\leona\Documents\UBM\GitLab\Precharge_Control\ST\USB2CAN\Core\Src\stm32g4xx_it.c
2024-12-15 11:22:04,725 [INFO] CodeEngine:255 - oldGeneratedFile, C:\Users\leona\Documents\UBM\GitLab\Precharge_Control\ST\USB2CAN\Core\Inc\stm32g4xx_it.h_save
2024-12-15 11:22:04,856 [INFO] CodeEngine:279 - Generated code: C:\Users\leona\Documents\UBM\GitLab\Precharge_Control\ST\USB2CAN\Core\Inc\stm32g4xx_it.h
2024-12-15 11:22:04,887 [INFO] CodeEngine:255 - oldGeneratedFile, C:\Users\leona\Documents\UBM\GitLab\Precharge_Control\ST\USB2CAN\Core\Src\stm32g4xx_hal_msp.c_save
2024-12-15 11:22:05,063 [INFO] CodeEngine:279 - Generated code: C:\Users\leona\Documents\UBM\GitLab\Precharge_Control\ST\USB2CAN\Core\Src\stm32g4xx_hal_msp.c
2024-12-15 11:22:05,074 [INFO] CodeEngine:255 - oldGeneratedFile, C:\Users\leona\Documents\UBM\GitLab\Precharge_Control\ST\USB2CAN\MXTmpFiles\system.tmp_save
2024-12-15 11:22:05,234 [INFO] CodeEngine:279 - Generated code: C:\Users\leona\Documents\UBM\GitLab\Precharge_Control\ST\USB2CAN\MXTmpFiles\system.tmp
2024-12-15 11:22:05,253 [INFO] CodeEngine:311 - oldGeneratedFile, C:\Users\leona\Documents\UBM\GitLab\Precharge_Control\ST\USB2CAN\Core\Inc\stm32g4xx_hal_conf.h_save
2024-12-15 11:22:05,395 [INFO] CodeEngine:335 - Generated code: C:\Users\leona\Documents\UBM\GitLab\Precharge_Control\ST\USB2CAN\Core\Inc\stm32g4xx_hal_conf.h
2024-12-15 11:22:05,428 [WARN] IPConfigManager:3005 - Warning: the RefConfig RCC_CommonPeriphClockConfig is not available in your config.xml file
2024-12-15 11:22:05,458 [INFO] CodeEngine:255 - oldGeneratedFile, C:\Users\leona\Documents\UBM\GitLab\Precharge_Control\ST\USB2CAN\Core\Inc\main.h_save
2024-12-15 11:22:05,606 [INFO] CodeEngine:279 - Generated code: C:\Users\leona\Documents\UBM\GitLab\Precharge_Control\ST\USB2CAN\Core\Inc\main.h
2024-12-15 11:22:05,618 [INFO] CodeEngine:255 - oldGeneratedFile, C:\Users\leona\Documents\UBM\GitLab\Precharge_Control\ST\USB2CAN\Core\Src\main.c_save
2024-12-15 11:22:05,809 [INFO] CodeEngine:279 - Generated code: C:\Users\leona\Documents\UBM\GitLab\Precharge_Control\ST\USB2CAN\Core\Src\main.c
2024-12-15 11:22:06,907 [INFO] ProjectBuilder:3249 - Time for Copy HAL[1] : 744mS.
2024-12-15 11:22:06,936 [INFO] ProjectBuilder:4828 - Project Generator version: 4.5.0-B34
2024-12-15 11:22:07,240 [INFO] ConfigFileManager:1531 - The Die is : DIE468
2024-12-15 11:22:07,252 [INFO] ApiDbMcu:508 - Load IP Config File for FATFS
2024-12-15 11:22:07,274 [INFO] ApiDbMcu:508 - Load IP Config File for FREERTOS
2024-12-15 11:22:07,292 [INFO] ApiDbMcu:508 - Load IP Config File for USBPD
2024-12-15 11:22:10,276 [INFO] ProjectBuilder:5097 - Time for Generating toolchain IDE Files: 3340mS.
2024-12-15 11:22:10,277 [INFO] ProjectBuilder:3107 - Time for Copy CMSIS : 1mS.
2024-12-15 11:22:10,296 [INFO] ProjectBuilder:3107 - Time for Copy CMSIS : 0mS.
2024-12-15 11:30:46,437 [WARN] IP:2191 - MessageRAMOffset not found: check if there is a RefParameter without a condition.
2024-12-15 11:30:46,437 [WARN] IP:2191 - RxFifo0ElmtsNbr not found: check if there is a RefParameter without a condition.
2024-12-15 11:30:46,437 [WARN] IP:2191 - RxFifo0ElmtSize not found: check if there is a RefParameter without a condition.
2024-12-15 11:30:46,438 [WARN] IP:2191 - RxFifo1ElmtsNbr not found: check if there is a RefParameter without a condition.
2024-12-15 11:30:46,438 [WARN] IP:2191 - RxFifo1ElmtSize not found: check if there is a RefParameter without a condition.
2024-12-15 11:30:46,438 [WARN] IP:2191 - RxBuffersNbr not found: check if there is a RefParameter without a condition.
2024-12-15 11:30:46,438 [WARN] IP:2191 - RxBufferSize not found: check if there is a RefParameter without a condition.
2024-12-15 11:30:46,438 [WARN] IP:2191 - TxEventsNbr not found: check if there is a RefParameter without a condition.
2024-12-15 11:30:46,438 [WARN] IP:2191 - TxBuffersNbr not found: check if there is a RefParameter without a condition.
2024-12-15 11:30:46,438 [WARN] IP:2191 - TxFifoQueueElmtsNbr not found: check if there is a RefParameter without a condition.
2024-12-15 11:30:46,438 [WARN] IP:2191 - TxElmtSize not found: check if there is a RefParameter without a condition.
2024-12-15 11:30:46,438 [WARN] IP:2191 - ClockCalibrationCCU not found: check if there is a RefParameter without a condition.
2024-12-15 11:30:46,438 [WARN] IP:2191 - ClockDividerCCU not found: check if there is a RefParameter without a condition.
2024-12-15 11:30:46,438 [WARN] IP:2191 - MinOscClkPeriodsCCU not found: check if there is a RefParameter without a condition.
2024-12-15 11:30:46,439 [WARN] IP:2191 - TimeQuantaPerBitTimeCCU not found: check if there is a RefParameter without a condition.
2024-12-15 11:30:46,439 [WARN] IP:2191 - WatchdogStartValueCCU not found: check if there is a RefParameter without a condition.
2024-12-15 11:30:46,511 [INFO] NvicIntPanel:101 - NVIC parent = com.st.microxplorer.plugins.ip.nvic.MultiNvicIntPanel[,0,0,0x0,invalid,layout=javax.swing.BoxLayout,alignmentX=0.0,alignmentY=0.0,border=,flags=9,maximumSize=,minimumSize=,preferredSize=]
2024-12-15 11:30:49,332 [INFO] UtilMem:75 - End SaveConfig() Used Memory: 917929256 Bytes (1073741824)
2024-12-15 11:30:51,515 [INFO] UtilMem:75 - End SaveConfig() Used Memory: 800908744 Bytes (1073741824)
2024-12-15 11:30:52,789 [INFO] UtilMem:75 - End SaveConfig() Used Memory: 833805328 Bytes (1073741824)
2024-12-15 11:30:53,201 [INFO] BlockDiagram:2766 - set Specific Code input for plugin: USB_Device
2024-12-15 11:30:53,201 [INFO] BlockDiagram:2766 - set Specific Code input for plugin: SYS
2024-12-15 11:30:53,201 [INFO] BlockDiagram:2766 - set Specific Code input for plugin: RCC
2024-12-15 11:30:53,201 [INFO] BlockDiagram:2766 - set Specific Code input for plugin: NVIC
2024-12-15 11:30:53,201 [INFO] BlockDiagram:2766 - set Specific Code input for plugin: USB
2024-12-15 11:30:53,202 [INFO] BlockDiagram:2766 - set Specific Code input for plugin: GPIO
2024-12-15 11:30:53,202 [INFO] BlockDiagram:2766 - set Specific Code input for plugin: FDCAN
2024-12-15 11:30:53,204 [INFO] CodeGenerator:807 - code generatio: config db path: C:\ST\STM32CubeIDE_1.16.1\STM32CubeIDE\plugins\com.st.stm32cube.common.mx_6.12.1.202409122256\\db\
2024-12-15 11:30:53,208 [WARN] IP:2191 - MessageRAMOffset not found: check if there is a RefParameter without a condition.
2024-12-15 11:30:53,208 [WARN] IP:2191 - RxFifo0ElmtsNbr not found: check if there is a RefParameter without a condition.
2024-12-15 11:30:53,208 [WARN] IP:2191 - RxFifo0ElmtSize not found: check if there is a RefParameter without a condition.
2024-12-15 11:30:53,208 [WARN] IP:2191 - RxFifo1ElmtsNbr not found: check if there is a RefParameter without a condition.
2024-12-15 11:30:53,208 [WARN] IP:2191 - RxFifo1ElmtSize not found: check if there is a RefParameter without a condition.
2024-12-15 11:30:53,208 [WARN] IP:2191 - RxBuffersNbr not found: check if there is a RefParameter without a condition.
2024-12-15 11:30:53,208 [WARN] IP:2191 - RxBufferSize not found: check if there is a RefParameter without a condition.
2024-12-15 11:30:53,208 [WARN] IP:2191 - TxEventsNbr not found: check if there is a RefParameter without a condition.
2024-12-15 11:30:53,208 [WARN] IP:2191 - TxBuffersNbr not found: check if there is a RefParameter without a condition.
2024-12-15 11:30:53,208 [WARN] IP:2191 - TxFifoQueueElmtsNbr not found: check if there is a RefParameter without a condition.
2024-12-15 11:30:53,208 [WARN] IP:2191 - TxElmtSize not found: check if there is a RefParameter without a condition.
2024-12-15 11:30:53,208 [WARN] IP:2191 - ClockCalibrationCCU not found: check if there is a RefParameter without a condition.
2024-12-15 11:30:53,208 [WARN] IP:2191 - ClockDividerCCU not found: check if there is a RefParameter without a condition.
2024-12-15 11:30:53,208 [WARN] IP:2191 - MinOscClkPeriodsCCU not found: check if there is a RefParameter without a condition.
2024-12-15 11:30:53,208 [WARN] IP:2191 - TimeQuantaPerBitTimeCCU not found: check if there is a RefParameter without a condition.
2024-12-15 11:30:53,209 [WARN] IP:2191 - WatchdogStartValueCCU not found: check if there is a RefParameter without a condition.
2024-12-15 11:30:53,370 [INFO] CodeEngine:255 - oldGeneratedFile, C:\Users\leona\Documents\UBM\GitLab\Precharge_Control\ST\USB2CAN\MXTmpFiles\license.tmp_save
2024-12-15 11:30:53,562 [INFO] CodeEngine:279 - Generated code: C:\Users\leona\Documents\UBM\GitLab\Precharge_Control\ST\USB2CAN\MXTmpFiles\license.tmp
2024-12-15 11:30:53,600 [INFO] CodeEngine:255 - oldGeneratedFile, C:\Users\leona\Documents\UBM\GitLab\Precharge_Control\ST\USB2CAN\Core\Src\gpio.c_save
2024-12-15 11:30:53,729 [INFO] CodeEngine:279 - Generated code: C:\Users\leona\Documents\UBM\GitLab\Precharge_Control\ST\USB2CAN\Core\Src\gpio.c
2024-12-15 11:30:53,743 [INFO] CodeEngine:255 - oldGeneratedFile, C:\Users\leona\Documents\UBM\GitLab\Precharge_Control\ST\USB2CAN\Core\Inc\gpio.h_save
2024-12-15 11:30:53,875 [INFO] CodeEngine:279 - Generated code: C:\Users\leona\Documents\UBM\GitLab\Precharge_Control\ST\USB2CAN\Core\Inc\gpio.h
2024-12-15 11:30:53,945 [INFO] CodeEngine:255 - oldGeneratedFile, C:\Users\leona\Documents\UBM\GitLab\Precharge_Control\ST\USB2CAN\MXTmpFiles\usb_vars.tmp_save
2024-12-15 11:30:54,111 [INFO] CodeEngine:279 - Generated code: C:\Users\leona\Documents\UBM\GitLab\Precharge_Control\ST\USB2CAN\MXTmpFiles\usb_vars.tmp
2024-12-15 11:30:54,124 [INFO] CodeEngine:255 - oldGeneratedFile, C:\Users\leona\Documents\UBM\GitLab\Precharge_Control\ST\USB2CAN\MXTmpFiles\usb_inc.tmp_save
2024-12-15 11:30:54,289 [INFO] CodeEngine:279 - Generated code: C:\Users\leona\Documents\UBM\GitLab\Precharge_Control\ST\USB2CAN\MXTmpFiles\usb_inc.tmp
2024-12-15 11:30:54,298 [INFO] CodeEngine:255 - oldGeneratedFile, C:\Users\leona\Documents\UBM\GitLab\Precharge_Control\ST\USB2CAN\MXTmpFiles\usb_HalInit.tmp_save
2024-12-15 11:30:54,532 [INFO] CodeEngine:279 - Generated code: C:\Users\leona\Documents\UBM\GitLab\Precharge_Control\ST\USB2CAN\MXTmpFiles\usb_HalInit.tmp
2024-12-15 11:30:54,541 [INFO] CodeEngine:255 - oldGeneratedFile, C:\Users\leona\Documents\UBM\GitLab\Precharge_Control\ST\USB2CAN\MXTmpFiles\usb_Msp.tmp_save
2024-12-15 11:30:54,749 [INFO] CodeEngine:279 - Generated code: C:\Users\leona\Documents\UBM\GitLab\Precharge_Control\ST\USB2CAN\MXTmpFiles\usb_Msp.tmp
2024-12-15 11:30:54,882 [INFO] Middleware:1439 - No code input for Bsp Dependency
2024-12-15 11:30:54,904 [INFO] CodeEngine:255 - oldGeneratedFile, C:\Users\leona\Documents\UBM\GitLab\Precharge_Control\ST\USB2CAN\Core\Src\fdcan.c_save
2024-12-15 11:30:55,119 [INFO] CodeEngine:279 - Generated code: C:\Users\leona\Documents\UBM\GitLab\Precharge_Control\ST\USB2CAN\Core\Src\fdcan.c
2024-12-15 11:30:55,131 [INFO] CodeEngine:255 - oldGeneratedFile, C:\Users\leona\Documents\UBM\GitLab\Precharge_Control\ST\USB2CAN\Core\Inc\fdcan.h_save
2024-12-15 11:30:55,299 [INFO] CodeEngine:279 - Generated code: C:\Users\leona\Documents\UBM\GitLab\Precharge_Control\ST\USB2CAN\Core\Inc\fdcan.h
2024-12-15 11:30:55,330 [INFO] Middleware:1439 - No code input for Bsp Dependency
2024-12-15 11:30:55,350 [INFO] CodeEngine:255 - oldGeneratedFile, C:\Users\leona\Documents\UBM\GitLab\Precharge_Control\ST\USB2CAN\USB_Device\App\usb_device.c_save
2024-12-15 11:30:55,594 [INFO] CodeEngine:279 - Generated code: C:\Users\leona\Documents\UBM\GitLab\Precharge_Control\ST\USB2CAN\USB_Device\App\usb_device.c
2024-12-15 11:30:55,608 [INFO] CodeEngine:255 - oldGeneratedFile, C:\Users\leona\Documents\UBM\GitLab\Precharge_Control\ST\USB2CAN\USB_Device\App\usb_device.h_save
2024-12-15 11:30:55,727 [INFO] CodeEngine:279 - Generated code: C:\Users\leona\Documents\UBM\GitLab\Precharge_Control\ST\USB2CAN\USB_Device\App\usb_device.h
2024-12-15 11:30:55,739 [INFO] CodeEngine:255 - oldGeneratedFile, C:\Users\leona\Documents\UBM\GitLab\Precharge_Control\ST\USB2CAN\USB_Device\Target\usbd_conf.h_save
2024-12-15 11:30:55,867 [INFO] CodeEngine:279 - Generated code: C:\Users\leona\Documents\UBM\GitLab\Precharge_Control\ST\USB2CAN\USB_Device\Target\usbd_conf.h
2024-12-15 11:30:55,880 [INFO] CodeEngine:255 - oldGeneratedFile, C:\Users\leona\Documents\UBM\GitLab\Precharge_Control\ST\USB2CAN\USB_Device\Target\usbd_conf.c_save
2024-12-15 11:30:56,065 [INFO] CodeEngine:279 - Generated code: C:\Users\leona\Documents\UBM\GitLab\Precharge_Control\ST\USB2CAN\USB_Device\Target\usbd_conf.c
2024-12-15 11:30:56,078 [INFO] CodeEngine:255 - oldGeneratedFile, C:\Users\leona\Documents\UBM\GitLab\Precharge_Control\ST\USB2CAN\USB_Device\App\usbd_desc.h_save
2024-12-15 11:30:56,214 [INFO] CodeEngine:279 - Generated code: C:\Users\leona\Documents\UBM\GitLab\Precharge_Control\ST\USB2CAN\USB_Device\App\usbd_desc.h
2024-12-15 11:30:56,230 [INFO] CodeEngine:255 - oldGeneratedFile, C:\Users\leona\Documents\UBM\GitLab\Precharge_Control\ST\USB2CAN\USB_Device\App\usbd_desc.c_save
2024-12-15 11:30:56,369 [INFO] CodeEngine:279 - Generated code: C:\Users\leona\Documents\UBM\GitLab\Precharge_Control\ST\USB2CAN\USB_Device\App\usbd_desc.c
2024-12-15 11:30:56,383 [INFO] CodeEngine:255 - oldGeneratedFile, C:\Users\leona\Documents\UBM\GitLab\Precharge_Control\ST\USB2CAN\USB_Device\App\usbd_cdc_if.h_save
2024-12-15 11:30:56,564 [INFO] CodeEngine:279 - Generated code: C:\Users\leona\Documents\UBM\GitLab\Precharge_Control\ST\USB2CAN\USB_Device\App\usbd_cdc_if.h
2024-12-15 11:30:56,578 [INFO] CodeEngine:255 - oldGeneratedFile, C:\Users\leona\Documents\UBM\GitLab\Precharge_Control\ST\USB2CAN\USB_Device\App\usbd_cdc_if.c_save
2024-12-15 11:30:56,736 [INFO] CodeEngine:279 - Generated code: C:\Users\leona\Documents\UBM\GitLab\Precharge_Control\ST\USB2CAN\USB_Device\App\usbd_cdc_if.c
2024-12-15 11:30:56,771 [INFO] CodeEngine:255 - oldGeneratedFile, C:\Users\leona\Documents\UBM\GitLab\Precharge_Control\ST\USB2CAN\Core\Src\stm32g4xx_it.c_save
2024-12-15 11:30:57,095 [INFO] CodeEngine:279 - Generated code: C:\Users\leona\Documents\UBM\GitLab\Precharge_Control\ST\USB2CAN\Core\Src\stm32g4xx_it.c
2024-12-15 11:30:57,109 [INFO] CodeEngine:255 - oldGeneratedFile, C:\Users\leona\Documents\UBM\GitLab\Precharge_Control\ST\USB2CAN\Core\Inc\stm32g4xx_it.h_save
2024-12-15 11:30:57,226 [INFO] CodeEngine:279 - Generated code: C:\Users\leona\Documents\UBM\GitLab\Precharge_Control\ST\USB2CAN\Core\Inc\stm32g4xx_it.h
2024-12-15 11:30:57,258 [INFO] CodeEngine:255 - oldGeneratedFile, C:\Users\leona\Documents\UBM\GitLab\Precharge_Control\ST\USB2CAN\Core\Src\stm32g4xx_hal_msp.c_save
2024-12-15 11:30:57,521 [INFO] CodeEngine:279 - Generated code: C:\Users\leona\Documents\UBM\GitLab\Precharge_Control\ST\USB2CAN\Core\Src\stm32g4xx_hal_msp.c
2024-12-15 11:30:57,536 [INFO] CodeEngine:255 - oldGeneratedFile, C:\Users\leona\Documents\UBM\GitLab\Precharge_Control\ST\USB2CAN\MXTmpFiles\system.tmp_save
2024-12-15 11:30:57,765 [INFO] CodeEngine:279 - Generated code: C:\Users\leona\Documents\UBM\GitLab\Precharge_Control\ST\USB2CAN\MXTmpFiles\system.tmp
2024-12-15 11:30:57,796 [INFO] CodeEngine:311 - oldGeneratedFile, C:\Users\leona\Documents\UBM\GitLab\Precharge_Control\ST\USB2CAN\Core\Inc\stm32g4xx_hal_conf.h_save
2024-12-15 11:30:57,933 [INFO] CodeEngine:335 - Generated code: C:\Users\leona\Documents\UBM\GitLab\Precharge_Control\ST\USB2CAN\Core\Inc\stm32g4xx_hal_conf.h
2024-12-15 11:30:57,976 [WARN] IPConfigManager:3005 - Warning: the RefConfig RCC_CommonPeriphClockConfig is not available in your config.xml file
2024-12-15 11:30:58,006 [INFO] CodeEngine:255 - oldGeneratedFile, C:\Users\leona\Documents\UBM\GitLab\Precharge_Control\ST\USB2CAN\Core\Inc\main.h_save
2024-12-15 11:30:58,151 [INFO] CodeEngine:279 - Generated code: C:\Users\leona\Documents\UBM\GitLab\Precharge_Control\ST\USB2CAN\Core\Inc\main.h
2024-12-15 11:30:58,164 [INFO] CodeEngine:255 - oldGeneratedFile, C:\Users\leona\Documents\UBM\GitLab\Precharge_Control\ST\USB2CAN\Core\Src\main.c_save
2024-12-15 11:30:58,354 [INFO] CodeEngine:279 - Generated code: C:\Users\leona\Documents\UBM\GitLab\Precharge_Control\ST\USB2CAN\Core\Src\main.c
2024-12-15 11:30:59,202 [INFO] ProjectBuilder:3249 - Time for Copy HAL[1] : 383mS.
2024-12-15 11:30:59,219 [INFO] ProjectBuilder:4828 - Project Generator version: 4.5.0-B34
2024-12-15 11:30:59,415 [INFO] ConfigFileManager:1531 - The Die is : DIE468
2024-12-15 11:31:02,040 [INFO] ProjectBuilder:5097 - Time for Generating toolchain IDE Files: 2821mS.
2024-12-15 11:31:02,041 [INFO] ProjectBuilder:3107 - Time for Copy CMSIS : 1mS.
2024-12-15 11:31:02,057 [INFO] ProjectBuilder:3107 - Time for Copy CMSIS : 0mS.
2024-12-15 11:42:31,726 [ERROR] ConfigurationRetriever:142 - IOException on connection: Read timed out
2024-12-15 11:53:51,287 [INFO] MainUpdater:2873 - connection check result : 10
2024-12-15 11:53:51,287 [INFO] MainUpdater:2873 - connection check result : 10
2024-12-15 11:53:51,465 [INFO] LogOutputStream:77 - [STDOUT_REDIRECT] Nominal 
2024-12-15 11:53:51,469 [INFO] MicroXplorer:468 - Change Database Path : 
2024-12-15 11:53:51,469 [INFO] MicroXplorer:498 - Change Database Version : DB.6.0.121
2024-12-15 11:53:51,488 [ERROR] ProjectManagerView:394 - 
java.lang.NullPointerException: Cannot invoke "javax.swing.JTextField.getText()" because the return value of "java.util.List.get(int)" is null
	at com.st.microxplorer.plugins.projectmanager.gui.ProjectChoiceTab$10.caretUpdate(ProjectChoiceTab.java:2622) ~[filemanager.jar:?]
	at javax.swing.text.JTextComponent.fireCaretUpdate(JTextComponent.java:412) ~[?:?]
	at javax.swing.text.JTextComponent$MutableCaretEvent.fire(JTextComponent.java:4491) ~[?:?]
	at javax.swing.text.JTextComponent$MutableCaretEvent.stateChanged(JTextComponent.java:4513) ~[?:?]
	at javax.swing.text.DefaultCaret.fireStateChanged(DefaultCaret.java:842) ~[?:?]
	at javax.swing.text.DefaultCaret.changeCaretPosition(DefaultCaret.java:1313) ~[?:?]
	at javax.swing.text.DefaultCaret.handleSetDot(DefaultCaret.java:1212) ~[?:?]
	at javax.swing.text.DefaultCaret.setDot(DefaultCaret.java:1193) ~[?:?]
	at javax.swing.text.DefaultCaret$Handler.insertUpdate(DefaultCaret.java:1789) ~[?:?]
	at javax.swing.text.AbstractDocument.fireInsertUpdate(AbstractDocument.java:226) ~[?:?]
	at javax.swing.text.AbstractDocument.handleInsertString(AbstractDocument.java:780) ~[?:?]
	at javax.swing.text.AbstractDocument.insertString(AbstractDocument.java:739) ~[?:?]
	at javax.swing.text.PlainDocument.insertString(PlainDocument.java:131) ~[?:?]
	at javax.swing.text.AbstractDocument.replace(AbstractDocument.java:698) ~[?:?]
	at javax.swing.text.JTextComponent.setText(JTextComponent.java:1729) ~[?:?]
	at com.st.microxplorer.plugins.projectmanager.gui.ProjectChoiceTab.createHeapStackFields(ProjectChoiceTab.java:972) ~[filemanager.jar:?]
	at com.st.microxplorer.plugins.projectmanager.gui.ProjectChoiceTab.buildLinkSettingsPanel(ProjectChoiceTab.java:3597) ~[filemanager.jar:?]
	at com.st.microxplorer.plugins.projectmanager.gui.ProjectChoiceTab.defineWindowsFields(ProjectChoiceTab.java:1940) ~[filemanager.jar:?]
	at com.st.microxplorer.plugins.projectmanager.gui.ProjectChoiceTab.updateSettings(ProjectChoiceTab.java:550) ~[filemanager.jar:?]
	at com.st.microxplorer.plugins.projectmanager.gui.ProjectSettingsPanel.UpdateDialog(ProjectSettingsPanel.java:245) ~[filemanager.jar:?]
	at com.st.microxplorer.plugins.projectmanager.ProjectManagerView.propertyChange(ProjectManagerView.java:391) ~[filemanager.jar:?]
	at java.beans.PropertyChangeSupport.fire(PropertyChangeSupport.java:343) ~[?:?]
	at java.beans.PropertyChangeSupport.firePropertyChange(PropertyChangeSupport.java:335) ~[?:?]
	at java.beans.PropertyChangeSupport.firePropertyChange(PropertyChangeSupport.java:268) ~[?:?]
	at com.st.microxplorer.util.MXPropertyChangeSupport.firePropertyChange(MXPropertyChangeSupport.java:54) ~[STM32CubeMX.jar:?]
	at com.st.microxplorer.mxsystem.MxSystem.closeConfig(MxSystem.java:900) ~[STM32CubeMX.jar:?]
	at com.st.microxplorer.maingui.MainPanel.closeConfig(MainPanel.java:781) ~[STM32CubeMX.jar:?]
	at com.st.microxplorer.plugins.filemanager.engine.OpenFileManager.loadConfigurationFile(OpenFileManager.java:265) ~[filemanager.jar:?]
	at com.st.microxplorer.plugins.filemanager.engine.MainFileManager.userLoadConfig(MainFileManager.java:352) ~[filemanager.jar:?]
	at com.st.microxplorer.plugins.filemanager.engine.MainFileManager.userLoadConfig(MainFileManager.java:330) ~[filemanager.jar:?]
	at com.st.microxplorer.plugins.filemanager.FileManagerView.getSpecificTask(FileManagerView.java:246) ~[filemanager.jar:?]
	at com.st.stm32cube.common.mx.editor.CubeMxEditor.getMxTabbedPaneInstance(CubeMxEditor.java:1198) ~[com.st.stm32cube.common.mx_6.12.1.202409122256/:?]
	at com.st.stm32cube.common.mx.editor.CubeMxEditor$12$1.createSwingComponent(CubeMxEditor.java:1068) ~[com.st.stm32cube.common.mx_6.12.1.202409122256/:?]
	at com.st.stm32cube.common.mx.oss.core.awtswtbridge.EmbeddedSwingComposite.doComponentCreation(EmbeddedSwingComposite.java:492) ~[com.st.stm32cube.common.mx.oss_6.12.1.202409122256/:?]
	at com.st.stm32cube.common.mx.oss.core.awtswtbridge.EmbeddedSwingComposite$4.run(EmbeddedSwingComposite.java:291) ~[com.st.stm32cube.common.mx.oss_6.12.1.202409122256/:?]
	at com.st.stm32cube.common.mx.oss.core.awtswtbridge.AwtEnvironment$2.run(AwtEnvironment.java:166) ~[com.st.stm32cube.common.mx.oss_6.12.1.202409122256/:?]
	at java.awt.event.InvocationEvent.dispatch(InvocationEvent.java:318) ~[?:?]
	at java.awt.EventQueue.dispatchEventImpl(EventQueue.java:773) ~[?:?]
	at java.awt.EventQueue$4.run(EventQueue.java:720) ~[?:?]
	at java.awt.EventQueue$4.run(EventQueue.java:714) ~[?:?]
	at java.security.AccessController.doPrivileged(AccessController.java:399) ~[?:?]
	at java.security.ProtectionDomain$JavaSecurityAccessImpl.doIntersectionPrivilege(ProtectionDomain.java:86) ~[?:?]
	at java.awt.EventQueue.dispatchEvent(EventQueue.java:742) ~[?:?]
	at java.awt.EventDispatchThread.pumpOneEventForFilters(EventDispatchThread.java:203) ~[?:?]
	at java.awt.EventDispatchThread.pumpEventsForFilter(EventDispatchThread.java:124) ~[?:?]
	at java.awt.EventDispatchThread.pumpEventsForHierarchy(EventDispatchThread.java:113) ~[?:?]
	at java.awt.EventDispatchThread.pumpEvents(EventDispatchThread.java:109) ~[?:?]
	at java.awt.EventDispatchThread.pumpEvents(EventDispatchThread.java:101) ~[?:?]
	at java.awt.EventDispatchThread.run(EventDispatchThread.java:90) ~[?:?]
2024-12-15 11:53:51,490 [WARN] ThirdParty:871 - waiting for thirdparty lock release [close project]
2024-12-15 11:53:51,490 [INFO] ThirdParty:873 - entering critical section [close project]
2024-12-15 11:53:51,490 [INFO] ThirdParty:883 - exiting critical section [close project]
2024-12-15 11:53:51,493 [INFO] PinOutPanel:1561 - setPackage(No Configuration,No Configuration)
2024-12-15 11:53:51,504 [INFO] UtilMem:75 - Begin LoadConfig() Used Memory: 891826872 Bytes (1073741824)
2024-12-15 11:53:51,505 [INFO] MicroXplorer:468 - Change Database Path : 
2024-12-15 11:53:51,505 [INFO] MicroXplorer:498 - Change Database Version : DB.6.0.121
2024-12-15 11:53:51,506 [INFO] OpenFileManager:332 - Change cursor
2024-12-15 11:53:51,535 [INFO] RulesReader:64 - Compatibility file has been processed (297 Rules)
2024-12-15 11:53:51,542 [INFO] Mcu:2032 - Initializing MCU STM32U535CEUx STM32U535CEUx STM32U535CEU6
2024-12-15 11:54:00,418 [INFO] Context:742 - Trying to add GPIOservice into a context  which must be forbidden
2024-12-15 11:54:00,418 [INFO] Context:742 - Trying to add GPIOservice into a context  which must be forbidden
2024-12-15 11:54:05,679 [WARN] ModelIntegratedComponent:63 - No mode defined for component null
2024-12-15 11:54:05,679 [WARN] ModelIntegratedComponent:63 - No mode defined for component null
2024-12-15 11:54:05,679 [WARN] ModelIntegratedComponent:63 - No mode defined for component null
2024-12-15 11:54:05,679 [WARN] ModelIntegratedComponent:63 - No mode defined for component null
2024-12-15 11:54:05,679 [WARN] ModelIntegratedComponent:63 - No mode defined for component null
2024-12-15 11:54:05,679 [WARN] ModelIntegratedComponent:63 - No mode defined for component null
2024-12-15 11:54:05,679 [WARN] ModelIntegratedComponent:63 - No mode defined for component null
2024-12-15 11:54:05,679 [WARN] ModelIntegratedComponent:63 - No mode defined for component null
2024-12-15 11:54:05,679 [WARN] ModelIntegratedComponent:63 - No mode defined for component null
2024-12-15 11:54:05,679 [WARN] ModelIntegratedComponent:63 - No mode defined for component null
2024-12-15 11:54:05,679 [WARN] ModelIntegratedComponent:63 - No mode defined for component null
2024-12-15 11:54:05,679 [WARN] ModelIntegratedComponent:63 - No mode defined for component null
2024-12-15 11:54:05,680 [WARN] ModelIntegratedComponent:63 - No mode defined for component null
2024-12-15 11:54:05,680 [WARN] ModelIntegratedComponent:63 - No mode defined for component null
2024-12-15 11:54:05,680 [WARN] ModelIntegratedComponent:63 - No mode defined for component null
2024-12-15 11:54:05,680 [WARN] ModelIntegratedComponent:63 - No mode defined for component null
2024-12-15 11:54:05,680 [WARN] ModelIntegratedComponent:63 - No mode defined for component null
2024-12-15 11:54:05,680 [WARN] ModelIntegratedComponent:63 - No mode defined for component null
2024-12-15 11:54:05,680 [WARN] ModelIntegratedComponent:63 - No mode defined for component null
2024-12-15 11:54:05,680 [WARN] ModelIntegratedComponent:63 - No mode defined for component null
2024-12-15 11:54:05,680 [WARN] ModelIntegratedComponent:63 - No mode defined for component null
2024-12-15 11:54:05,680 [WARN] ModelIntegratedComponent:63 - No mode defined for component null
2024-12-15 11:54:05,680 [WARN] ModelIntegratedComponent:63 - No mode defined for component null
2024-12-15 11:54:05,680 [WARN] ModelIntegratedComponent:63 - No mode defined for component null
2024-12-15 11:54:05,680 [WARN] ModelIntegratedComponent:63 - No mode defined for component null
2024-12-15 11:54:05,680 [WARN] ModelIntegratedComponent:63 - No mode defined for component null
2024-12-15 11:54:05,680 [WARN] ModelIntegratedComponent:63 - No mode defined for component null
2024-12-15 11:54:05,680 [WARN] ModelIntegratedComponent:63 - No mode defined for component null
2024-12-15 11:54:05,680 [WARN] ModelIntegratedComponent:63 - No mode defined for component null
2024-12-15 11:54:05,680 [WARN] ModelIntegratedComponent:63 - No mode defined for component null
2024-12-15 11:54:05,681 [WARN] ModelIntegratedComponent:63 - No mode defined for component null
2024-12-15 11:54:05,681 [WARN] ModelIntegratedComponent:63 - No mode defined for component null
2024-12-15 11:54:05,681 [WARN] ModelIntegratedComponent:63 - No mode defined for component null
2024-12-15 11:54:05,681 [WARN] ModelIntegratedComponent:63 - No mode defined for component null
2024-12-15 11:54:05,681 [WARN] ModelIntegratedComponent:63 - No mode defined for component null
2024-12-15 11:54:05,681 [WARN] ModelPack:524 - Component already loaded: STMicroelectronics:HAL Drivers:0.0.0:STMicroelectronics:Device:STMicro_Driver:XSPI:HAL::0.0.1:HAL_XSPI
2024-12-15 11:54:05,686 [INFO] RtosManager:555 - Registered RTOS mode: class=RTOS, group=ThreadX, mode=Core, owner=THREADX
2024-12-15 11:54:05,726 [INFO] ThirdPartyModel:298 - Start build external matchings
2024-12-15 11:54:06,423 [INFO] ThirdPartyModel:316 - End build external matchings
2024-12-15 11:54:06,438 [INFO] HwResourcesManager:1923 - RZone for current mcu STM32U535CEUx : STM32_DIE455_274_512
2024-12-15 11:54:06,443 [INFO] HwResourcesManager:210 - mpc SRAM1 added
2024-12-15 11:54:06,444 [INFO] HwResourcesManager:210 - mpc SRAM2 added
2024-12-15 11:54:06,445 [INFO] HwResourcesManager:210 - mpc SRAM4 added
2024-12-15 11:54:06,446 [INFO] HwResourcesManager:210 - mpc Flash Bank1 added
2024-12-15 11:54:06,448 [INFO] HwResourcesManager:210 - mpc Flash Bank2 added
2024-12-15 11:54:06,448 [INFO] HwResourcesManager:231 - sau Non-Secure Code added
2024-12-15 11:54:06,449 [INFO] HwResourcesManager:231 - sau Non-Secure RAM added
2024-12-15 11:54:06,450 [INFO] HwResourcesManager:231 - sau Non-Secure Peripherals added
2024-12-15 11:54:06,453 [INFO] HwResourcesManager:261 - mpcwm OctoSPI1 added
2024-12-15 11:54:06,481 [INFO] HwResourcesManager:261 - mpcwm Backup SRAM added
2024-12-15 11:54:06,482 [INFO] HwResourcesManager:261 - mpcwm Flash Bank1 added
2024-12-15 11:54:06,483 [INFO] HwResourcesManager:261 - mpcwm Flash Bank2 added
2024-12-15 11:54:06,485 [INFO] HwResourcesManager:461 - Memory Region Flash_Bank1_NS added
2024-12-15 11:54:06,485 [INFO] HwResourcesManager:461 - Memory Region Flash_Bank2_NS added
2024-12-15 11:54:06,487 [INFO] HwResourcesManager:461 - Memory Region SRAM1_C_NS added
2024-12-15 11:54:06,487 [INFO] HwResourcesManager:461 - Memory Region SRAM2_C_NS added
2024-12-15 11:54:06,488 [INFO] HwResourcesManager:461 - Memory Region Flash_Bank1_S added
2024-12-15 11:54:06,488 [INFO] HwResourcesManager:461 - Memory Region Flash_Bank2_S added
2024-12-15 11:54:06,490 [INFO] HwResourcesManager:461 - Memory Region SRAM1_C_S added
2024-12-15 11:54:06,491 [INFO] HwResourcesManager:461 - Memory Region SRAM2_C_S added
2024-12-15 11:54:06,492 [INFO] HwResourcesManager:461 - Memory Region SRAM1_NS added
2024-12-15 11:54:06,492 [INFO] HwResourcesManager:461 - Memory Region SRAM2_NS added
2024-12-15 11:54:06,494 [INFO] HwResourcesManager:461 - Memory Region SRAM4_SRD_NS added
2024-12-15 11:54:06,496 [INFO] HwResourcesManager:461 - Memory Region SRAM1_S added
2024-12-15 11:54:06,496 [INFO] HwResourcesManager:461 - Memory Region SRAM2_S added
2024-12-15 11:54:06,498 [INFO] HwResourcesManager:461 - Memory Region SRAM4_SRD_S added
2024-12-15 11:54:06,499 [INFO] HwResourcesManager:461 - Memory Region Backup_SRAM_NS added
2024-12-15 11:54:06,500 [INFO] HwResourcesManager:461 - Memory Region Backup_SRAM_S added
2024-12-15 11:54:06,501 [INFO] MPCBuilder:369 - MPCBB3_NbArea does not exist.
2024-12-15 11:54:06,638 [INFO] ImportTextPane:205 - (OptionalMessage_ERROR) IP (ADC4) : Parameter (CommonPathInternal) has invalid value (null|null|null|null)
2024-12-15 11:54:06,641 [WARN] IP:2191 - DefaultDataRegion not found: check if there is a RefParameter without a condition.
2024-12-15 11:54:06,641 [INFO] ImportTextPane:205 - (OptionalMessage_ERROR) IP (MEMORYMAP) : Invalid parameter (DefaultDataRegion)
2024-12-15 11:54:06,644 [INFO] ImportTextPane:205 - (OptionalMessage_ERROR) IP (RCC) : Invalid parameter (FamilyName)
2024-12-15 11:54:06,645 [WARN] IP:2191 - OutPut1 not found: check if there is a RefParameter without a condition.
2024-12-15 11:54:06,645 [WARN] IP:2191 - OutPut2 not found: check if there is a RefParameter without a condition.
2024-12-15 11:54:06,646 [WARN] IP:2191 - OutPut3 not found: check if there is a RefParameter without a condition.
2024-12-15 11:54:06,646 [WARN] IP:2191 - BinMixBcdU not found: check if there is a RefParameter without a condition.
2024-12-15 11:54:06,646 [WARN] IP:2191 - SSRU_Underflow_Interrupt not found: check if there is a RefParameter without a condition.
2024-12-15 11:54:06,646 [WARN] IP:2191 - rtcSecureFull not found: check if there is a RefParameter without a condition.
2024-12-15 11:54:06,646 [WARN] IP:2191 - rtcNonSecureFeatures not found: check if there is a RefParameter without a condition.
2024-12-15 11:54:06,646 [WARN] IP:2191 - RTC_NONSECURE_FEATURE_NONE not found: check if there is a RefParameter without a condition.
2024-12-15 11:54:06,646 [WARN] IP:2191 - RTC_NONSECURE_FEATURE_INIT not found: check if there is a RefParameter without a condition.
2024-12-15 11:54:06,646 [WARN] IP:2191 - RTC_NONSECURE_FEATURE_ALRA not found: check if there is a RefParameter without a condition.
2024-12-15 11:54:06,646 [WARN] IP:2191 - RTC_NONSECURE_FEATURE_ALRB not found: check if there is a RefParameter without a condition.
2024-12-15 11:54:06,646 [WARN] IP:2191 - RTC_NONSECURE_FEATURE_TS not found: check if there is a RefParameter without a condition.
2024-12-15 11:54:06,647 [WARN] IP:2191 - RTC_NONSECURE_FEATURE_CAL not found: check if there is a RefParameter without a condition.
2024-12-15 11:54:06,647 [WARN] IP:2191 - RTC_NONSECURE_FEATURE_WUT not found: check if there is a RefParameter without a condition.
2024-12-15 11:54:06,647 [WARN] IP:2191 - Sec_BKP_Registers1 not found: check if there is a RefParameter without a condition.
2024-12-15 11:54:06,647 [WARN] IP:2191 - backupRegisterStartZone2_gS not found: check if there is a RefParameter without a condition.
2024-12-15 11:54:06,647 [WARN] IP:2191 - backupRegisterStartZone3_gS not found: check if there is a RefParameter without a condition.
2024-12-15 11:54:06,648 [WARN] IP:2191 - SSRU_Underflow_Interrupt not found: check if there is a RefParameter without a condition.
2024-12-15 11:54:06,648 [WARN] IP:2191 - BinMixBcdU not found: check if there is a RefParameter without a condition.
2024-12-15 11:54:07,318 [INFO] UtilMem:75 - End LoadConfig() Used Memory: 876540400 Bytes (1073741824)
2024-12-15 11:54:07,414 [WARN] ThirdParty:833 - waiting for thirdparty lock release [change project]
2024-12-15 11:54:07,414 [INFO] ThirdParty:835 - entering critical section [change project]
2024-12-15 11:54:07,414 [INFO] ThirdParty:1030 - CMSIS Pack Vendor :STMicroelectronics USBPD 4.1
2024-12-15 11:54:07,414 [INFO] ThirdParty:1030 - CMSIS Pack Vendor :STMicroelectronics X-CUBE-AZRTOS-H7 3.3.0
2024-12-15 11:54:07,415 [INFO] ThirdParty:1030 - CMSIS Pack Vendor :STMicroelectronics X-CUBE-NFC9 1.0.0
2024-12-15 11:54:07,415 [INFO] ThirdParty:1030 - CMSIS Pack Vendor :STMicroelectronics USB_HOST 2.0.0
2024-12-15 11:54:07,415 [INFO] ThirdParty:1030 - CMSIS Pack Vendor :STMicroelectronics FP-SNS-MOTENVWB1 1.4.0
2024-12-15 11:54:07,415 [INFO] ThirdParty:1030 - CMSIS Pack Vendor :STMicroelectronics X-CUBE-AZRTOS-F4 1.1.0
2024-12-15 11:54:07,415 [INFO] ThirdParty:1030 - CMSIS Pack Vendor :STMicroelectronics LIBJPEG 8.0.0
2024-12-15 11:54:07,415 [INFO] ThirdParty:1030 - CMSIS Pack Vendor :STMicroelectronics FP-ATR-ASTRA1 2.0.1
2024-12-15 11:54:07,415 [INFO] ThirdParty:1030 - CMSIS Pack Vendor :STMicroelectronics X-CUBE-SMBUS 2.1.0
2024-12-15 11:54:07,415 [INFO] ThirdParty:1030 - CMSIS Pack Vendor :STMicroelectronics X-CUBE-WB05N 1.1.0
2024-12-15 11:54:07,415 [INFO] ThirdParty:1030 - CMSIS Pack Vendor :STMicroelectronics USB_DEVICE 3.0.0
2024-12-15 11:54:07,415 [INFO] ThirdParty:1030 - CMSIS Pack Vendor :STMicroelectronics X-CUBE-TCPP 4.1.0
2024-12-15 11:54:07,416 [INFO] ThirdParty:1030 - CMSIS Pack Vendor :STMicroelectronics X-CUBE-ISPU 2.1.0
2024-12-15 11:54:07,416 [INFO] ThirdParty:1030 - CMSIS Pack Vendor :STMicroelectronics X-CUBE-FREERTOS 1.2.0
2024-12-15 11:54:07,416 [INFO] ThirdParty:1030 - CMSIS Pack Vendor :STMicroelectronics X-CUBE-IPS 3.0.0
2024-12-15 11:54:07,416 [INFO] ThirdParty:1030 - CMSIS Pack Vendor :STMicroelectronics X-CUBE-AZRTOS-WB 2.0.0
2024-12-15 11:54:07,416 [INFO] ThirdParty:1030 - CMSIS Pack Vendor :STMicroelectronics X-CUBE-GNSS1 7.0.0
2024-12-15 11:54:07,416 [INFO] ThirdParty:1030 - CMSIS Pack Vendor :STMicroelectronics X-CUBE-AZRTOS-F7 1.1.0
2024-12-15 11:54:07,416 [INFO] ThirdParty:1030 - CMSIS Pack Vendor :STMicroelectronics X-CUBE-AZRTOS-L5 2.0.0
2024-12-15 11:54:07,416 [INFO] ThirdParty:1030 - CMSIS Pack Vendor :STMicroelectronics USB_DEVICE 2.0.0
2024-12-15 11:54:07,416 [INFO] ThirdParty:1030 - CMSIS Pack Vendor :STMicroelectronics X-CUBE-NFC6 3.1.0
2024-12-15 11:54:07,416 [INFO] ThirdParty:1030 - CMSIS Pack Vendor :STMicroelectronics FP-SNS-STBOX1 2.0.0
2024-12-15 11:54:07,416 [INFO] ThirdParty:1030 - CMSIS Pack Vendor :STMicroelectronics X-CUBE-MEMS1 11.0.0
2024-12-15 11:54:07,416 [INFO] ThirdParty:1030 - CMSIS Pack Vendor :STMicroelectronics FreeRTOS 0.0.1
2024-12-15 11:54:07,416 [INFO] ThirdParty:1030 - CMSIS Pack Vendor :STMicroelectronics X-CUBE-AZRTOS-G0 1.1.0
2024-12-15 11:54:07,416 [INFO] ThirdParty:1030 - CMSIS Pack Vendor :STMicroelectronics X-CUBE-SAFEA1 1.2.2
2024-12-15 11:54:07,416 [INFO] ThirdParty:1030 - CMSIS Pack Vendor :STMicroelectronics X-CUBE-NFC4 3.0.0
2024-12-15 11:54:07,416 [INFO] ThirdParty:1030 - CMSIS Pack Vendor :STMicroelectronics X-CUBE-DPower 1.2.0
2024-12-15 11:54:07,417 [INFO] ThirdParty:1030 - CMSIS Pack Vendor :STMicroelectronics X-CUBE-SUBG2 5.0.0
2024-12-15 11:54:07,417 [INFO] ThirdParty:1030 - CMSIS Pack Vendor :STMicroelectronics STM32_WPAN 1.0.0
2024-12-15 11:54:07,417 [INFO] ThirdParty:1030 - CMSIS Pack Vendor :EmbeddedOffice I-CUBE-FS-RTOS 1.0.1
2024-12-15 11:54:07,417 [INFO] ThirdParty:1030 - CMSIS Pack Vendor :STMicroelectronics lwIP 2.0.3
2024-12-15 11:54:07,417 [INFO] ThirdParty:1030 - CMSIS Pack Vendor :STMicroelectronics FP-SNS-FLIGHT1 5.0.2
2024-12-15 11:54:07,417 [INFO] ThirdParty:1030 - CMSIS Pack Vendor :Cesanta I-CUBE-Mongoose 7.13.0
2024-12-15 11:54:07,417 [INFO] ThirdParty:1030 - CMSIS Pack Vendor :STMicroelectronics USB_HOST 1.0.0
2024-12-15 11:54:07,417 [INFO] ThirdParty:1030 - CMSIS Pack Vendor :Infineon AIROC-Wi-Fi-Bluetooth-STM32 1.7.0
2024-12-15 11:54:07,417 [INFO] ThirdParty:1030 - CMSIS Pack Vendor :STMicroelectronics X-CUBE-AZRTOS-G4 2.0.0
2024-12-15 11:54:07,417 [INFO] ThirdParty:1030 - CMSIS Pack Vendor :STMicroelectronics PDM2PCM 3.1.0
2024-12-15 11:54:07,417 [INFO] ThirdParty:1030 - CMSIS Pack Vendor :STMicroelectronics PDM2PCM 3.3.0
2024-12-15 11:54:07,417 [INFO] ThirdParty:1030 - CMSIS Pack Vendor :STMicroelectronics X-CUBE-DISPLAY 3.0.0
2024-12-15 11:54:07,417 [INFO] ThirdParty:1030 - CMSIS Pack Vendor :RealThread X-CUBE-RT-Thread_Nano 4.1.1
2024-12-15 11:54:07,417 [INFO] ThirdParty:1030 - CMSIS Pack Vendor :STMicroelectronics X-CUBE-BLE1 7.0.0
2024-12-15 11:54:07,417 [INFO] ThirdParty:1030 - CMSIS Pack Vendor :STMicroelectronics FP-ATR-SIGFOX1 3.2.0
2024-12-15 11:54:07,417 [INFO] ThirdParty:1030 - CMSIS Pack Vendor :STMicroelectronics X-CUBE-NFC10 1.0.0
2024-12-15 11:54:07,418 [INFO] ThirdParty:1030 - CMSIS Pack Vendor :quantropi X-CUBE-qispace-sdk-base 1.9.3
2024-12-15 11:54:07,418 [INFO] ThirdParty:1030 - CMSIS Pack Vendor :STMicroelectronics X-CUBE-BLEMGR 4.0.0
2024-12-15 11:54:07,419 [INFO] ThirdParty:1030 - CMSIS Pack Vendor :STMicroelectronics X-CUBE-EEPRMA1 5.1.0
2024-12-15 11:54:07,419 [INFO] ThirdParty:1030 - CMSIS Pack Vendor :STMicroelectronics HAL Drivers 0.0.0
2024-12-15 11:54:07,419 [INFO] ThirdParty:1030 - CMSIS Pack Vendor :STMicroelectronics MBEDTLS 2.16.2
2024-12-15 11:54:07,419 [INFO] ThirdParty:1030 - CMSIS Pack Vendor :STMicroelectronics X-CUBE-ALS 1.0.2
2024-12-15 11:54:07,419 [INFO] ThirdParty:1030 - CMSIS Pack Vendor :emotas I-CUBE-CANOPEN 1.3.0
2024-12-15 11:54:07,419 [INFO] ThirdParty:1030 - CMSIS Pack Vendor :wolfSSL I-CUBE-wolfSSL 5.7.4
2024-12-15 11:54:07,419 [INFO] ThirdParty:1030 - CMSIS Pack Vendor :STMicroelectronics X-CUBE-NFC7 1.0.1
2024-12-15 11:54:07,419 [INFO] ThirdParty:1030 - CMSIS Pack Vendor :STMicroelectronics MBEDTLS 2.14.1
2024-12-15 11:54:07,419 [INFO] ThirdParty:1030 - CMSIS Pack Vendor :ITTIA_DB I-CUBE-ITTIADB 8.9.0
2024-12-15 11:54:07,420 [INFO] ThirdParty:1030 - CMSIS Pack Vendor :STMicroelectronics X-CUBE-TOUCHGFX 4.24.1
2024-12-15 11:54:07,420 [INFO] ThirdParty:1030 - CMSIS Pack Vendor :wolfSSL I-CUBE-wolfTPM 3.4.0
2024-12-15 11:54:07,420 [INFO] ThirdParty:1030 - CMSIS Pack Vendor :portGmbH I-Cube-SoM-uGOAL 1.1.0
2024-12-15 11:54:07,420 [INFO] ThirdParty:1030 - CMSIS Pack Vendor :STMicroelectronics ThreadX 1.0.0
2024-12-15 11:54:07,420 [INFO] ThirdParty:1030 - CMSIS Pack Vendor :STMicroelectronics FP-SNS-SMARTAG2 1.2.0
2024-12-15 11:54:07,421 [INFO] ThirdParty:1030 - CMSIS Pack Vendor :STMicroelectronics X-CUBE-AZRTOS-WL 2.0.0
2024-12-15 11:54:07,421 [INFO] ThirdParty:1030 - CMSIS Pack Vendor :SEGGER I-CUBE-embOS 1.3.1
2024-12-15 11:54:07,421 [INFO] ThirdParty:1030 - CMSIS Pack Vendor :STMicroelectronics X-CUBE-ALGOBUILD 1.4.0
2024-12-15 11:54:07,421 [INFO] ThirdParty:1030 - CMSIS Pack Vendor :STMicroelectronics FP-SNS-MOTENV1 5.0.0
2024-12-15 11:54:07,421 [INFO] ThirdParty:1030 - CMSIS Pack Vendor :STMicroelectronics USB_DEVICE 1.0.0
2024-12-15 11:54:07,421 [INFO] ThirdParty:1030 - CMSIS Pack Vendor :STMicroelectronics X-CUBE-AZRTOS-H7RS 1.0.0
2024-12-15 11:54:07,421 [INFO] ThirdParty:1030 - CMSIS Pack Vendor :wolfSSL I-CUBE-wolfMQTT 1.19.0
2024-12-15 11:54:07,421 [INFO] ThirdParty:1030 - CMSIS Pack Vendor :STMicroelectronics X-CUBE-AZRTOS-L4 2.0.0
2024-12-15 11:54:07,421 [INFO] ThirdParty:1030 - CMSIS Pack Vendor :STMicroelectronics ThreadX 0.0.2
2024-12-15 11:54:07,421 [INFO] ThirdParty:1030 - CMSIS Pack Vendor :WES I-CUBE-Cesium 1.3.0
2024-12-15 11:54:07,421 [INFO] ThirdParty:1030 - CMSIS Pack Vendor :STMicroelectronics lwIP 2.1.2
2024-12-15 11:54:07,422 [INFO] ThirdParty:1030 - CMSIS Pack Vendor :STMicroelectronics X-CUBE-SFXS2LP1 4.0.0
2024-12-15 11:54:07,422 [INFO] ThirdParty:1030 - CMSIS Pack Vendor :STMicroelectronics X-CUBE-BLE2 3.3.0
2024-12-15 11:54:07,422 [INFO] ThirdParty:1030 - CMSIS Pack Vendor :STMicroelectronics X-CUBE-TOF1 3.4.2
2024-12-15 11:54:07,422 [INFO] ThirdParty:1030 - CMSIS Pack Vendor :STMicroelectronics X-CUBE-AI 9.1.0
2024-12-15 11:54:07,422 [INFO] ThirdParty:1030 - CMSIS Pack Vendor :STMicroelectronics PDM2PCM 3.2.0
2024-12-15 11:54:07,422 [INFO] ThirdParty:1030 - CMSIS Pack Vendor :wolfSSL I-CUBE-wolfSSH 1.4.17
2024-12-15 11:54:07,422 [INFO] ThirdParty:841 - exiting critical section [change project]
2024-12-15 11:54:07,882 [INFO] PinOutPanel:1561 - setPackage(No Configuration,No Configuration)
2024-12-15 11:54:07,884 [INFO] PinOutPanel:1561 - setPackage(STM32U535CEUx,UFQFPN48)
2024-12-15 11:54:08,255 [INFO] MemInfoExtractor:277 - EVENT_MCU_SET_IP_PARAMETER
2024-12-15 11:54:09,119 [INFO] MemInfoExtractor:277 - EVENT_MCU_SET_IP_PARAMETER
2024-12-15 11:54:09,293 [INFO] MemInfoExtractor:277 - EVENT_MCU_SET_IP_PARAMETER
2024-12-15 11:54:09,453 [INFO] MemInfoExtractor:277 - EVENT_MCU_SET_IP_PARAMETER
2024-12-15 11:54:09,645 [INFO] MemInfoExtractor:277 - EVENT_MCU_SET_IP_PARAMETER
2024-12-15 11:54:09,786 [INFO] UtilMem:75 - Before build in PCC Used Memory: 913550352 Bytes (1073741824)
2024-12-15 11:54:14,245 [INFO] UtilMem:75 - After build in PCC Used Memory: 924427624 Bytes (1073741824)
2024-12-15 11:54:14,316 [INFO] IPUIPlugin:80 - create IPUIPlugin
2024-12-15 11:54:14,316 [INFO] IPUIPlugin:80 - create IPUIPlugin
2024-12-15 11:54:14,316 [INFO] IPUIPlugin:80 - create IPUIPlugin
2024-12-15 11:54:14,316 [INFO] IPUIPlugin:80 - create IPUIPlugin
2024-12-15 11:54:14,317 [INFO] IPUIPlugin:80 - create IPUIPlugin
2024-12-15 11:54:14,317 [INFO] IPUIPlugin:80 - create IPUIPlugin
2024-12-15 11:54:14,317 [INFO] IPUIPlugin:80 - create IPUIPlugin
2024-12-15 11:54:14,317 [INFO] IPUIPlugin:80 - create IPUIPlugin
2024-12-15 11:54:14,318 [INFO] IPUIPlugin:80 - create IPUIPlugin
2024-12-15 11:54:14,318 [INFO] IPUIPlugin:80 - create IPUIPlugin
2024-12-15 11:54:14,319 [INFO] IPUIPlugin:80 - create IPUIPlugin
2024-12-15 11:54:14,319 [INFO] IPUIPlugin:80 - create IPUIPlugin
2024-12-15 11:54:14,320 [INFO] IPUIPlugin:80 - create IPUIPlugin
2024-12-15 11:54:14,320 [INFO] IPUIPlugin:80 - create IPUIPlugin
2024-12-15 11:54:14,320 [INFO] IPUIPlugin:80 - create IPUIPlugin
2024-12-15 11:54:14,320 [INFO] IPUIPlugin:80 - create IPUIPlugin
2024-12-15 11:54:14,325 [INFO] IPUIPlugin:80 - create IPUIPlugin
2024-12-15 11:54:14,325 [INFO] IPUIPlugin:80 - create IPUIPlugin
2024-12-15 11:54:14,325 [INFO] IPUIPlugin:80 - create IPUIPlugin
2024-12-15 11:54:14,326 [INFO] IPUIPlugin:80 - create IPUIPlugin
2024-12-15 11:54:14,326 [INFO] IPUIPlugin:80 - create IPUIPlugin
2024-12-15 11:54:14,326 [INFO] IPUIPlugin:80 - create IPUIPlugin
2024-12-15 11:54:14,327 [INFO] IPUIPlugin:80 - create IPUIPlugin
2024-12-15 11:54:14,327 [INFO] IPUIPlugin:80 - create IPUIPlugin
2024-12-15 11:54:14,328 [INFO] IPUIPlugin:80 - create IPUIPlugin
2024-12-15 11:54:14,329 [INFO] IPUIPlugin:80 - create IPUIPlugin
2024-12-15 11:54:14,330 [INFO] IPUIPlugin:80 - create IPUIPlugin
2024-12-15 11:54:14,330 [INFO] IPUIPlugin:80 - create IPUIPlugin
2024-12-15 11:54:14,331 [INFO] IPUIPlugin:80 - create IPUIPlugin
2024-12-15 11:54:14,332 [INFO] IPUIPlugin:80 - create IPUIPlugin
2024-12-15 11:54:14,333 [INFO] IPUIPlugin:80 - create IPUIPlugin
2024-12-15 11:54:14,333 [INFO] IPUIPlugin:80 - create IPUIPlugin
2024-12-15 11:54:14,334 [INFO] IPUIPlugin:80 - create IPUIPlugin
2024-12-15 11:54:14,335 [INFO] IPUIPlugin:80 - create IPUIPlugin
2024-12-15 11:54:14,336 [INFO] IPUIPlugin:80 - create IPUIPlugin
2024-12-15 11:54:14,337 [INFO] IPUIPlugin:80 - create IPUIPlugin
2024-12-15 11:54:14,338 [INFO] IPUIPlugin:80 - create IPUIPlugin
2024-12-15 11:54:14,339 [INFO] IPUIPlugin:80 - create IPUIPlugin
2024-12-15 11:54:14,340 [INFO] IPUIPlugin:80 - create IPUIPlugin
2024-12-15 11:54:14,340 [INFO] IPUIPlugin:80 - create IPUIPlugin
2024-12-15 11:54:14,341 [INFO] IPUIPlugin:80 - create IPUIPlugin
2024-12-15 11:54:14,342 [INFO] IPUIPlugin:80 - create IPUIPlugin
2024-12-15 11:54:14,343 [INFO] IPUIPlugin:80 - create IPUIPlugin
2024-12-15 11:54:14,344 [INFO] IPUIPlugin:80 - create IPUIPlugin
2024-12-15 11:54:14,344 [INFO] IPUIPlugin:80 - create IPUIPlugin
2024-12-15 11:54:14,345 [INFO] IPUIPlugin:80 - create IPUIPlugin
2024-12-15 11:54:14,346 [INFO] IPUIPlugin:80 - create IPUIPlugin
2024-12-15 11:54:14,347 [INFO] IPUIPlugin:80 - create IPUIPlugin
2024-12-15 11:54:14,348 [INFO] IPUIPlugin:80 - create IPUIPlugin
2024-12-15 11:54:14,349 [INFO] IPUIPlugin:80 - create IPUIPlugin
2024-12-15 11:54:14,349 [INFO] IPUIPlugin:80 - create IPUIPlugin
2024-12-15 11:54:14,350 [INFO] IPUIPlugin:80 - create IPUIPlugin
2024-12-15 11:54:14,351 [INFO] IPUIPlugin:80 - create IPUIPlugin
2024-12-15 11:54:14,352 [INFO] IPUIPlugin:80 - create IPUIPlugin
2024-12-15 11:54:14,353 [INFO] IPUIPlugin:80 - create IPUIPlugin
2024-12-15 11:54:14,354 [INFO] IPUIPlugin:80 - create IPUIPlugin
2024-12-15 11:54:14,354 [INFO] IPUIPlugin:80 - create IPUIPlugin
2024-12-15 11:54:14,356 [INFO] IPUIPlugin:80 - create IPUIPlugin
2024-12-15 11:54:14,357 [INFO] IPUIPlugin:80 - create IPUIPlugin
2024-12-15 11:54:14,358 [INFO] IPUIPlugin:80 - create IPUIPlugin
2024-12-15 11:54:14,359 [INFO] IPUIPlugin:80 - create IPUIPlugin
2024-12-15 11:54:14,360 [INFO] IPUIPlugin:80 - create IPUIPlugin
2024-12-15 11:54:14,361 [INFO] IPUIPlugin:80 - create IPUIPlugin
2024-12-15 11:54:14,362 [INFO] IPUIPlugin:80 - create IPUIPlugin
2024-12-15 11:54:14,363 [INFO] IPUIPlugin:80 - create IPUIPlugin
2024-12-15 11:54:14,364 [INFO] IPUIPlugin:80 - create IPUIPlugin
2024-12-15 11:54:14,364 [INFO] IPUIPlugin:80 - create IPUIPlugin
2024-12-15 11:54:14,365 [INFO] IPUIPlugin:80 - create IPUIPlugin
2024-12-15 11:54:14,366 [INFO] IPUIPlugin:80 - create IPUIPlugin
2024-12-15 11:54:14,367 [INFO] IPUIPlugin:80 - create IPUIPlugin
2024-12-15 11:54:14,368 [INFO] IPUIPlugin:80 - create IPUIPlugin
2024-12-15 11:54:14,369 [INFO] IPUIPlugin:80 - create IPUIPlugin
2024-12-15 11:54:14,370 [INFO] IPUIPlugin:80 - create IPUIPlugin
2024-12-15 11:54:14,370 [INFO] IPUIPlugin:80 - create IPUIPlugin
2024-12-15 11:54:14,371 [INFO] IPUIPlugin:80 - create IPUIPlugin
2024-12-15 11:54:14,373 [INFO] IPUIPlugin:80 - create IPUIPlugin
2024-12-15 11:54:14,375 [INFO] IPUIPlugin:80 - create IPUIPlugin
2024-12-15 11:54:14,376 [INFO] IPUIPlugin:80 - create IPUIPlugin
2024-12-15 11:54:14,377 [INFO] IPUIPlugin:80 - create IPUIPlugin
2024-12-15 11:54:14,378 [INFO] IPUIPlugin:80 - create IPUIPlugin
2024-12-15 11:54:14,380 [INFO] IPUIPlugin:80 - create IPUIPlugin
2024-12-15 11:54:14,381 [INFO] IPUIPlugin:80 - create IPUIPlugin
2024-12-15 11:54:14,382 [INFO] IPUIPlugin:80 - create IPUIPlugin
2024-12-15 11:54:14,383 [INFO] IPUIPlugin:80 - create IPUIPlugin
2024-12-15 11:54:14,385 [INFO] IPUIPlugin:80 - create IPUIPlugin
2024-12-15 11:54:14,393 [INFO] LogOutputStream:77 - [STDOUT_REDIRECT] Nominal 
2024-12-15 11:54:14,394 [INFO] Can:71 - Can Add PropertyChangeListener com.st.microxplorer.plugins.ip.can.Can@3130bcb4
2024-12-15 11:54:14,596 [INFO] CADModel:165 - CPN selected for project levelSTM32U535CEU6
2024-12-15 11:54:14,596 [INFO] CADModel:114 - Register for checkConnection events
2024-12-15 11:54:14,681 [INFO] OpenFileManager:363 - Restore cursor
2024-12-15 11:54:15,331 [INFO] MemInfoExtractor:277 - EVENT_MCU_SET_IP_PARAMETER
2024-12-15 11:54:15,671 [WARN] IP:2191 - OutPut1 not found: check if there is a RefParameter without a condition.
2024-12-15 11:54:15,672 [WARN] IP:2191 - OutPut2 not found: check if there is a RefParameter without a condition.
2024-12-15 11:54:15,672 [WARN] IP:2191 - OutPut3 not found: check if there is a RefParameter without a condition.
2024-12-15 11:54:15,673 [WARN] IP:2191 - BinMixBcdU not found: check if there is a RefParameter without a condition.
2024-12-15 11:54:15,673 [WARN] IP:2191 - SSRU_Underflow_Interrupt not found: check if there is a RefParameter without a condition.
2024-12-15 11:54:15,673 [WARN] IP:2191 - rtcSecureFull not found: check if there is a RefParameter without a condition.
2024-12-15 11:54:15,673 [WARN] IP:2191 - rtcNonSecureFeatures not found: check if there is a RefParameter without a condition.
2024-12-15 11:54:15,673 [WARN] IP:2191 - RTC_NONSECURE_FEATURE_NONE not found: check if there is a RefParameter without a condition.
2024-12-15 11:54:15,674 [WARN] IP:2191 - RTC_NONSECURE_FEATURE_INIT not found: check if there is a RefParameter without a condition.
2024-12-15 11:54:15,674 [WARN] IP:2191 - RTC_NONSECURE_FEATURE_ALRA not found: check if there is a RefParameter without a condition.
2024-12-15 11:54:15,674 [WARN] IP:2191 - RTC_NONSECURE_FEATURE_ALRB not found: check if there is a RefParameter without a condition.
2024-12-15 11:54:15,674 [WARN] IP:2191 - RTC_NONSECURE_FEATURE_TS not found: check if there is a RefParameter without a condition.
2024-12-15 11:54:15,674 [WARN] IP:2191 - RTC_NONSECURE_FEATURE_CAL not found: check if there is a RefParameter without a condition.
2024-12-15 11:54:15,674 [WARN] IP:2191 - RTC_NONSECURE_FEATURE_WUT not found: check if there is a RefParameter without a condition.
2024-12-15 11:54:15,674 [WARN] IP:2191 - Sec_BKP_Registers1 not found: check if there is a RefParameter without a condition.
2024-12-15 11:54:15,674 [WARN] IP:2191 - backupRegisterStartZone2_gS not found: check if there is a RefParameter without a condition.
2024-12-15 11:54:15,674 [WARN] IP:2191 - backupRegisterStartZone3_gS not found: check if there is a RefParameter without a condition.
2024-12-15 11:54:15,676 [WARN] IP:2191 - SSRU_Underflow_Interrupt not found: check if there is a RefParameter without a condition.
2024-12-15 11:54:15,676 [WARN] IP:2191 - BinMixBcdU not found: check if there is a RefParameter without a condition.
2024-12-15 11:54:15,677 [WARN] IP:2191 - OutPut1 not found: check if there is a RefParameter without a condition.
2024-12-15 11:54:15,677 [WARN] IP:2191 - OutPut2 not found: check if there is a RefParameter without a condition.
2024-12-15 11:54:15,677 [WARN] IP:2191 - OutPut3 not found: check if there is a RefParameter without a condition.
2024-12-15 11:54:15,677 [WARN] IP:2191 - BinMixBcdU not found: check if there is a RefParameter without a condition.
2024-12-15 11:54:15,677 [WARN] IP:2191 - SSRU_Underflow_Interrupt not found: check if there is a RefParameter without a condition.
2024-12-15 11:54:15,678 [WARN] IP:2191 - rtcSecureFull not found: check if there is a RefParameter without a condition.
2024-12-15 11:54:15,678 [WARN] IP:2191 - rtcNonSecureFeatures not found: check if there is a RefParameter without a condition.
2024-12-15 11:54:15,678 [WARN] IP:2191 - RTC_NONSECURE_FEATURE_NONE not found: check if there is a RefParameter without a condition.
2024-12-15 11:54:15,678 [WARN] IP:2191 - RTC_NONSECURE_FEATURE_INIT not found: check if there is a RefParameter without a condition.
2024-12-15 11:54:15,678 [WARN] IP:2191 - RTC_NONSECURE_FEATURE_ALRA not found: check if there is a RefParameter without a condition.
2024-12-15 11:54:15,678 [WARN] IP:2191 - RTC_NONSECURE_FEATURE_ALRB not found: check if there is a RefParameter without a condition.
2024-12-15 11:54:15,678 [WARN] IP:2191 - RTC_NONSECURE_FEATURE_TS not found: check if there is a RefParameter without a condition.
2024-12-15 11:54:15,678 [WARN] IP:2191 - RTC_NONSECURE_FEATURE_CAL not found: check if there is a RefParameter without a condition.
2024-12-15 11:54:15,678 [WARN] IP:2191 - RTC_NONSECURE_FEATURE_WUT not found: check if there is a RefParameter without a condition.
2024-12-15 11:54:15,678 [WARN] IP:2191 - Sec_BKP_Registers1 not found: check if there is a RefParameter without a condition.
2024-12-15 11:54:15,678 [WARN] IP:2191 - backupRegisterStartZone2_gS not found: check if there is a RefParameter without a condition.
2024-12-15 11:54:15,678 [WARN] IP:2191 - backupRegisterStartZone3_gS not found: check if there is a RefParameter without a condition.
2024-12-15 11:54:15,679 [WARN] IP:2191 - SSRU_Underflow_Interrupt not found: check if there is a RefParameter without a condition.
2024-12-15 11:54:15,679 [WARN] IP:2191 - BinMixBcdU not found: check if there is a RefParameter without a condition.
2024-12-15 11:58:49,321 [INFO] MainUpdater:2873 - connection check result : 10
2024-12-15 11:58:49,321 [INFO] MainUpdater:2873 - connection check result : 10
2024-12-15 11:58:49,486 [INFO] LogOutputStream:77 - [STDOUT_REDIRECT] Nominal 
2024-12-15 11:58:49,523 [INFO] I2cTimingTraitement:330 - 0x30909DEC
2024-12-15 11:58:49,528 [INFO] MicroXplorer:468 - Change Database Path : 
2024-12-15 11:58:49,528 [INFO] MicroXplorer:498 - Change Database Version : DB.6.0.121
2024-12-15 11:58:49,554 [ERROR] ProjectManagerView:394 - 
java.lang.NullPointerException: Cannot invoke "javax.swing.JTextField.getText()" because the return value of "java.util.List.get(int)" is null
	at com.st.microxplorer.plugins.projectmanager.gui.ProjectChoiceTab$10.caretUpdate(ProjectChoiceTab.java:2622) ~[filemanager.jar:?]
	at javax.swing.text.JTextComponent.fireCaretUpdate(JTextComponent.java:412) ~[?:?]
	at javax.swing.text.JTextComponent$MutableCaretEvent.fire(JTextComponent.java:4491) ~[?:?]
	at javax.swing.text.JTextComponent$MutableCaretEvent.stateChanged(JTextComponent.java:4513) ~[?:?]
	at javax.swing.text.DefaultCaret.fireStateChanged(DefaultCaret.java:842) ~[?:?]
	at javax.swing.text.DefaultCaret.changeCaretPosition(DefaultCaret.java:1313) ~[?:?]
	at javax.swing.text.DefaultCaret.handleSetDot(DefaultCaret.java:1212) ~[?:?]
	at javax.swing.text.DefaultCaret.setDot(DefaultCaret.java:1193) ~[?:?]
	at javax.swing.text.DefaultCaret$Handler.insertUpdate(DefaultCaret.java:1789) ~[?:?]
	at javax.swing.text.AbstractDocument.fireInsertUpdate(AbstractDocument.java:226) ~[?:?]
	at javax.swing.text.AbstractDocument.handleInsertString(AbstractDocument.java:780) ~[?:?]
	at javax.swing.text.AbstractDocument.insertString(AbstractDocument.java:739) ~[?:?]
	at javax.swing.text.PlainDocument.insertString(PlainDocument.java:131) ~[?:?]
	at javax.swing.text.AbstractDocument.replace(AbstractDocument.java:698) ~[?:?]
	at javax.swing.text.JTextComponent.setText(JTextComponent.java:1729) ~[?:?]
	at com.st.microxplorer.plugins.projectmanager.gui.ProjectChoiceTab.createHeapStackFields(ProjectChoiceTab.java:972) ~[filemanager.jar:?]
	at com.st.microxplorer.plugins.projectmanager.gui.ProjectChoiceTab.buildLinkSettingsPanel(ProjectChoiceTab.java:3597) ~[filemanager.jar:?]
	at com.st.microxplorer.plugins.projectmanager.gui.ProjectChoiceTab.defineWindowsFields(ProjectChoiceTab.java:1940) ~[filemanager.jar:?]
	at com.st.microxplorer.plugins.projectmanager.gui.ProjectChoiceTab.updateSettings(ProjectChoiceTab.java:550) ~[filemanager.jar:?]
	at com.st.microxplorer.plugins.projectmanager.gui.ProjectSettingsPanel.UpdateDialog(ProjectSettingsPanel.java:245) ~[filemanager.jar:?]
	at com.st.microxplorer.plugins.projectmanager.ProjectManagerView.propertyChange(ProjectManagerView.java:391) ~[filemanager.jar:?]
	at java.beans.PropertyChangeSupport.fire(PropertyChangeSupport.java:343) ~[?:?]
	at java.beans.PropertyChangeSupport.firePropertyChange(PropertyChangeSupport.java:335) ~[?:?]
	at java.beans.PropertyChangeSupport.firePropertyChange(PropertyChangeSupport.java:268) ~[?:?]
	at com.st.microxplorer.util.MXPropertyChangeSupport.firePropertyChange(MXPropertyChangeSupport.java:54) ~[STM32CubeMX.jar:?]
	at com.st.microxplorer.mxsystem.MxSystem.closeConfig(MxSystem.java:900) ~[STM32CubeMX.jar:?]
	at com.st.microxplorer.maingui.MainPanel.closeConfig(MainPanel.java:781) ~[STM32CubeMX.jar:?]
	at com.st.microxplorer.plugins.filemanager.engine.OpenFileManager.loadConfigurationFile(OpenFileManager.java:265) ~[filemanager.jar:?]
	at com.st.microxplorer.plugins.filemanager.engine.MainFileManager.userLoadConfig(MainFileManager.java:352) ~[filemanager.jar:?]
	at com.st.microxplorer.plugins.filemanager.engine.MainFileManager.userLoadConfig(MainFileManager.java:330) ~[filemanager.jar:?]
	at com.st.microxplorer.plugins.filemanager.FileManagerView.getSpecificTask(FileManagerView.java:246) ~[filemanager.jar:?]
	at com.st.stm32cube.common.mx.editor.CubeMxEditor.getMxTabbedPaneInstance(CubeMxEditor.java:1198) ~[com.st.stm32cube.common.mx_6.12.1.202409122256/:?]
	at com.st.stm32cube.common.mx.editor.CubeMxEditor$12$1.createSwingComponent(CubeMxEditor.java:1068) ~[com.st.stm32cube.common.mx_6.12.1.202409122256/:?]
	at com.st.stm32cube.common.mx.oss.core.awtswtbridge.EmbeddedSwingComposite.doComponentCreation(EmbeddedSwingComposite.java:492) ~[com.st.stm32cube.common.mx.oss_6.12.1.202409122256/:?]
	at com.st.stm32cube.common.mx.oss.core.awtswtbridge.EmbeddedSwingComposite$4.run(EmbeddedSwingComposite.java:291) ~[com.st.stm32cube.common.mx.oss_6.12.1.202409122256/:?]
	at com.st.stm32cube.common.mx.oss.core.awtswtbridge.AwtEnvironment$2.run(AwtEnvironment.java:166) ~[com.st.stm32cube.common.mx.oss_6.12.1.202409122256/:?]
	at java.awt.event.InvocationEvent.dispatch(InvocationEvent.java:318) ~[?:?]
	at java.awt.EventQueue.dispatchEventImpl(EventQueue.java:773) ~[?:?]
	at java.awt.EventQueue$4.run(EventQueue.java:720) ~[?:?]
	at java.awt.EventQueue$4.run(EventQueue.java:714) ~[?:?]
	at java.security.AccessController.doPrivileged(AccessController.java:399) ~[?:?]
	at java.security.ProtectionDomain$JavaSecurityAccessImpl.doIntersectionPrivilege(ProtectionDomain.java:86) ~[?:?]
	at java.awt.EventQueue.dispatchEvent(EventQueue.java:742) ~[?:?]
	at java.awt.EventDispatchThread.pumpOneEventForFilters(EventDispatchThread.java:203) ~[?:?]
	at java.awt.EventDispatchThread.pumpEventsForFilter(EventDispatchThread.java:124) ~[?:?]
	at java.awt.EventDispatchThread.pumpEventsForHierarchy(EventDispatchThread.java:113) ~[?:?]
	at java.awt.EventDispatchThread.pumpEvents(EventDispatchThread.java:109) ~[?:?]
	at java.awt.EventDispatchThread.pumpEvents(EventDispatchThread.java:101) ~[?:?]
	at java.awt.EventDispatchThread.run(EventDispatchThread.java:90) ~[?:?]
2024-12-15 11:58:49,556 [WARN] ThirdParty:871 - waiting for thirdparty lock release [close project]
2024-12-15 11:58:49,556 [INFO] ThirdParty:873 - entering critical section [close project]
2024-12-15 11:58:49,556 [INFO] ThirdParty:883 - exiting critical section [close project]
2024-12-15 11:58:49,558 [INFO] PinOutPanel:1561 - setPackage(No Configuration,No Configuration)
2024-12-15 11:58:49,672 [INFO] UtilMem:75 - Begin LoadConfig() Used Memory: 946118296 Bytes (1073741824)
2024-12-15 11:58:49,674 [INFO] MicroXplorer:468 - Change Database Path : 
2024-12-15 11:58:49,674 [INFO] MicroXplorer:498 - Change Database Version : DB.6.0.121
2024-12-15 11:58:49,675 [INFO] OpenFileManager:332 - Change cursor
2024-12-15 11:58:49,693 [INFO] Mcu:2032 - Initializing MCU STM32G431C(6-8-B)Ux STM32G431CBUx STM32G431CBU3
2024-12-15 11:58:56,536 [INFO] Context:742 - Trying to add GPIOservice into a context  which must be forbidden
2024-12-15 11:58:57,544 [INFO] RtosManager:555 - Registered RTOS mode: class=CMSIS, group=RTOS, mode=CMSIS_V1, owner=FREERTOS
2024-12-15 11:58:57,544 [INFO] RtosManager:555 - Registered RTOS mode: class=CMSIS, group=RTOS2, mode=CMSIS_V2, owner=FREERTOS
2024-12-15 11:58:57,544 [INFO] RtosManager:555 - Registered RTOS mode: class=RTOS, group=Core, mode=CMSIS_V1, owner=FREERTOS
2024-12-15 11:58:57,544 [INFO] RtosManager:555 - Registered RTOS mode: class=RTOS, group=Core, mode=CMSIS_V2, owner=FREERTOS
2024-12-15 11:58:57,544 [WARN] ModelIntegratedComponent:184 - Missing modes for component STMicroelectronics:FreeRTOS:0.0.1:STMicroelectronics:RTOS:FreeRTOS:Core:::10.2.0:
2024-12-15 11:58:57,555 [WARN] ModelIntegratedComponent:63 - No mode defined for component null
2024-12-15 11:58:57,555 [WARN] ModelIntegratedComponent:63 - No mode defined for component null
2024-12-15 11:58:57,555 [WARN] ModelIntegratedComponent:63 - No mode defined for component null
2024-12-15 11:58:57,555 [WARN] ModelIntegratedComponent:63 - No mode defined for component null
2024-12-15 11:58:57,555 [WARN] ModelIntegratedComponent:63 - No mode defined for component null
2024-12-15 11:58:57,556 [WARN] ModelIntegratedComponent:63 - No mode defined for component null
2024-12-15 11:58:57,556 [WARN] ModelIntegratedComponent:63 - No mode defined for component null
2024-12-15 11:58:57,556 [WARN] ModelIntegratedComponent:63 - No mode defined for component null
2024-12-15 11:58:57,556 [WARN] ModelIntegratedComponent:63 - No mode defined for component null
2024-12-15 11:58:57,556 [WARN] ModelIntegratedComponent:63 - No mode defined for component null
2024-12-15 11:58:57,556 [WARN] ModelIntegratedComponent:63 - No mode defined for component null
2024-12-15 11:58:57,556 [WARN] ModelIntegratedComponent:63 - No mode defined for component null
2024-12-15 11:58:57,556 [WARN] ModelIntegratedComponent:63 - No mode defined for component null
2024-12-15 11:58:57,556 [WARN] ModelIntegratedComponent:63 - No mode defined for component null
2024-12-15 11:58:57,556 [WARN] ModelIntegratedComponent:63 - No mode defined for component null
2024-12-15 11:58:57,556 [WARN] ModelIntegratedComponent:63 - No mode defined for component null
2024-12-15 11:58:57,556 [WARN] ModelIntegratedComponent:63 - No mode defined for component null
2024-12-15 11:58:57,556 [WARN] ModelIntegratedComponent:63 - No mode defined for component null
2024-12-15 11:58:57,556 [WARN] ModelIntegratedComponent:63 - No mode defined for component null
2024-12-15 11:58:57,556 [WARN] ModelIntegratedComponent:63 - No mode defined for component null
2024-12-15 11:58:57,556 [WARN] ModelIntegratedComponent:63 - No mode defined for component null
2024-12-15 11:58:57,556 [WARN] ModelIntegratedComponent:63 - No mode defined for component null
2024-12-15 11:58:57,556 [WARN] ModelIntegratedComponent:63 - No mode defined for component null
2024-12-15 11:58:57,556 [WARN] ModelIntegratedComponent:63 - No mode defined for component null
2024-12-15 11:58:57,556 [WARN] ModelIntegratedComponent:63 - No mode defined for component null
2024-12-15 11:58:57,556 [WARN] ModelIntegratedComponent:63 - No mode defined for component null
2024-12-15 11:58:57,556 [WARN] ModelIntegratedComponent:63 - No mode defined for component null
2024-12-15 11:58:57,556 [WARN] ModelIntegratedComponent:63 - No mode defined for component null
2024-12-15 11:58:57,557 [WARN] ModelIntegratedComponent:63 - No mode defined for component null
2024-12-15 11:58:57,557 [WARN] ModelIntegratedComponent:63 - No mode defined for component null
2024-12-15 11:58:57,557 [WARN] ModelIntegratedComponent:63 - No mode defined for component null
2024-12-15 11:58:57,557 [WARN] ModelIntegratedComponent:63 - No mode defined for component null
2024-12-15 11:58:57,557 [WARN] ModelIntegratedComponent:63 - No mode defined for component null
2024-12-15 11:58:57,557 [WARN] ModelIntegratedComponent:63 - No mode defined for component null
2024-12-15 11:58:57,557 [WARN] ModelIntegratedComponent:63 - No mode defined for component null
2024-12-15 11:58:57,557 [WARN] ModelPack:524 - Component already loaded: STMicroelectronics:HAL Drivers:0.0.0:STMicroelectronics:Device:STMicro_Driver:XSPI:HAL::0.0.1:HAL_XSPI
2024-12-15 11:58:57,582 [INFO] ThirdPartyModel:298 - Start build external matchings
2024-12-15 11:58:58,252 [INFO] ThirdPartyModel:316 - End build external matchings
2024-12-15 11:58:58,259 [WARN] IP:2191 - MessageRAMOffset not found: check if there is a RefParameter without a condition.
2024-12-15 11:58:58,259 [WARN] IP:2191 - RxFifo0ElmtsNbr not found: check if there is a RefParameter without a condition.
2024-12-15 11:58:58,259 [WARN] IP:2191 - RxFifo0ElmtSize not found: check if there is a RefParameter without a condition.
2024-12-15 11:58:58,259 [WARN] IP:2191 - RxFifo1ElmtsNbr not found: check if there is a RefParameter without a condition.
2024-12-15 11:58:58,259 [WARN] IP:2191 - RxFifo1ElmtSize not found: check if there is a RefParameter without a condition.
2024-12-15 11:58:58,259 [WARN] IP:2191 - RxBuffersNbr not found: check if there is a RefParameter without a condition.
2024-12-15 11:58:58,259 [WARN] IP:2191 - RxBufferSize not found: check if there is a RefParameter without a condition.
2024-12-15 11:58:58,259 [WARN] IP:2191 - TxEventsNbr not found: check if there is a RefParameter without a condition.
2024-12-15 11:58:58,259 [WARN] IP:2191 - TxBuffersNbr not found: check if there is a RefParameter without a condition.
2024-12-15 11:58:58,259 [WARN] IP:2191 - TxFifoQueueElmtsNbr not found: check if there is a RefParameter without a condition.
2024-12-15 11:58:58,259 [WARN] IP:2191 - TxElmtSize not found: check if there is a RefParameter without a condition.
2024-12-15 11:58:58,259 [WARN] IP:2191 - ClockCalibrationCCU not found: check if there is a RefParameter without a condition.
2024-12-15 11:58:58,260 [WARN] IP:2191 - ClockDividerCCU not found: check if there is a RefParameter without a condition.
2024-12-15 11:58:58,260 [WARN] IP:2191 - MinOscClkPeriodsCCU not found: check if there is a RefParameter without a condition.
2024-12-15 11:58:58,260 [WARN] IP:2191 - TimeQuantaPerBitTimeCCU not found: check if there is a RefParameter without a condition.
2024-12-15 11:58:58,260 [WARN] IP:2191 - WatchdogStartValueCCU not found: check if there is a RefParameter without a condition.
2024-12-15 11:58:58,260 [INFO] ImportTextPane:205 - (OptionalMessage_ERROR) IP (RCC) : Invalid parameter (FamilyName)
2024-12-15 11:58:58,896 [INFO] UtilMem:75 - End LoadConfig() Used Memory: 926456880 Bytes (1073741824)
2024-12-15 11:58:58,993 [WARN] ThirdParty:833 - waiting for thirdparty lock release [change project]
2024-12-15 11:58:58,993 [INFO] ThirdParty:835 - entering critical section [change project]
2024-12-15 11:58:58,993 [INFO] ThirdParty:1030 - CMSIS Pack Vendor :STMicroelectronics USBPD 4.1
2024-12-15 11:58:58,993 [INFO] ThirdParty:1030 - CMSIS Pack Vendor :STMicroelectronics X-CUBE-AZRTOS-H7 3.3.0
2024-12-15 11:58:58,993 [INFO] ThirdParty:1030 - CMSIS Pack Vendor :STMicroelectronics X-CUBE-NFC9 1.0.0
2024-12-15 11:58:58,993 [INFO] ThirdParty:1030 - CMSIS Pack Vendor :STMicroelectronics USB_HOST 2.0.0
2024-12-15 11:58:58,993 [INFO] ThirdParty:1030 - CMSIS Pack Vendor :STMicroelectronics FP-SNS-MOTENVWB1 1.4.0
2024-12-15 11:58:58,993 [INFO] ThirdParty:1030 - CMSIS Pack Vendor :STMicroelectronics X-CUBE-AZRTOS-F4 1.1.0
2024-12-15 11:58:58,993 [INFO] ThirdParty:1030 - CMSIS Pack Vendor :STMicroelectronics LIBJPEG 8.0.0
2024-12-15 11:58:58,993 [INFO] ThirdParty:1030 - CMSIS Pack Vendor :STMicroelectronics FP-ATR-ASTRA1 2.0.1
2024-12-15 11:58:58,993 [INFO] ThirdParty:1030 - CMSIS Pack Vendor :STMicroelectronics X-CUBE-SMBUS 2.1.0
2024-12-15 11:58:58,994 [INFO] ThirdParty:1030 - CMSIS Pack Vendor :STMicroelectronics X-CUBE-WB05N 1.1.0
2024-12-15 11:58:58,994 [INFO] ThirdParty:1030 - CMSIS Pack Vendor :STMicroelectronics USB_DEVICE 3.0.0
2024-12-15 11:58:58,994 [INFO] ThirdParty:1030 - CMSIS Pack Vendor :STMicroelectronics X-CUBE-TCPP 4.1.0
2024-12-15 11:58:58,994 [INFO] ThirdParty:1030 - CMSIS Pack Vendor :STMicroelectronics X-CUBE-ISPU 2.1.0
2024-12-15 11:58:58,994 [INFO] ThirdParty:1030 - CMSIS Pack Vendor :STMicroelectronics X-CUBE-FREERTOS 1.2.0
2024-12-15 11:58:58,994 [INFO] ThirdParty:1030 - CMSIS Pack Vendor :STMicroelectronics X-CUBE-IPS 3.0.0
2024-12-15 11:58:58,994 [INFO] ThirdParty:1030 - CMSIS Pack Vendor :STMicroelectronics X-CUBE-AZRTOS-WB 2.0.0
2024-12-15 11:58:58,994 [INFO] ThirdParty:1030 - CMSIS Pack Vendor :STMicroelectronics X-CUBE-GNSS1 7.0.0
2024-12-15 11:58:58,994 [INFO] ThirdParty:1030 - CMSIS Pack Vendor :STMicroelectronics X-CUBE-AZRTOS-F7 1.1.0
2024-12-15 11:58:58,994 [INFO] ThirdParty:1030 - CMSIS Pack Vendor :STMicroelectronics X-CUBE-AZRTOS-L5 2.0.0
2024-12-15 11:58:58,994 [INFO] ThirdParty:1030 - CMSIS Pack Vendor :STMicroelectronics USB_DEVICE 2.0.0
2024-12-15 11:58:58,994 [INFO] ThirdParty:1030 - CMSIS Pack Vendor :STMicroelectronics X-CUBE-NFC6 3.1.0
2024-12-15 11:58:58,994 [INFO] ThirdParty:1030 - CMSIS Pack Vendor :STMicroelectronics FP-SNS-STBOX1 2.0.0
2024-12-15 11:58:58,994 [INFO] ThirdParty:1030 - CMSIS Pack Vendor :STMicroelectronics X-CUBE-MEMS1 11.0.0
2024-12-15 11:58:58,995 [INFO] ThirdParty:1030 - CMSIS Pack Vendor :STMicroelectronics FreeRTOS 0.0.1
2024-12-15 11:58:58,995 [INFO] ThirdParty:1030 - CMSIS Pack Vendor :STMicroelectronics X-CUBE-AZRTOS-G0 1.1.0
2024-12-15 11:58:58,995 [INFO] ThirdParty:1030 - CMSIS Pack Vendor :STMicroelectronics X-CUBE-SAFEA1 1.2.2
2024-12-15 11:58:58,995 [INFO] ThirdParty:1030 - CMSIS Pack Vendor :STMicroelectronics X-CUBE-NFC4 3.0.0
2024-12-15 11:58:58,995 [INFO] ThirdParty:1030 - CMSIS Pack Vendor :STMicroelectronics X-CUBE-DPower 1.2.0
2024-12-15 11:58:58,995 [INFO] ThirdParty:1030 - CMSIS Pack Vendor :STMicroelectronics X-CUBE-SUBG2 5.0.0
2024-12-15 11:58:58,995 [INFO] ThirdParty:1030 - CMSIS Pack Vendor :STMicroelectronics STM32_WPAN 1.0.0
2024-12-15 11:58:58,995 [INFO] ThirdParty:1030 - CMSIS Pack Vendor :EmbeddedOffice I-CUBE-FS-RTOS 1.0.1
2024-12-15 11:58:58,995 [INFO] ThirdParty:1030 - CMSIS Pack Vendor :STMicroelectronics lwIP 2.0.3
2024-12-15 11:58:58,995 [INFO] ThirdParty:1030 - CMSIS Pack Vendor :STMicroelectronics FP-SNS-FLIGHT1 5.0.2
2024-12-15 11:58:58,995 [INFO] ThirdParty:1030 - CMSIS Pack Vendor :Cesanta I-CUBE-Mongoose 7.13.0
2024-12-15 11:58:58,995 [INFO] ThirdParty:1030 - CMSIS Pack Vendor :STMicroelectronics USB_HOST 1.0.0
2024-12-15 11:58:58,995 [INFO] ThirdParty:1030 - CMSIS Pack Vendor :Infineon AIROC-Wi-Fi-Bluetooth-STM32 1.7.0
2024-12-15 11:58:58,995 [INFO] ThirdParty:1030 - CMSIS Pack Vendor :STMicroelectronics X-CUBE-AZRTOS-G4 2.0.0
2024-12-15 11:58:58,996 [INFO] ThirdParty:1030 - CMSIS Pack Vendor :STMicroelectronics PDM2PCM 3.1.0
2024-12-15 11:58:58,996 [INFO] ThirdParty:1030 - CMSIS Pack Vendor :STMicroelectronics PDM2PCM 3.3.0
2024-12-15 11:58:58,996 [INFO] ThirdParty:1030 - CMSIS Pack Vendor :STMicroelectronics X-CUBE-DISPLAY 3.0.0
2024-12-15 11:58:58,996 [INFO] ThirdParty:1030 - CMSIS Pack Vendor :RealThread X-CUBE-RT-Thread_Nano 4.1.1
2024-12-15 11:58:58,996 [INFO] ThirdParty:1030 - CMSIS Pack Vendor :STMicroelectronics X-CUBE-BLE1 7.0.0
2024-12-15 11:58:58,996 [INFO] ThirdParty:1030 - CMSIS Pack Vendor :STMicroelectronics FP-ATR-SIGFOX1 3.2.0
2024-12-15 11:58:58,996 [INFO] ThirdParty:1030 - CMSIS Pack Vendor :STMicroelectronics X-CUBE-NFC10 1.0.0
2024-12-15 11:58:58,996 [INFO] ThirdParty:1030 - CMSIS Pack Vendor :quantropi X-CUBE-qispace-sdk-base 1.9.3
2024-12-15 11:58:58,996 [INFO] ThirdParty:1030 - CMSIS Pack Vendor :STMicroelectronics X-CUBE-BLEMGR 4.0.0
2024-12-15 11:58:58,996 [INFO] ThirdParty:1030 - CMSIS Pack Vendor :STMicroelectronics X-CUBE-EEPRMA1 5.1.0
2024-12-15 11:58:58,996 [INFO] ThirdParty:1030 - CMSIS Pack Vendor :STMicroelectronics HAL Drivers 0.0.0
2024-12-15 11:58:58,996 [INFO] ThirdParty:1030 - CMSIS Pack Vendor :STMicroelectronics MBEDTLS 2.16.2
2024-12-15 11:58:58,997 [INFO] ThirdParty:1030 - CMSIS Pack Vendor :STMicroelectronics X-CUBE-ALS 1.0.2
2024-12-15 11:58:58,997 [INFO] ThirdParty:1030 - CMSIS Pack Vendor :emotas I-CUBE-CANOPEN 1.3.0
2024-12-15 11:58:58,997 [INFO] ThirdParty:1030 - CMSIS Pack Vendor :wolfSSL I-CUBE-wolfSSL 5.7.4
2024-12-15 11:58:58,997 [INFO] ThirdParty:1030 - CMSIS Pack Vendor :STMicroelectronics X-CUBE-NFC7 1.0.1
2024-12-15 11:58:58,997 [INFO] ThirdParty:1030 - CMSIS Pack Vendor :STMicroelectronics MBEDTLS 2.14.1
2024-12-15 11:58:58,997 [INFO] ThirdParty:1030 - CMSIS Pack Vendor :ITTIA_DB I-CUBE-ITTIADB 8.9.0
2024-12-15 11:58:58,997 [INFO] ThirdParty:1030 - CMSIS Pack Vendor :STMicroelectronics X-CUBE-TOUCHGFX 4.24.1
2024-12-15 11:58:58,997 [INFO] ThirdParty:1030 - CMSIS Pack Vendor :wolfSSL I-CUBE-wolfTPM 3.4.0
2024-12-15 11:58:58,997 [INFO] ThirdParty:1030 - CMSIS Pack Vendor :portGmbH I-Cube-SoM-uGOAL 1.1.0
2024-12-15 11:58:58,997 [INFO] ThirdParty:1030 - CMSIS Pack Vendor :STMicroelectronics ThreadX 1.0.0
2024-12-15 11:58:58,997 [INFO] ThirdParty:1030 - CMSIS Pack Vendor :STMicroelectronics FP-SNS-SMARTAG2 1.2.0
2024-12-15 11:58:58,997 [INFO] ThirdParty:1030 - CMSIS Pack Vendor :STMicroelectronics X-CUBE-AZRTOS-WL 2.0.0
2024-12-15 11:58:58,997 [INFO] ThirdParty:1030 - CMSIS Pack Vendor :SEGGER I-CUBE-embOS 1.3.1
2024-12-15 11:58:58,997 [INFO] ThirdParty:1030 - CMSIS Pack Vendor :STMicroelectronics X-CUBE-ALGOBUILD 1.4.0
2024-12-15 11:58:58,997 [INFO] ThirdParty:1030 - CMSIS Pack Vendor :STMicroelectronics FP-SNS-MOTENV1 5.0.0
2024-12-15 11:58:58,997 [INFO] ThirdParty:1030 - CMSIS Pack Vendor :STMicroelectronics USB_DEVICE 1.0.0
2024-12-15 11:58:58,997 [INFO] ThirdParty:1030 - CMSIS Pack Vendor :STMicroelectronics X-CUBE-AZRTOS-H7RS 1.0.0
2024-12-15 11:58:58,998 [INFO] ThirdParty:1030 - CMSIS Pack Vendor :wolfSSL I-CUBE-wolfMQTT 1.19.0
2024-12-15 11:58:58,998 [INFO] ThirdParty:1030 - CMSIS Pack Vendor :STMicroelectronics X-CUBE-AZRTOS-L4 2.0.0
2024-12-15 11:58:58,998 [INFO] ThirdParty:1030 - CMSIS Pack Vendor :STMicroelectronics ThreadX 0.0.2
2024-12-15 11:58:58,999 [INFO] ThirdParty:1030 - CMSIS Pack Vendor :WES I-CUBE-Cesium 1.3.0
2024-12-15 11:58:58,999 [INFO] ThirdParty:1030 - CMSIS Pack Vendor :STMicroelectronics lwIP 2.1.2
2024-12-15 11:58:58,999 [INFO] ThirdParty:1030 - CMSIS Pack Vendor :STMicroelectronics X-CUBE-SFXS2LP1 4.0.0
2024-12-15 11:58:58,999 [INFO] ThirdParty:1030 - CMSIS Pack Vendor :STMicroelectronics X-CUBE-BLE2 3.3.0
2024-12-15 11:58:58,999 [INFO] ThirdParty:1030 - CMSIS Pack Vendor :STMicroelectronics X-CUBE-TOF1 3.4.2
2024-12-15 11:58:59,001 [INFO] ThirdParty:1030 - CMSIS Pack Vendor :STMicroelectronics X-CUBE-AI 9.1.0
2024-12-15 11:58:59,001 [INFO] ThirdParty:1030 - CMSIS Pack Vendor :STMicroelectronics PDM2PCM 3.2.0
2024-12-15 11:58:59,001 [INFO] ThirdParty:1030 - CMSIS Pack Vendor :wolfSSL I-CUBE-wolfSSH 1.4.17
2024-12-15 11:58:59,001 [INFO] ThirdParty:841 - exiting critical section [change project]
2024-12-15 11:58:59,516 [INFO] PinOutPanel:1561 - setPackage(No Configuration,No Configuration)
2024-12-15 11:58:59,517 [INFO] PinOutPanel:1561 - setPackage(STM32G431CBUx,UFQFPN48)
2024-12-15 11:58:59,944 [INFO] UtilMem:75 - Before build in PCC Used Memory: 908996768 Bytes (1073741824)
2024-12-15 11:59:00,646 [INFO] UtilMem:75 - After build in PCC Used Memory: 920815664 Bytes (1073741824)
2024-12-15 11:59:00,654 [INFO] ApiDbMcu:508 - Load IP Config File for USB_Device
2024-12-15 11:59:00,655 [INFO] Middleware:612 - instanceName : USB_DEVICE bspName : BCD Detection check condition failed for : SEM_BCD_ENABLED
2024-12-15 11:59:00,655 [INFO] Middleware:612 - instanceName : USB_DEVICE bspName : BCD Detection check condition failed for : SEM_BCD_ENABLED
2024-12-15 11:59:00,655 [INFO] Middleware:612 - instanceName : USB_DEVICE bspName : BCD Detection check condition failed for : SEM_BCD_ENABLED
2024-12-15 11:59:00,655 [INFO] Middleware:612 - instanceName : USB_DEVICE bspName : BCD Detection check condition failed for : SEM_BCD_ENABLED
2024-12-15 11:59:00,655 [INFO] Middleware:612 - instanceName : USB_DEVICE bspName : BCD Detection check condition failed for : SEM_BCD_ENABLED
2024-12-15 11:59:00,655 [INFO] Middleware:612 - instanceName : USB_DEVICE bspName : BCD Detection check condition failed for : SEM_BCD_ENABLED
2024-12-15 11:59:00,655 [INFO] Middleware:612 - instanceName : USB_DEVICE bspName : BCD Detection check condition failed for : SEM_BCD_ENABLED
2024-12-15 11:59:00,655 [INFO] Middleware:612 - instanceName : USB_DEVICE bspName : BCD Detection check condition failed for : SEM_BCD_ENABLED
2024-12-15 11:59:00,655 [INFO] Middleware:612 - instanceName : USB_DEVICE bspName : BCD Detection check condition failed for : SEM_BCD_ENABLED
2024-12-15 11:59:00,655 [INFO] Middleware:612 - instanceName : USB_DEVICE bspName : BCD Detection check condition failed for : SEM_BCD_ENABLED
2024-12-15 11:59:00,655 [INFO] Middleware:612 - instanceName : USB_DEVICE bspName : BCD Detection check condition failed for : SEM_BCD_ENABLED
2024-12-15 11:59:00,655 [INFO] Middleware:612 - instanceName : USB_DEVICE bspName : BCD Detection check condition failed for : SEM_BCD_ENABLED
2024-12-15 11:59:00,655 [INFO] Middleware:612 - instanceName : USB_DEVICE bspName : BCD Detection check condition failed for : SEM_BCD_ENABLED
2024-12-15 11:59:00,655 [INFO] Middleware:612 - instanceName : USB_DEVICE bspName : BCD Detection check condition failed for : SEM_BCD_ENABLED
2024-12-15 11:59:00,656 [INFO] Middleware:612 - instanceName : USB_DEVICE bspName : BCD Detection check condition failed for : SEM_BCD_ENABLED
2024-12-15 11:59:00,656 [INFO] Middleware:612 - instanceName : USB_DEVICE bspName : BCD Detection check condition failed for : SEM_BCD_ENABLED
2024-12-15 11:59:00,748 [INFO] IPUIPlugin:80 - create IPUIPlugin
2024-12-15 11:59:00,748 [INFO] IPUIPlugin:80 - create IPUIPlugin
2024-12-15 11:59:00,748 [INFO] IPUIPlugin:80 - create IPUIPlugin
2024-12-15 11:59:00,748 [INFO] IPUIPlugin:80 - create IPUIPlugin
2024-12-15 11:59:00,748 [INFO] IPUIPlugin:80 - create IPUIPlugin
2024-12-15 11:59:00,748 [INFO] IPUIPlugin:80 - create IPUIPlugin
2024-12-15 11:59:00,749 [INFO] IPUIPlugin:80 - create IPUIPlugin
2024-12-15 11:59:00,749 [INFO] IPUIPlugin:80 - create IPUIPlugin
2024-12-15 11:59:00,749 [INFO] IPUIPlugin:80 - create IPUIPlugin
2024-12-15 11:59:00,751 [INFO] IPUIPlugin:80 - create IPUIPlugin
2024-12-15 11:59:00,751 [INFO] IPUIPlugin:80 - create IPUIPlugin
2024-12-15 11:59:00,751 [INFO] IPUIPlugin:80 - create IPUIPlugin
2024-12-15 11:59:00,752 [INFO] IPUIPlugin:80 - create IPUIPlugin
2024-12-15 11:59:00,752 [INFO] IPUIPlugin:80 - create IPUIPlugin
2024-12-15 11:59:00,753 [INFO] IPUIPlugin:80 - create IPUIPlugin
2024-12-15 11:59:00,754 [INFO] IPUIPlugin:80 - create IPUIPlugin
2024-12-15 11:59:00,754 [INFO] IPUIPlugin:80 - create IPUIPlugin
2024-12-15 11:59:00,755 [INFO] IPUIPlugin:80 - create IPUIPlugin
2024-12-15 11:59:00,755 [INFO] IPUIPlugin:80 - create IPUIPlugin
2024-12-15 11:59:00,755 [INFO] IPUIPlugin:80 - create IPUIPlugin
2024-12-15 11:59:00,756 [INFO] IPUIPlugin:80 - create IPUIPlugin
2024-12-15 11:59:00,756 [INFO] IPUIPlugin:80 - create IPUIPlugin
2024-12-15 11:59:00,757 [INFO] IPUIPlugin:80 - create IPUIPlugin
2024-12-15 11:59:00,757 [INFO] IPUIPlugin:80 - create IPUIPlugin
2024-12-15 11:59:00,758 [INFO] IPUIPlugin:80 - create IPUIPlugin
2024-12-15 11:59:00,758 [INFO] IPUIPlugin:80 - create IPUIPlugin
2024-12-15 11:59:00,758 [INFO] IPUIPlugin:80 - create IPUIPlugin
2024-12-15 11:59:00,759 [INFO] IPUIPlugin:80 - create IPUIPlugin
2024-12-15 11:59:00,759 [INFO] IPUIPlugin:80 - create IPUIPlugin
2024-12-15 11:59:00,759 [INFO] IPUIPlugin:80 - create IPUIPlugin
2024-12-15 11:59:00,760 [INFO] IPUIPlugin:80 - create IPUIPlugin
2024-12-15 11:59:00,760 [INFO] IPUIPlugin:80 - create IPUIPlugin
2024-12-15 11:59:00,760 [INFO] IPUIPlugin:80 - create IPUIPlugin
2024-12-15 11:59:00,761 [INFO] IPUIPlugin:80 - create IPUIPlugin
2024-12-15 11:59:00,761 [INFO] IPUIPlugin:80 - create IPUIPlugin
2024-12-15 11:59:00,761 [INFO] IPUIPlugin:80 - create IPUIPlugin
2024-12-15 11:59:00,762 [INFO] IPUIPlugin:80 - create IPUIPlugin
2024-12-15 11:59:00,762 [INFO] IPUIPlugin:80 - create IPUIPlugin
2024-12-15 11:59:00,762 [INFO] IPUIPlugin:80 - create IPUIPlugin
2024-12-15 11:59:00,763 [INFO] IPUIPlugin:80 - create IPUIPlugin
2024-12-15 11:59:00,763 [INFO] IPUIPlugin:80 - create IPUIPlugin
2024-12-15 11:59:00,763 [INFO] IPUIPlugin:80 - create IPUIPlugin
2024-12-15 11:59:00,764 [INFO] IPUIPlugin:80 - create IPUIPlugin
2024-12-15 11:59:00,764 [INFO] IPUIPlugin:80 - create IPUIPlugin
2024-12-15 11:59:00,765 [INFO] IPUIPlugin:80 - create IPUIPlugin
2024-12-15 11:59:00,765 [INFO] IPUIPlugin:80 - create IPUIPlugin
2024-12-15 11:59:00,765 [INFO] IPUIPlugin:80 - create IPUIPlugin
2024-12-15 11:59:00,766 [INFO] IPUIPlugin:80 - create IPUIPlugin
2024-12-15 11:59:00,767 [INFO] IPUIPlugin:80 - create IPUIPlugin
2024-12-15 11:59:00,768 [INFO] IPUIPlugin:80 - create IPUIPlugin
2024-12-15 11:59:00,769 [INFO] IPUIPlugin:80 - create IPUIPlugin
2024-12-15 11:59:00,770 [INFO] IPUIPlugin:80 - create IPUIPlugin
2024-12-15 11:59:00,771 [INFO] IPUIPlugin:80 - create IPUIPlugin
2024-12-15 11:59:00,772 [INFO] IPUIPlugin:80 - create IPUIPlugin
2024-12-15 11:59:00,773 [INFO] IPUIPlugin:80 - create IPUIPlugin
2024-12-15 11:59:00,774 [INFO] IPUIPlugin:80 - create IPUIPlugin
2024-12-15 11:59:00,775 [INFO] IPUIPlugin:80 - create IPUIPlugin
2024-12-15 11:59:00,775 [INFO] IPUIPlugin:80 - create IPUIPlugin
2024-12-15 11:59:00,778 [WARN] IP:2191 - MessageRAMOffset not found: check if there is a RefParameter without a condition.
2024-12-15 11:59:00,778 [WARN] IP:2191 - RxFifo0ElmtsNbr not found: check if there is a RefParameter without a condition.
2024-12-15 11:59:00,778 [WARN] IP:2191 - RxFifo0ElmtSize not found: check if there is a RefParameter without a condition.
2024-12-15 11:59:00,778 [WARN] IP:2191 - RxFifo1ElmtsNbr not found: check if there is a RefParameter without a condition.
2024-12-15 11:59:00,778 [WARN] IP:2191 - RxFifo1ElmtSize not found: check if there is a RefParameter without a condition.
2024-12-15 11:59:00,778 [WARN] IP:2191 - RxBuffersNbr not found: check if there is a RefParameter without a condition.
2024-12-15 11:59:00,778 [WARN] IP:2191 - RxBufferSize not found: check if there is a RefParameter without a condition.
2024-12-15 11:59:00,778 [WARN] IP:2191 - TxEventsNbr not found: check if there is a RefParameter without a condition.
2024-12-15 11:59:00,778 [WARN] IP:2191 - TxBuffersNbr not found: check if there is a RefParameter without a condition.
2024-12-15 11:59:00,778 [WARN] IP:2191 - TxFifoQueueElmtsNbr not found: check if there is a RefParameter without a condition.
2024-12-15 11:59:00,778 [WARN] IP:2191 - TxElmtSize not found: check if there is a RefParameter without a condition.
2024-12-15 11:59:00,778 [WARN] IP:2191 - ClockCalibrationCCU not found: check if there is a RefParameter without a condition.
2024-12-15 11:59:00,779 [WARN] IP:2191 - ClockDividerCCU not found: check if there is a RefParameter without a condition.
2024-12-15 11:59:00,779 [WARN] IP:2191 - MinOscClkPeriodsCCU not found: check if there is a RefParameter without a condition.
2024-12-15 11:59:00,779 [WARN] IP:2191 - TimeQuantaPerBitTimeCCU not found: check if there is a RefParameter without a condition.
2024-12-15 11:59:00,779 [WARN] IP:2191 - WatchdogStartValueCCU not found: check if there is a RefParameter without a condition.
2024-12-15 11:59:00,781 [INFO] LogOutputStream:77 - [STDOUT_REDIRECT] Nominal 
2024-12-15 11:59:00,781 [INFO] Can:71 - Can Add PropertyChangeListener com.st.microxplorer.plugins.ip.can.Can@25061d7f
2024-12-15 11:59:00,938 [INFO] CADModel:165 - CPN selected for project levelSTM32G431CBU3
2024-12-15 11:59:00,939 [INFO] CADModel:114 - Register for checkConnection events
2024-12-15 11:59:01,033 [INFO] OpenFileManager:363 - Restore cursor
2024-12-15 11:59:01,128 [INFO] Middleware:612 - instanceName : USB_DEVICE bspName : BCD Detection check condition failed for : SEM_BCD_ENABLED
2024-12-15 11:59:01,128 [INFO] Middleware:612 - instanceName : USB_DEVICE bspName : BCD Detection check condition failed for : SEM_BCD_ENABLED
2024-12-15 11:59:01,128 [INFO] Middleware:612 - instanceName : USB_DEVICE bspName : BCD Detection check condition failed for : SEM_BCD_ENABLED
2024-12-15 11:59:01,128 [INFO] Middleware:612 - instanceName : USB_DEVICE bspName : BCD Detection check condition failed for : SEM_BCD_ENABLED
2024-12-15 11:59:01,128 [INFO] Middleware:612 - instanceName : USB_DEVICE bspName : BCD Detection check condition failed for : SEM_BCD_ENABLED
2024-12-15 11:59:01,128 [INFO] Middleware:612 - instanceName : USB_DEVICE bspName : BCD Detection check condition failed for : SEM_BCD_ENABLED
2024-12-15 11:59:01,128 [INFO] Middleware:612 - instanceName : USB_DEVICE bspName : BCD Detection check condition failed for : SEM_BCD_ENABLED
2024-12-15 11:59:01,128 [INFO] Middleware:612 - instanceName : USB_DEVICE bspName : BCD Detection check condition failed for : SEM_BCD_ENABLED
2024-12-15 11:59:01,129 [INFO] Middleware:612 - instanceName : USB_DEVICE bspName : BCD Detection check condition failed for : SEM_BCD_ENABLED
2024-12-15 11:59:01,129 [INFO] Middleware:612 - instanceName : USB_DEVICE bspName : BCD Detection check condition failed for : SEM_BCD_ENABLED
2024-12-15 11:59:01,129 [INFO] Middleware:612 - instanceName : USB_DEVICE bspName : BCD Detection check condition failed for : SEM_BCD_ENABLED
2024-12-15 11:59:01,129 [INFO] Middleware:612 - instanceName : USB_DEVICE bspName : BCD Detection check condition failed for : SEM_BCD_ENABLED
2024-12-15 11:59:01,129 [INFO] Middleware:612 - instanceName : USB_DEVICE bspName : BCD Detection check condition failed for : SEM_BCD_ENABLED
2024-12-15 11:59:01,129 [INFO] Middleware:612 - instanceName : USB_DEVICE bspName : BCD Detection check condition failed for : SEM_BCD_ENABLED
2024-12-15 11:59:01,129 [INFO] Middleware:612 - instanceName : USB_DEVICE bspName : BCD Detection check condition failed for : SEM_BCD_ENABLED
2024-12-15 11:59:01,129 [INFO] Middleware:612 - instanceName : USB_DEVICE bspName : BCD Detection check condition failed for : SEM_BCD_ENABLED
2024-12-15 11:59:01,194 [WARN] IP:2191 - MessageRAMOffset not found: check if there is a RefParameter without a condition.
2024-12-15 11:59:01,195 [WARN] IP:2191 - RxFifo0ElmtsNbr not found: check if there is a RefParameter without a condition.
2024-12-15 11:59:01,195 [WARN] IP:2191 - RxFifo0ElmtSize not found: check if there is a RefParameter without a condition.
2024-12-15 11:59:01,195 [WARN] IP:2191 - RxFifo1ElmtsNbr not found: check if there is a RefParameter without a condition.
2024-12-15 11:59:01,195 [WARN] IP:2191 - RxFifo1ElmtSize not found: check if there is a RefParameter without a condition.
2024-12-15 11:59:01,195 [WARN] IP:2191 - RxBuffersNbr not found: check if there is a RefParameter without a condition.
2024-12-15 11:59:01,195 [WARN] IP:2191 - RxBufferSize not found: check if there is a RefParameter without a condition.
2024-12-15 11:59:01,195 [WARN] IP:2191 - TxEventsNbr not found: check if there is a RefParameter without a condition.
2024-12-15 11:59:01,195 [WARN] IP:2191 - TxBuffersNbr not found: check if there is a RefParameter without a condition.
2024-12-15 11:59:01,195 [WARN] IP:2191 - TxFifoQueueElmtsNbr not found: check if there is a RefParameter without a condition.
2024-12-15 11:59:01,196 [WARN] IP:2191 - TxElmtSize not found: check if there is a RefParameter without a condition.
2024-12-15 11:59:01,196 [WARN] IP:2191 - ClockCalibrationCCU not found: check if there is a RefParameter without a condition.
2024-12-15 11:59:01,196 [WARN] IP:2191 - ClockDividerCCU not found: check if there is a RefParameter without a condition.
2024-12-15 11:59:01,196 [WARN] IP:2191 - MinOscClkPeriodsCCU not found: check if there is a RefParameter without a condition.
2024-12-15 11:59:01,196 [WARN] IP:2191 - TimeQuantaPerBitTimeCCU not found: check if there is a RefParameter without a condition.
2024-12-15 11:59:01,196 [WARN] IP:2191 - WatchdogStartValueCCU not found: check if there is a RefParameter without a condition.
2024-12-15 12:00:03,040 [WARN] IP:2191 - MessageRAMOffset not found: check if there is a RefParameter without a condition.
2024-12-15 12:00:03,040 [WARN] IP:2191 - RxFifo0ElmtsNbr not found: check if there is a RefParameter without a condition.
2024-12-15 12:00:03,040 [WARN] IP:2191 - RxFifo0ElmtSize not found: check if there is a RefParameter without a condition.
2024-12-15 12:00:03,040 [WARN] IP:2191 - RxFifo1ElmtsNbr not found: check if there is a RefParameter without a condition.
2024-12-15 12:00:03,040 [WARN] IP:2191 - RxFifo1ElmtSize not found: check if there is a RefParameter without a condition.
2024-12-15 12:00:03,040 [WARN] IP:2191 - RxBuffersNbr not found: check if there is a RefParameter without a condition.
2024-12-15 12:00:03,040 [WARN] IP:2191 - RxBufferSize not found: check if there is a RefParameter without a condition.
2024-12-15 12:00:03,040 [WARN] IP:2191 - TxEventsNbr not found: check if there is a RefParameter without a condition.
2024-12-15 12:00:03,040 [WARN] IP:2191 - TxBuffersNbr not found: check if there is a RefParameter without a condition.
2024-12-15 12:00:03,040 [WARN] IP:2191 - TxFifoQueueElmtsNbr not found: check if there is a RefParameter without a condition.
2024-12-15 12:00:03,040 [WARN] IP:2191 - TxElmtSize not found: check if there is a RefParameter without a condition.
2024-12-15 12:00:03,040 [WARN] IP:2191 - ClockCalibrationCCU not found: check if there is a RefParameter without a condition.
2024-12-15 12:00:03,040 [WARN] IP:2191 - ClockDividerCCU not found: check if there is a RefParameter without a condition.
2024-12-15 12:00:03,040 [WARN] IP:2191 - MinOscClkPeriodsCCU not found: check if there is a RefParameter without a condition.
2024-12-15 12:00:03,040 [WARN] IP:2191 - TimeQuantaPerBitTimeCCU not found: check if there is a RefParameter without a condition.
2024-12-15 12:00:03,040 [WARN] IP:2191 - WatchdogStartValueCCU not found: check if there is a RefParameter without a condition.
2024-12-15 12:00:03,093 [INFO] NvicIntPanel:101 - NVIC parent = com.st.microxplorer.plugins.ip.nvic.MultiNvicIntPanel[,0,0,0x0,invalid,layout=javax.swing.BoxLayout,alignmentX=0.0,alignmentY=0.0,border=,flags=9,maximumSize=,minimumSize=,preferredSize=]
2024-12-15 12:00:03,343 [WARN] IP:2191 - MessageRAMOffset not found: check if there is a RefParameter without a condition.
2024-12-15 12:00:03,343 [WARN] IP:2191 - RxFifo0ElmtsNbr not found: check if there is a RefParameter without a condition.
2024-12-15 12:00:03,343 [WARN] IP:2191 - RxFifo0ElmtSize not found: check if there is a RefParameter without a condition.
2024-12-15 12:00:03,343 [WARN] IP:2191 - RxFifo1ElmtsNbr not found: check if there is a RefParameter without a condition.
2024-12-15 12:00:03,343 [WARN] IP:2191 - RxFifo1ElmtSize not found: check if there is a RefParameter without a condition.
2024-12-15 12:00:03,343 [WARN] IP:2191 - RxBuffersNbr not found: check if there is a RefParameter without a condition.
2024-12-15 12:00:03,343 [WARN] IP:2191 - RxBufferSize not found: check if there is a RefParameter without a condition.
2024-12-15 12:00:03,343 [WARN] IP:2191 - TxEventsNbr not found: check if there is a RefParameter without a condition.
2024-12-15 12:00:03,343 [WARN] IP:2191 - TxBuffersNbr not found: check if there is a RefParameter without a condition.
2024-12-15 12:00:03,343 [WARN] IP:2191 - TxFifoQueueElmtsNbr not found: check if there is a RefParameter without a condition.
2024-12-15 12:00:03,343 [WARN] IP:2191 - TxElmtSize not found: check if there is a RefParameter without a condition.
2024-12-15 12:00:03,343 [WARN] IP:2191 - ClockCalibrationCCU not found: check if there is a RefParameter without a condition.
2024-12-15 12:00:03,344 [WARN] IP:2191 - ClockDividerCCU not found: check if there is a RefParameter without a condition.
2024-12-15 12:00:03,344 [WARN] IP:2191 - MinOscClkPeriodsCCU not found: check if there is a RefParameter without a condition.
2024-12-15 12:00:03,344 [WARN] IP:2191 - TimeQuantaPerBitTimeCCU not found: check if there is a RefParameter without a condition.
2024-12-15 12:00:03,344 [WARN] IP:2191 - WatchdogStartValueCCU not found: check if there is a RefParameter without a condition.
2024-12-15 12:00:03,380 [INFO] NvicIntPanel:101 - NVIC parent = com.st.microxplorer.plugins.ip.nvic.MultiNvicIntPanel[,0,0,0x0,invalid,layout=javax.swing.BoxLayout,alignmentX=0.0,alignmentY=0.0,border=,flags=9,maximumSize=,minimumSize=,preferredSize=]
2024-12-15 12:00:07,679 [WARN] IP:2191 - MessageRAMOffset not found: check if there is a RefParameter without a condition.
2024-12-15 12:00:07,679 [WARN] IP:2191 - RxFifo0ElmtsNbr not found: check if there is a RefParameter without a condition.
2024-12-15 12:00:07,679 [WARN] IP:2191 - RxFifo0ElmtSize not found: check if there is a RefParameter without a condition.
2024-12-15 12:00:07,679 [WARN] IP:2191 - RxFifo1ElmtsNbr not found: check if there is a RefParameter without a condition.
2024-12-15 12:00:07,679 [WARN] IP:2191 - RxFifo1ElmtSize not found: check if there is a RefParameter without a condition.
2024-12-15 12:00:07,679 [WARN] IP:2191 - RxBuffersNbr not found: check if there is a RefParameter without a condition.
2024-12-15 12:00:07,679 [WARN] IP:2191 - RxBufferSize not found: check if there is a RefParameter without a condition.
2024-12-15 12:00:07,679 [WARN] IP:2191 - TxEventsNbr not found: check if there is a RefParameter without a condition.
2024-12-15 12:00:07,680 [WARN] IP:2191 - TxBuffersNbr not found: check if there is a RefParameter without a condition.
2024-12-15 12:00:07,680 [WARN] IP:2191 - TxFifoQueueElmtsNbr not found: check if there is a RefParameter without a condition.
2024-12-15 12:00:07,680 [WARN] IP:2191 - TxElmtSize not found: check if there is a RefParameter without a condition.
2024-12-15 12:00:07,680 [WARN] IP:2191 - ClockCalibrationCCU not found: check if there is a RefParameter without a condition.
2024-12-15 12:00:07,680 [WARN] IP:2191 - ClockDividerCCU not found: check if there is a RefParameter without a condition.
2024-12-15 12:00:07,680 [WARN] IP:2191 - MinOscClkPeriodsCCU not found: check if there is a RefParameter without a condition.
2024-12-15 12:00:07,680 [WARN] IP:2191 - TimeQuantaPerBitTimeCCU not found: check if there is a RefParameter without a condition.
2024-12-15 12:00:07,680 [WARN] IP:2191 - WatchdogStartValueCCU not found: check if there is a RefParameter without a condition.
2024-12-15 12:00:07,737 [INFO] NvicIntPanel:101 - NVIC parent = com.st.microxplorer.plugins.ip.nvic.MultiNvicIntPanel[,0,0,0x0,invalid,layout=javax.swing.BoxLayout,alignmentX=0.0,alignmentY=0.0,border=,flags=9,maximumSize=,minimumSize=,preferredSize=]
2024-12-15 12:00:07,953 [WARN] IP:2191 - MessageRAMOffset not found: check if there is a RefParameter without a condition.
2024-12-15 12:00:07,953 [WARN] IP:2191 - RxFifo0ElmtsNbr not found: check if there is a RefParameter without a condition.
2024-12-15 12:00:07,953 [WARN] IP:2191 - RxFifo0ElmtSize not found: check if there is a RefParameter without a condition.
2024-12-15 12:00:07,953 [WARN] IP:2191 - RxFifo1ElmtsNbr not found: check if there is a RefParameter without a condition.
2024-12-15 12:00:07,953 [WARN] IP:2191 - RxFifo1ElmtSize not found: check if there is a RefParameter without a condition.
2024-12-15 12:00:07,953 [WARN] IP:2191 - RxBuffersNbr not found: check if there is a RefParameter without a condition.
2024-12-15 12:00:07,953 [WARN] IP:2191 - RxBufferSize not found: check if there is a RefParameter without a condition.
2024-12-15 12:00:07,953 [WARN] IP:2191 - TxEventsNbr not found: check if there is a RefParameter without a condition.
2024-12-15 12:00:07,953 [WARN] IP:2191 - TxBuffersNbr not found: check if there is a RefParameter without a condition.
2024-12-15 12:00:07,953 [WARN] IP:2191 - TxFifoQueueElmtsNbr not found: check if there is a RefParameter without a condition.
2024-12-15 12:00:07,954 [WARN] IP:2191 - TxElmtSize not found: check if there is a RefParameter without a condition.
2024-12-15 12:00:07,954 [WARN] IP:2191 - ClockCalibrationCCU not found: check if there is a RefParameter without a condition.
2024-12-15 12:00:07,954 [WARN] IP:2191 - ClockDividerCCU not found: check if there is a RefParameter without a condition.
2024-12-15 12:00:07,954 [WARN] IP:2191 - MinOscClkPeriodsCCU not found: check if there is a RefParameter without a condition.
2024-12-15 12:00:07,954 [WARN] IP:2191 - TimeQuantaPerBitTimeCCU not found: check if there is a RefParameter without a condition.
2024-12-15 12:00:07,954 [WARN] IP:2191 - WatchdogStartValueCCU not found: check if there is a RefParameter without a condition.
2024-12-15 12:00:07,984 [INFO] NvicIntPanel:101 - NVIC parent = com.st.microxplorer.plugins.ip.nvic.MultiNvicIntPanel[,0,0,0x0,invalid,layout=javax.swing.BoxLayout,alignmentX=0.0,alignmentY=0.0,border=,flags=9,maximumSize=,minimumSize=,preferredSize=]
2024-12-15 12:00:30,097 [INFO] LogOutputStream:77 - [STDOUT_REDIRECT] Nominal 
2024-12-15 12:00:30,267 [WARN] IP:2191 - MessageRAMOffset not found: check if there is a RefParameter without a condition.
2024-12-15 12:00:30,267 [WARN] IP:2191 - RxFifo0ElmtsNbr not found: check if there is a RefParameter without a condition.
2024-12-15 12:00:30,268 [WARN] IP:2191 - RxFifo0ElmtSize not found: check if there is a RefParameter without a condition.
2024-12-15 12:00:30,268 [WARN] IP:2191 - RxFifo1ElmtsNbr not found: check if there is a RefParameter without a condition.
2024-12-15 12:00:30,268 [WARN] IP:2191 - RxFifo1ElmtSize not found: check if there is a RefParameter without a condition.
2024-12-15 12:00:30,268 [WARN] IP:2191 - RxBuffersNbr not found: check if there is a RefParameter without a condition.
2024-12-15 12:00:30,268 [WARN] IP:2191 - RxBufferSize not found: check if there is a RefParameter without a condition.
2024-12-15 12:00:30,268 [WARN] IP:2191 - TxEventsNbr not found: check if there is a RefParameter without a condition.
2024-12-15 12:00:30,268 [WARN] IP:2191 - TxBuffersNbr not found: check if there is a RefParameter without a condition.
2024-12-15 12:00:30,268 [WARN] IP:2191 - TxFifoQueueElmtsNbr not found: check if there is a RefParameter without a condition.
2024-12-15 12:00:30,268 [WARN] IP:2191 - TxElmtSize not found: check if there is a RefParameter without a condition.
2024-12-15 12:00:30,268 [WARN] IP:2191 - ClockCalibrationCCU not found: check if there is a RefParameter without a condition.
2024-12-15 12:00:30,268 [WARN] IP:2191 - ClockDividerCCU not found: check if there is a RefParameter without a condition.
2024-12-15 12:00:30,268 [WARN] IP:2191 - MinOscClkPeriodsCCU not found: check if there is a RefParameter without a condition.
2024-12-15 12:00:30,268 [WARN] IP:2191 - TimeQuantaPerBitTimeCCU not found: check if there is a RefParameter without a condition.
2024-12-15 12:00:30,268 [WARN] IP:2191 - WatchdogStartValueCCU not found: check if there is a RefParameter without a condition.
2024-12-15 12:00:30,397 [INFO] Middleware:612 - instanceName : USB_DEVICE bspName : BCD Detection check condition failed for : SEM_BCD_ENABLED
2024-12-15 12:00:30,397 [INFO] Middleware:612 - instanceName : USB_DEVICE bspName : BCD Detection check condition failed for : SEM_BCD_ENABLED
2024-12-15 12:00:30,397 [INFO] Middleware:612 - instanceName : USB_DEVICE bspName : BCD Detection check condition failed for : SEM_BCD_ENABLED
2024-12-15 12:00:30,397 [INFO] Middleware:612 - instanceName : USB_DEVICE bspName : BCD Detection check condition failed for : SEM_BCD_ENABLED
2024-12-15 12:00:30,397 [INFO] Middleware:612 - instanceName : USB_DEVICE bspName : BCD Detection check condition failed for : SEM_BCD_ENABLED
2024-12-15 12:00:30,397 [INFO] Middleware:612 - instanceName : USB_DEVICE bspName : BCD Detection check condition failed for : SEM_BCD_ENABLED
2024-12-15 12:00:30,397 [INFO] Middleware:612 - instanceName : USB_DEVICE bspName : BCD Detection check condition failed for : SEM_BCD_ENABLED
2024-12-15 12:00:30,397 [INFO] Middleware:612 - instanceName : USB_DEVICE bspName : BCD Detection check condition failed for : SEM_BCD_ENABLED
2024-12-15 12:00:30,397 [INFO] Middleware:612 - instanceName : USB_DEVICE bspName : BCD Detection check condition failed for : SEM_BCD_ENABLED
2024-12-15 12:00:30,397 [INFO] Middleware:612 - instanceName : USB_DEVICE bspName : BCD Detection check condition failed for : SEM_BCD_ENABLED
2024-12-15 12:00:30,397 [INFO] Middleware:612 - instanceName : USB_DEVICE bspName : BCD Detection check condition failed for : SEM_BCD_ENABLED
2024-12-15 12:00:30,397 [INFO] Middleware:612 - instanceName : USB_DEVICE bspName : BCD Detection check condition failed for : SEM_BCD_ENABLED
2024-12-15 12:00:30,398 [INFO] Middleware:612 - instanceName : USB_DEVICE bspName : BCD Detection check condition failed for : SEM_BCD_ENABLED
2024-12-15 12:00:30,398 [INFO] Middleware:612 - instanceName : USB_DEVICE bspName : BCD Detection check condition failed for : SEM_BCD_ENABLED
2024-12-15 12:00:30,398 [INFO] Middleware:612 - instanceName : USB_DEVICE bspName : BCD Detection check condition failed for : SEM_BCD_ENABLED
2024-12-15 12:00:30,398 [INFO] Middleware:612 - instanceName : USB_DEVICE bspName : BCD Detection check condition failed for : SEM_BCD_ENABLED
2024-12-15 12:00:30,434 [WARN] IP:2191 - MessageRAMOffset not found: check if there is a RefParameter without a condition.
2024-12-15 12:00:30,434 [WARN] IP:2191 - RxFifo0ElmtsNbr not found: check if there is a RefParameter without a condition.
2024-12-15 12:00:30,434 [WARN] IP:2191 - RxFifo0ElmtSize not found: check if there is a RefParameter without a condition.
2024-12-15 12:00:30,434 [WARN] IP:2191 - RxFifo1ElmtsNbr not found: check if there is a RefParameter without a condition.
2024-12-15 12:00:30,434 [WARN] IP:2191 - RxFifo1ElmtSize not found: check if there is a RefParameter without a condition.
2024-12-15 12:00:30,434 [WARN] IP:2191 - RxBuffersNbr not found: check if there is a RefParameter without a condition.
2024-12-15 12:00:30,434 [WARN] IP:2191 - RxBufferSize not found: check if there is a RefParameter without a condition.
2024-12-15 12:00:30,434 [WARN] IP:2191 - TxEventsNbr not found: check if there is a RefParameter without a condition.
2024-12-15 12:00:30,434 [WARN] IP:2191 - TxBuffersNbr not found: check if there is a RefParameter without a condition.
2024-12-15 12:00:30,434 [WARN] IP:2191 - TxFifoQueueElmtsNbr not found: check if there is a RefParameter without a condition.
2024-12-15 12:00:30,436 [WARN] IP:2191 - TxElmtSize not found: check if there is a RefParameter without a condition.
2024-12-15 12:00:30,436 [WARN] IP:2191 - ClockCalibrationCCU not found: check if there is a RefParameter without a condition.
2024-12-15 12:00:30,436 [WARN] IP:2191 - ClockDividerCCU not found: check if there is a RefParameter without a condition.
2024-12-15 12:00:30,436 [WARN] IP:2191 - MinOscClkPeriodsCCU not found: check if there is a RefParameter without a condition.
2024-12-15 12:00:30,436 [WARN] IP:2191 - TimeQuantaPerBitTimeCCU not found: check if there is a RefParameter without a condition.
2024-12-15 12:00:30,436 [WARN] IP:2191 - WatchdogStartValueCCU not found: check if there is a RefParameter without a condition.
2024-12-15 12:00:37,323 [INFO] LogOutputStream:77 - [STDOUT_REDIRECT] Nominal 
2024-12-15 12:00:43,361 [WARN] IP:2191 - MessageRAMOffset not found: check if there is a RefParameter without a condition.
2024-12-15 12:00:43,361 [WARN] IP:2191 - RxFifo0ElmtsNbr not found: check if there is a RefParameter without a condition.
2024-12-15 12:00:43,361 [WARN] IP:2191 - RxFifo0ElmtSize not found: check if there is a RefParameter without a condition.
2024-12-15 12:00:43,361 [WARN] IP:2191 - RxFifo1ElmtsNbr not found: check if there is a RefParameter without a condition.
2024-12-15 12:00:43,361 [WARN] IP:2191 - RxFifo1ElmtSize not found: check if there is a RefParameter without a condition.
2024-12-15 12:00:43,361 [WARN] IP:2191 - RxBuffersNbr not found: check if there is a RefParameter without a condition.
2024-12-15 12:00:43,361 [WARN] IP:2191 - RxBufferSize not found: check if there is a RefParameter without a condition.
2024-12-15 12:00:43,362 [WARN] IP:2191 - TxEventsNbr not found: check if there is a RefParameter without a condition.
2024-12-15 12:00:43,362 [WARN] IP:2191 - TxBuffersNbr not found: check if there is a RefParameter without a condition.
2024-12-15 12:00:43,362 [WARN] IP:2191 - TxFifoQueueElmtsNbr not found: check if there is a RefParameter without a condition.
2024-12-15 12:00:43,362 [WARN] IP:2191 - TxElmtSize not found: check if there is a RefParameter without a condition.
2024-12-15 12:00:43,362 [WARN] IP:2191 - ClockCalibrationCCU not found: check if there is a RefParameter without a condition.
2024-12-15 12:00:43,362 [WARN] IP:2191 - ClockDividerCCU not found: check if there is a RefParameter without a condition.
2024-12-15 12:00:43,362 [WARN] IP:2191 - MinOscClkPeriodsCCU not found: check if there is a RefParameter without a condition.
2024-12-15 12:00:43,362 [WARN] IP:2191 - TimeQuantaPerBitTimeCCU not found: check if there is a RefParameter without a condition.
2024-12-15 12:00:43,362 [WARN] IP:2191 - WatchdogStartValueCCU not found: check if there is a RefParameter without a condition.
2024-12-15 12:00:43,412 [INFO] NvicIntPanel:101 - NVIC parent = com.st.microxplorer.plugins.ip.nvic.MultiNvicIntPanel[,0,0,0x0,invalid,layout=javax.swing.BoxLayout,alignmentX=0.0,alignmentY=0.0,border=,flags=9,maximumSize=,minimumSize=,preferredSize=]
2024-12-15 12:00:43,591 [WARN] IP:2191 - MessageRAMOffset not found: check if there is a RefParameter without a condition.
2024-12-15 12:00:43,591 [WARN] IP:2191 - RxFifo0ElmtsNbr not found: check if there is a RefParameter without a condition.
2024-12-15 12:00:43,591 [WARN] IP:2191 - RxFifo0ElmtSize not found: check if there is a RefParameter without a condition.
2024-12-15 12:00:43,591 [WARN] IP:2191 - RxFifo1ElmtsNbr not found: check if there is a RefParameter without a condition.
2024-12-15 12:00:43,591 [WARN] IP:2191 - RxFifo1ElmtSize not found: check if there is a RefParameter without a condition.
2024-12-15 12:00:43,591 [WARN] IP:2191 - RxBuffersNbr not found: check if there is a RefParameter without a condition.
2024-12-15 12:00:43,591 [WARN] IP:2191 - RxBufferSize not found: check if there is a RefParameter without a condition.
2024-12-15 12:00:43,591 [WARN] IP:2191 - TxEventsNbr not found: check if there is a RefParameter without a condition.
2024-12-15 12:00:43,591 [WARN] IP:2191 - TxBuffersNbr not found: check if there is a RefParameter without a condition.
2024-12-15 12:00:43,591 [WARN] IP:2191 - TxFifoQueueElmtsNbr not found: check if there is a RefParameter without a condition.
2024-12-15 12:00:43,591 [WARN] IP:2191 - TxElmtSize not found: check if there is a RefParameter without a condition.
2024-12-15 12:00:43,591 [WARN] IP:2191 - ClockCalibrationCCU not found: check if there is a RefParameter without a condition.
2024-12-15 12:00:43,591 [WARN] IP:2191 - ClockDividerCCU not found: check if there is a RefParameter without a condition.
2024-12-15 12:00:43,591 [WARN] IP:2191 - MinOscClkPeriodsCCU not found: check if there is a RefParameter without a condition.
2024-12-15 12:00:43,592 [WARN] IP:2191 - TimeQuantaPerBitTimeCCU not found: check if there is a RefParameter without a condition.
2024-12-15 12:00:43,592 [WARN] IP:2191 - WatchdogStartValueCCU not found: check if there is a RefParameter without a condition.
2024-12-15 12:00:43,611 [INFO] NvicIntPanel:101 - NVIC parent = com.st.microxplorer.plugins.ip.nvic.MultiNvicIntPanel[,0,0,0x0,invalid,layout=javax.swing.BoxLayout,alignmentX=0.0,alignmentY=0.0,border=,flags=9,maximumSize=,minimumSize=,preferredSize=]
2024-12-15 12:00:46,125 [INFO] UtilMem:75 - End SaveConfig() Used Memory: 831565616 Bytes (1073741824)
2024-12-15 12:00:48,008 [INFO] UtilMem:75 - End SaveConfig() Used Memory: 857257776 Bytes (1073741824)
2024-12-15 12:00:49,473 [INFO] UtilMem:75 - End SaveConfig() Used Memory: 862992144 Bytes (1073741824)
2024-12-15 12:00:49,975 [INFO] BlockDiagram:2766 - set Specific Code input for plugin: USB_Device
2024-12-15 12:00:49,975 [INFO] BlockDiagram:2766 - set Specific Code input for plugin: SYS
2024-12-15 12:00:49,975 [INFO] BlockDiagram:2766 - set Specific Code input for plugin: RCC
2024-12-15 12:00:49,975 [INFO] BlockDiagram:2766 - set Specific Code input for plugin: NVIC
2024-12-15 12:00:49,975 [INFO] BlockDiagram:2766 - set Specific Code input for plugin: USB
2024-12-15 12:00:49,976 [INFO] BlockDiagram:2766 - set Specific Code input for plugin: GPIO
2024-12-15 12:00:49,976 [INFO] BlockDiagram:2766 - set Specific Code input for plugin: FDCAN
2024-12-15 12:00:49,978 [INFO] CodeGenerator:807 - code generatio: config db path: C:\ST\STM32CubeIDE_1.16.1\STM32CubeIDE\plugins\com.st.stm32cube.common.mx_6.12.1.202409122256\\db\
2024-12-15 12:00:49,981 [WARN] IP:2191 - MessageRAMOffset not found: check if there is a RefParameter without a condition.
2024-12-15 12:00:49,982 [WARN] IP:2191 - RxFifo0ElmtsNbr not found: check if there is a RefParameter without a condition.
2024-12-15 12:00:49,982 [WARN] IP:2191 - RxFifo0ElmtSize not found: check if there is a RefParameter without a condition.
2024-12-15 12:00:49,982 [WARN] IP:2191 - RxFifo1ElmtsNbr not found: check if there is a RefParameter without a condition.
2024-12-15 12:00:49,982 [WARN] IP:2191 - RxFifo1ElmtSize not found: check if there is a RefParameter without a condition.
2024-12-15 12:00:49,982 [WARN] IP:2191 - RxBuffersNbr not found: check if there is a RefParameter without a condition.
2024-12-15 12:00:49,982 [WARN] IP:2191 - RxBufferSize not found: check if there is a RefParameter without a condition.
2024-12-15 12:00:49,982 [WARN] IP:2191 - TxEventsNbr not found: check if there is a RefParameter without a condition.
2024-12-15 12:00:49,982 [WARN] IP:2191 - TxBuffersNbr not found: check if there is a RefParameter without a condition.
2024-12-15 12:00:49,982 [WARN] IP:2191 - TxFifoQueueElmtsNbr not found: check if there is a RefParameter without a condition.
2024-12-15 12:00:49,982 [WARN] IP:2191 - TxElmtSize not found: check if there is a RefParameter without a condition.
2024-12-15 12:00:49,982 [WARN] IP:2191 - ClockCalibrationCCU not found: check if there is a RefParameter without a condition.
2024-12-15 12:00:49,983 [WARN] IP:2191 - ClockDividerCCU not found: check if there is a RefParameter without a condition.
2024-12-15 12:00:49,983 [WARN] IP:2191 - MinOscClkPeriodsCCU not found: check if there is a RefParameter without a condition.
2024-12-15 12:00:49,983 [WARN] IP:2191 - TimeQuantaPerBitTimeCCU not found: check if there is a RefParameter without a condition.
2024-12-15 12:00:49,984 [WARN] IP:2191 - WatchdogStartValueCCU not found: check if there is a RefParameter without a condition.
2024-12-15 12:00:50,176 [INFO] CodeEngine:255 - oldGeneratedFile, C:\Users\leona\Documents\UBM\GitLab\Precharge_Control\ST\USB2CAN\MXTmpFiles\license.tmp_save
2024-12-15 12:00:50,345 [INFO] CodeEngine:279 - Generated code: C:\Users\leona\Documents\UBM\GitLab\Precharge_Control\ST\USB2CAN\MXTmpFiles\license.tmp
2024-12-15 12:00:50,461 [INFO] CodeEngine:255 - oldGeneratedFile, C:\Users\leona\Documents\UBM\GitLab\Precharge_Control\ST\USB2CAN\Core\Src\gpio.c_save
2024-12-15 12:00:50,608 [INFO] CodeEngine:279 - Generated code: C:\Users\leona\Documents\UBM\GitLab\Precharge_Control\ST\USB2CAN\Core\Src\gpio.c
2024-12-15 12:00:50,621 [INFO] CodeEngine:255 - oldGeneratedFile, C:\Users\leona\Documents\UBM\GitLab\Precharge_Control\ST\USB2CAN\Core\Inc\gpio.h_save
2024-12-15 12:00:50,758 [INFO] CodeEngine:279 - Generated code: C:\Users\leona\Documents\UBM\GitLab\Precharge_Control\ST\USB2CAN\Core\Inc\gpio.h
2024-12-15 12:00:50,823 [INFO] CodeEngine:255 - oldGeneratedFile, C:\Users\leona\Documents\UBM\GitLab\Precharge_Control\ST\USB2CAN\MXTmpFiles\usb_vars.tmp_save
2024-12-15 12:00:50,963 [INFO] CodeEngine:279 - Generated code: C:\Users\leona\Documents\UBM\GitLab\Precharge_Control\ST\USB2CAN\MXTmpFiles\usb_vars.tmp
2024-12-15 12:00:50,973 [INFO] CodeEngine:255 - oldGeneratedFile, C:\Users\leona\Documents\UBM\GitLab\Precharge_Control\ST\USB2CAN\MXTmpFiles\usb_inc.tmp_save
2024-12-15 12:00:51,104 [INFO] CodeEngine:279 - Generated code: C:\Users\leona\Documents\UBM\GitLab\Precharge_Control\ST\USB2CAN\MXTmpFiles\usb_inc.tmp
2024-12-15 12:00:51,111 [INFO] CodeEngine:255 - oldGeneratedFile, C:\Users\leona\Documents\UBM\GitLab\Precharge_Control\ST\USB2CAN\MXTmpFiles\usb_HalInit.tmp_save
2024-12-15 12:00:51,279 [INFO] CodeEngine:279 - Generated code: C:\Users\leona\Documents\UBM\GitLab\Precharge_Control\ST\USB2CAN\MXTmpFiles\usb_HalInit.tmp
2024-12-15 12:00:51,288 [INFO] CodeEngine:255 - oldGeneratedFile, C:\Users\leona\Documents\UBM\GitLab\Precharge_Control\ST\USB2CAN\MXTmpFiles\usb_Msp.tmp_save
2024-12-15 12:00:51,450 [INFO] CodeEngine:279 - Generated code: C:\Users\leona\Documents\UBM\GitLab\Precharge_Control\ST\USB2CAN\MXTmpFiles\usb_Msp.tmp
2024-12-15 12:00:51,644 [INFO] Middleware:1439 - No code input for Bsp Dependency
2024-12-15 12:00:51,661 [INFO] CodeEngine:255 - oldGeneratedFile, C:\Users\leona\Documents\UBM\GitLab\Precharge_Control\ST\USB2CAN\Core\Src\fdcan.c_save
2024-12-15 12:00:51,855 [INFO] CodeEngine:279 - Generated code: C:\Users\leona\Documents\UBM\GitLab\Precharge_Control\ST\USB2CAN\Core\Src\fdcan.c
2024-12-15 12:00:51,866 [INFO] CodeEngine:255 - oldGeneratedFile, C:\Users\leona\Documents\UBM\GitLab\Precharge_Control\ST\USB2CAN\Core\Inc\fdcan.h_save
2024-12-15 12:00:51,997 [INFO] CodeEngine:279 - Generated code: C:\Users\leona\Documents\UBM\GitLab\Precharge_Control\ST\USB2CAN\Core\Inc\fdcan.h
2024-12-15 12:00:52,023 [INFO] Middleware:1439 - No code input for Bsp Dependency
2024-12-15 12:00:52,039 [INFO] CodeEngine:255 - oldGeneratedFile, C:\Users\leona\Documents\UBM\GitLab\Precharge_Control\ST\USB2CAN\USB_Device\App\usb_device.c_save
2024-12-15 12:00:52,219 [INFO] CodeEngine:279 - Generated code: C:\Users\leona\Documents\UBM\GitLab\Precharge_Control\ST\USB2CAN\USB_Device\App\usb_device.c
2024-12-15 12:00:52,232 [INFO] CodeEngine:255 - oldGeneratedFile, C:\Users\leona\Documents\UBM\GitLab\Precharge_Control\ST\USB2CAN\USB_Device\App\usb_device.h_save
2024-12-15 12:00:52,375 [INFO] CodeEngine:279 - Generated code: C:\Users\leona\Documents\UBM\GitLab\Precharge_Control\ST\USB2CAN\USB_Device\App\usb_device.h
2024-12-15 12:00:52,389 [INFO] CodeEngine:255 - oldGeneratedFile, C:\Users\leona\Documents\UBM\GitLab\Precharge_Control\ST\USB2CAN\USB_Device\Target\usbd_conf.h_save
2024-12-15 12:00:52,513 [INFO] CodeEngine:279 - Generated code: C:\Users\leona\Documents\UBM\GitLab\Precharge_Control\ST\USB2CAN\USB_Device\Target\usbd_conf.h
2024-12-15 12:00:52,524 [INFO] CodeEngine:255 - oldGeneratedFile, C:\Users\leona\Documents\UBM\GitLab\Precharge_Control\ST\USB2CAN\USB_Device\Target\usbd_conf.c_save
2024-12-15 12:00:52,668 [INFO] CodeEngine:279 - Generated code: C:\Users\leona\Documents\UBM\GitLab\Precharge_Control\ST\USB2CAN\USB_Device\Target\usbd_conf.c
2024-12-15 12:00:52,680 [INFO] CodeEngine:255 - oldGeneratedFile, C:\Users\leona\Documents\UBM\GitLab\Precharge_Control\ST\USB2CAN\USB_Device\App\usbd_desc.h_save
2024-12-15 12:00:52,787 [INFO] CodeEngine:279 - Generated code: C:\Users\leona\Documents\UBM\GitLab\Precharge_Control\ST\USB2CAN\USB_Device\App\usbd_desc.h
2024-12-15 12:00:52,798 [INFO] CodeEngine:255 - oldGeneratedFile, C:\Users\leona\Documents\UBM\GitLab\Precharge_Control\ST\USB2CAN\USB_Device\App\usbd_desc.c_save
2024-12-15 12:00:52,910 [INFO] CodeEngine:279 - Generated code: C:\Users\leona\Documents\UBM\GitLab\Precharge_Control\ST\USB2CAN\USB_Device\App\usbd_desc.c
2024-12-15 12:00:52,921 [INFO] CodeEngine:255 - oldGeneratedFile, C:\Users\leona\Documents\UBM\GitLab\Precharge_Control\ST\USB2CAN\USB_Device\App\usbd_cdc_if.h_save
2024-12-15 12:00:53,027 [INFO] CodeEngine:279 - Generated code: C:\Users\leona\Documents\UBM\GitLab\Precharge_Control\ST\USB2CAN\USB_Device\App\usbd_cdc_if.h
2024-12-15 12:00:53,038 [INFO] CodeEngine:255 - oldGeneratedFile, C:\Users\leona\Documents\UBM\GitLab\Precharge_Control\ST\USB2CAN\USB_Device\App\usbd_cdc_if.c_save
2024-12-15 12:00:53,164 [INFO] CodeEngine:279 - Generated code: C:\Users\leona\Documents\UBM\GitLab\Precharge_Control\ST\USB2CAN\USB_Device\App\usbd_cdc_if.c
2024-12-15 12:00:53,190 [INFO] CodeEngine:255 - oldGeneratedFile, C:\Users\leona\Documents\UBM\GitLab\Precharge_Control\ST\USB2CAN\Core\Src\stm32g4xx_it.c_save
2024-12-15 12:00:53,431 [INFO] CodeEngine:279 - Generated code: C:\Users\leona\Documents\UBM\GitLab\Precharge_Control\ST\USB2CAN\Core\Src\stm32g4xx_it.c
2024-12-15 12:00:53,444 [INFO] CodeEngine:255 - oldGeneratedFile, C:\Users\leona\Documents\UBM\GitLab\Precharge_Control\ST\USB2CAN\Core\Inc\stm32g4xx_it.h_save
2024-12-15 12:00:53,593 [INFO] CodeEngine:279 - Generated code: C:\Users\leona\Documents\UBM\GitLab\Precharge_Control\ST\USB2CAN\Core\Inc\stm32g4xx_it.h
2024-12-15 12:00:53,624 [INFO] CodeEngine:255 - oldGeneratedFile, C:\Users\leona\Documents\UBM\GitLab\Precharge_Control\ST\USB2CAN\Core\Src\stm32g4xx_hal_msp.c_save
2024-12-15 12:00:53,811 [INFO] CodeEngine:279 - Generated code: C:\Users\leona\Documents\UBM\GitLab\Precharge_Control\ST\USB2CAN\Core\Src\stm32g4xx_hal_msp.c
2024-12-15 12:00:53,819 [INFO] CodeEngine:255 - oldGeneratedFile, C:\Users\leona\Documents\UBM\GitLab\Precharge_Control\ST\USB2CAN\MXTmpFiles\system.tmp_save
2024-12-15 12:00:53,986 [INFO] CodeEngine:279 - Generated code: C:\Users\leona\Documents\UBM\GitLab\Precharge_Control\ST\USB2CAN\MXTmpFiles\system.tmp
2024-12-15 12:00:54,011 [INFO] CodeEngine:311 - oldGeneratedFile, C:\Users\leona\Documents\UBM\GitLab\Precharge_Control\ST\USB2CAN\Core\Inc\stm32g4xx_hal_conf.h_save
2024-12-15 12:00:54,160 [INFO] CodeEngine:335 - Generated code: C:\Users\leona\Documents\UBM\GitLab\Precharge_Control\ST\USB2CAN\Core\Inc\stm32g4xx_hal_conf.h
2024-12-15 12:00:54,191 [WARN] IPConfigManager:3005 - Warning: the RefConfig RCC_CommonPeriphClockConfig is not available in your config.xml file
2024-12-15 12:00:54,215 [INFO] CodeEngine:255 - oldGeneratedFile, C:\Users\leona\Documents\UBM\GitLab\Precharge_Control\ST\USB2CAN\Core\Inc\main.h_save
2024-12-15 12:00:54,368 [INFO] CodeEngine:279 - Generated code: C:\Users\leona\Documents\UBM\GitLab\Precharge_Control\ST\USB2CAN\Core\Inc\main.h
2024-12-15 12:00:54,383 [INFO] CodeEngine:255 - oldGeneratedFile, C:\Users\leona\Documents\UBM\GitLab\Precharge_Control\ST\USB2CAN\Core\Src\main.c_save
2024-12-15 12:00:54,596 [INFO] CodeEngine:279 - Generated code: C:\Users\leona\Documents\UBM\GitLab\Precharge_Control\ST\USB2CAN\Core\Src\main.c
2024-12-15 12:00:55,332 [INFO] ProjectBuilder:3249 - Time for Copy HAL[1] : 361mS.
2024-12-15 12:00:55,346 [INFO] ProjectBuilder:4828 - Project Generator version: 4.5.0-B34
2024-12-15 12:00:55,527 [INFO] ConfigFileManager:1531 - The Die is : DIE468
2024-12-15 12:00:55,531 [INFO] ApiDbMcu:508 - Load IP Config File for FATFS
2024-12-15 12:00:55,540 [INFO] ApiDbMcu:508 - Load IP Config File for FREERTOS
2024-12-15 12:00:55,550 [INFO] ApiDbMcu:508 - Load IP Config File for USBPD
2024-12-15 12:00:58,097 [INFO] ProjectBuilder:5097 - Time for Generating toolchain IDE Files: 2751mS.
2024-12-15 12:00:58,098 [INFO] ProjectBuilder:3107 - Time for Copy CMSIS : 1mS.
2024-12-15 12:00:58,117 [INFO] ProjectBuilder:3107 - Time for Copy CMSIS : 1mS.
2024-12-15 12:03:11,799 [ERROR] ConfigurationRetriever:142 - IOException on connection: Read timed out
2024-12-15 12:03:14,371 [ERROR] ConfigurationRetriever:142 - IOException on connection: Read timed out
2024-12-15 13:33:33,012 [ERROR] LogOutputStream:75 - [STDERR_REDIRECT] 
2024-12-15 13:33:53,169 [INFO] Activator:176 - 


2024-12-15 13:33:53,174 [INFO] Activator:177 - !SESSION log4j initialized
2024-12-15 13:34:02,776 [INFO] LogOutputStream:77 - [STDOUT_REDIRECT] 
2024-12-15 13:34:10,241 [INFO] ApplicationProperties:184 - Using Application install path: C:\ST\STM32CubeIDE_1.16.1\STM32CubeIDE\plugins\com.st.stm32cube.common.mx_6.12.1.202409122256
2024-12-15 13:34:10,281 [INFO] DbMcusXml:78 - Set database path to: C:\ST\STM32CubeIDE_1.16.1\STM32CubeIDE\plugins\com.st.stm32cube.common.mx_6.12.1.202409122256\\db\/mcu/
2024-12-15 13:34:10,282 [INFO] ApiDb:274 - Set plugin database path to: C:\ST\STM32CubeIDE_1.16.1\STM32CubeIDE\plugins\com.st.stm32cube.common.mx_6.12.1.202409122256\\db\/plugins/boardmanager/
2024-12-15 13:34:10,282 [WARN] ApiDb:259 - Overriding images path with different value:  => C:\ST\STM32CubeIDE_1.16.1\STM32CubeIDE\plugins\com.st.stm32cube.common.mx_6.12.1.202409122256\\db\/plugins/mcufinder/images/
2024-12-15 13:34:10,295 [INFO] ApiDb:250 - Set database path to: C:\Users\leona\.stmcufinder\plugins\mcufinder//mcu/
2024-12-15 13:34:10,296 [INFO] DbMcusAds:125 - Set database path to: C:\Users\leona\.stmcufinder\plugins\mcufinder//mcu/
2024-12-15 13:34:10,301 [INFO] CrossReferenceDbSqlite:203 - Set database path to: C:\Users\leona\.stmcufinder\plugins\mcufinder//mcu/cs/
2024-12-15 13:34:10,530 [INFO] RulesReader:64 - Compatibility file has been processed (297 Rules)
2024-12-15 13:34:10,679 [INFO] DbMcusXml:78 - Set database path to: C:\ST\STM32CubeIDE_1.16.1\STM32CubeIDE\plugins\com.st.stm32cube.common.mx_6.12.1.202409122256\\db\/mcu/
2024-12-15 13:34:10,679 [INFO] ApiDb:274 - Set plugin database path to: C:\ST\STM32CubeIDE_1.16.1\STM32CubeIDE\plugins\com.st.stm32cube.common.mx_6.12.1.202409122256\\db\/plugins/boardmanager/
2024-12-15 13:34:10,679 [INFO] ApiDb:261 - Set plugin images path to: C:\ST\STM32CubeIDE_1.16.1\STM32CubeIDE\plugins\com.st.stm32cube.common.mx_6.12.1.202409122256\\db\/plugins/mcufinder/images/
2024-12-15 13:34:10,680 [WARN] DbFile:41 - Overriding database path with different value: C:\Users\leona\.stmcufinder\plugins\mcufinder/ => C:\Users\leona\.stmcufinder\plugins\mcufinder
2024-12-15 13:34:10,680 [INFO] ApiDb:250 - Set database path to: C:\Users\leona\.stmcufinder\plugins\mcufinder//mcu/
2024-12-15 13:34:10,680 [WARN] DbFile:41 - Overriding database path with different value: C:\Users\leona\.stmcufinder\plugins\mcufinder/ => C:\Users\leona\.stmcufinder\plugins\mcufinder
2024-12-15 13:34:10,680 [INFO] DbMcusAds:125 - Set database path to: C:\Users\leona\.stmcufinder\plugins\mcufinder//mcu/
2024-12-15 13:34:10,680 [WARN] DbFile:41 - Overriding database path with different value: C:\Users\leona\.stmcufinder\plugins\mcufinder/ => C:\Users\leona\.stmcufinder\plugins\mcufinder
2024-12-15 13:34:10,680 [WARN] DbFile:41 - Overriding database path with different value: C:\Users\leona\.stmcufinder\plugins\mcufinder/ => C:\Users\leona\.stmcufinder\plugins\mcufinder
2024-12-15 13:34:10,681 [INFO] CrossReferenceDbSqlite:203 - Set database path to: C:\Users\leona\.stmcufinder\plugins\mcufinder//mcu/cs/
2024-12-15 13:34:10,855 [INFO] MainPanel:268 - HeapMemory: 268435456
2024-12-15 13:34:11,046 [INFO] DbMcusXml:78 - Set database path to: C:\ST\STM32CubeIDE_1.16.1\STM32CubeIDE\plugins\com.st.stm32cube.common.mx_6.12.1.202409122256\\db\/mcu/
2024-12-15 13:34:11,046 [INFO] ApiDb:274 - Set plugin database path to: C:\ST\STM32CubeIDE_1.16.1\STM32CubeIDE\plugins\com.st.stm32cube.common.mx_6.12.1.202409122256\\db\/plugins/boardmanager/
2024-12-15 13:34:11,047 [INFO] ApiDb:261 - Set plugin images path to: C:\ST\STM32CubeIDE_1.16.1\STM32CubeIDE\plugins\com.st.stm32cube.common.mx_6.12.1.202409122256\\db\/plugins/mcufinder/images/
2024-12-15 13:34:11,048 [WARN] DbFile:41 - Overriding database path with different value: C:\Users\leona\.stmcufinder\plugins\mcufinder/ => C:\Users\leona\.stmcufinder\plugins\mcufinder
2024-12-15 13:34:11,048 [INFO] ApiDb:250 - Set database path to: C:\Users\leona\.stmcufinder\plugins\mcufinder//mcu/
2024-12-15 13:34:11,048 [WARN] DbFile:41 - Overriding database path with different value: C:\Users\leona\.stmcufinder\plugins\mcufinder/ => C:\Users\leona\.stmcufinder\plugins\mcufinder
2024-12-15 13:34:11,049 [INFO] DbMcusAds:125 - Set database path to: C:\Users\leona\.stmcufinder\plugins\mcufinder//mcu/
2024-12-15 13:34:11,049 [WARN] DbFile:41 - Overriding database path with different value: C:\Users\leona\.stmcufinder\plugins\mcufinder/ => C:\Users\leona\.stmcufinder\plugins\mcufinder
2024-12-15 13:34:11,049 [WARN] DbFile:41 - Overriding database path with different value: C:\Users\leona\.stmcufinder\plugins\mcufinder/ => C:\Users\leona\.stmcufinder\plugins\mcufinder
2024-12-15 13:34:11,049 [INFO] CrossReferenceDbSqlite:203 - Set database path to: C:\Users\leona\.stmcufinder\plugins\mcufinder//mcu/cs/
2024-12-15 13:34:11,086 [INFO] ApplicationProperties:184 - Using Application install path: C:\ST\STM32CubeIDE_1.16.1\STM32CubeIDE\plugins\com.st.stm32cube.common.mx_6.12.1.202409122256
2024-12-15 13:34:11,088 [INFO] PluginManage:196 - Search for loadable plugins [exclusion list=, ]
2024-12-15 13:34:11,091 [INFO] PluginManage:310 - Check plugin analytics
2024-12-15 13:34:16,015 [INFO] AnalyticsPlugin:253 - Accepted Software Licenses: STM32CubeMX.6.12.1
2024-12-15 13:34:16,015 [INFO] AnalyticsPlugin:255 - Accepted CMSIS Pack Licenses: 
2024-12-15 13:34:16,016 [INFO] AnalyticsPlugin:257 - Accepted Firmware Licenses: FW.F4.1.27.0,FW.L4.1.18.0,FW.F4.1.28.0,FW.WL.1.3.0,FW.G4.1.6.0,FW.U5.1.6.0
2024-12-15 13:34:16,023 [INFO] PluginManage:359 - Loaded plugin analytics (category:tool,tabindex:-1)
2024-12-15 13:34:16,023 [INFO] PluginManage:310 - Check plugin cadmodel
2024-12-15 13:34:16,039 [INFO] CADModel:105 - Init CAD model plugin
2024-12-15 13:34:16,039 [INFO] PluginManage:359 - Loaded plugin cadmodel (category:power,tabindex:5)
2024-12-15 13:34:16,040 [INFO] PluginManage:310 - Check plugin clock
2024-12-15 13:34:16,057 [INFO] PluginManage:359 - Loaded plugin clock (category:base,tabindex:2)
2024-12-15 13:34:16,058 [INFO] PluginManage:310 - Check plugin ddr
2024-12-15 13:34:16,063 [INFO] PluginManage:359 - Loaded plugin ddr (category:tool,tabindex:6)
2024-12-15 13:34:16,064 [INFO] PluginManage:310 - Check plugin filemanager
2024-12-15 13:34:16,414 [INFO] PluginManage:359 - Loaded plugin filemanager (category:base,tabindex:10)
2024-12-15 13:34:16,415 [INFO] PluginManage:310 - Check plugin ipmanager
2024-12-15 13:34:16,429 [INFO] PluginManage:359 - Loaded plugin ipmanager (category:base,tabindex:5)
2024-12-15 13:34:16,429 [INFO] PluginManage:310 - Check plugin lpbam
2024-12-15 13:34:16,448 [INFO] PluginManage:359 - Loaded plugin lpbam (category:base,tabindex:0)
2024-12-15 13:34:16,448 [INFO] PluginManage:310 - Check plugin memorymap
2024-12-15 13:34:16,496 [INFO] PluginManage:359 - Loaded plugin memorymap (category:base,tabindex:4)
2024-12-15 13:34:16,497 [INFO] PluginManage:310 - Check plugin pinoutandconfiguration
2024-12-15 13:34:16,514 [INFO] PluginManage:359 - Loaded plugin pinoutandconfiguration (category:base,tabindex:1)
2024-12-15 13:34:16,515 [INFO] PluginManage:310 - Check plugin pinoutconfig
2024-12-15 13:34:16,720 [WARN] SupportedApi:132 - Cannot load RTOS API schema: s4s-elt-must-match.1: The content of 'definitions' must match (annotation?, (simpleType | complexType)?, (unique | key | keyref)*)). A problem was found starting at: attribute.
2024-12-15 13:34:17,018 [INFO] PluginManage:359 - Loaded plugin pinoutconfig (category:base,tabindex:0)
2024-12-15 13:34:17,019 [INFO] PluginManage:310 - Check plugin power
2024-12-15 13:34:17,040 [INFO] PluginManage:359 - Loaded plugin power (category:power,tabindex:4)
2024-12-15 13:34:17,040 [INFO] PluginManage:310 - Check plugin projectmanager
2024-12-15 13:34:17,081 [INFO] PluginManage:359 - Loaded plugin projectmanager (category:projectmanager,tabindex:4)
2024-12-15 13:34:17,081 [INFO] PluginManage:310 - Check plugin rif
2024-12-15 13:34:17,094 [INFO] PluginManage:359 - Loaded plugin rif (category:base,tabindex:3)
2024-12-15 13:34:17,095 [INFO] PluginManage:310 - Check plugin thirdparty
2024-12-15 13:34:17,420 [INFO] PluginManage:359 - Loaded plugin thirdparty (category:base,tabindex:-1)
2024-12-15 13:34:17,420 [INFO] PluginManage:310 - Check plugin tools
2024-12-15 13:34:17,420 [WARN] IntegrityCheckThread:84 - waiting for thirdparty lock release [integrity check]
2024-12-15 13:34:17,426 [INFO] IntegrityCheckThread:86 - entering critical section [integrity check]
2024-12-15 13:34:17,426 [INFO] PluginManage:359 - Loaded plugin tools (category:base,tabindex:7)
2024-12-15 13:34:17,426 [INFO] PluginManage:310 - Check plugin tutovideos
2024-12-15 13:34:17,429 [INFO] ThirdPartyUpdaterWithRetryManager:70 - Updater plugin not ready yet. [1/15]
2024-12-15 13:34:17,820 [INFO] PluginManage:359 - Loaded plugin tutovideos (category:base,tabindex:-1)
2024-12-15 13:34:17,820 [INFO] PluginManage:310 - Check plugin updater
2024-12-15 13:34:17,857 [INFO] PluginManage:359 - Loaded plugin updater (category:base,tabindex:12)
2024-12-15 13:34:17,858 [INFO] PluginManage:310 - Check plugin userauth
2024-12-15 13:34:17,869 [INFO] UserAuth:113 - Init User Auth plugin
2024-12-15 13:34:17,869 [INFO] PluginManage:359 - Loaded plugin userauth (category:base,tabindex:14)
2024-12-15 13:34:17,870 [INFO] PluginManage:283 - PluginManage : Loaded plugins [18]
2024-12-15 13:34:18,316 [INFO] PinOutPanel:1561 - setPackage(No Configuration,No Configuration)
2024-12-15 13:34:18,475 [INFO] CADModel:165 - CPN selected for project level
2024-12-15 13:34:18,475 [INFO] CADModel:114 - Register for checkConnection events
2024-12-15 13:34:18,506 [INFO] IPUIPlugin:80 - create IPUIPlugin
2024-12-15 13:34:18,506 [INFO] PluginManager:220 - loadIPPluginJar : add adc
2024-12-15 13:34:18,511 [INFO] IPUIPlugin:80 - create IPUIPlugin
2024-12-15 13:34:18,511 [INFO] PluginManager:220 - loadIPPluginJar : add aes
2024-12-15 13:34:18,519 [INFO] IPUIPlugin:80 - create IPUIPlugin
2024-12-15 13:34:18,520 [INFO] PluginManager:220 - loadIPPluginJar : add can
2024-12-15 13:34:18,524 [INFO] IPUIPlugin:80 - create IPUIPlugin
2024-12-15 13:34:18,524 [INFO] PluginManager:220 - loadIPPluginJar : add comp
2024-12-15 13:34:18,531 [INFO] IPUIPlugin:80 - create IPUIPlugin
2024-12-15 13:34:18,531 [INFO] PluginManager:220 - loadIPPluginJar : add cryp
2024-12-15 13:34:18,550 [INFO] IPUIPlugin:80 - create IPUIPlugin
2024-12-15 13:34:18,550 [INFO] PluginManager:220 - loadIPPluginJar : add ddr_ctrl_phy
2024-12-15 13:34:18,557 [INFO] IPUIPlugin:80 - create IPUIPlugin
2024-12-15 13:34:18,557 [INFO] PluginManager:220 - loadIPPluginJar : add dfsdm
2024-12-15 13:34:18,573 [INFO] IPUIPlugin:80 - create IPUIPlugin
2024-12-15 13:34:18,574 [INFO] PluginManager:220 - loadIPPluginJar : add dma
2024-12-15 13:34:18,581 [INFO] IPUIPlugin:80 - create IPUIPlugin
2024-12-15 13:34:18,582 [INFO] PluginManager:220 - loadIPPluginJar : add dma3
2024-12-15 13:34:18,591 [INFO] IPUIPlugin:80 - create IPUIPlugin
2024-12-15 13:34:18,591 [INFO] PluginManager:220 - loadIPPluginJar : add extmemmanager
2024-12-15 13:34:18,596 [INFO] IPUIPlugin:80 - create IPUIPlugin
2024-12-15 13:34:18,597 [INFO] PluginManager:220 - loadIPPluginJar : add fatfs
2024-12-15 13:34:18,608 [INFO] IPUIPlugin:80 - create IPUIPlugin
2024-12-15 13:34:18,609 [INFO] PluginManager:220 - loadIPPluginJar : add fmc
2024-12-15 13:34:18,628 [INFO] IPUIPlugin:80 - create IPUIPlugin
2024-12-15 13:34:18,628 [INFO] PluginManager:220 - loadIPPluginJar : add freertos
2024-12-15 13:34:18,632 [INFO] IPUIPlugin:80 - create IPUIPlugin
2024-12-15 13:34:18,632 [INFO] PluginManager:220 - loadIPPluginJar : add genericplugin
2024-12-15 13:34:18,637 [INFO] IPUIPlugin:80 - create IPUIPlugin
2024-12-15 13:34:18,637 [INFO] PluginManager:220 - loadIPPluginJar : add gfxmmu
2024-12-15 13:34:18,648 [INFO] IPUIPlugin:80 - create IPUIPlugin
2024-12-15 13:34:18,648 [INFO] PluginManager:220 - loadIPPluginJar : add gic
2024-12-15 13:34:18,656 [INFO] IPUIPlugin:80 - create IPUIPlugin
2024-12-15 13:34:18,656 [INFO] PluginManager:220 - loadIPPluginJar : add gpio
2024-12-15 13:34:18,662 [INFO] IPUIPlugin:80 - create IPUIPlugin
2024-12-15 13:34:18,662 [INFO] PluginManager:220 - loadIPPluginJar : add gtzc
2024-12-15 13:34:18,668 [INFO] IPUIPlugin:80 - create IPUIPlugin
2024-12-15 13:34:18,668 [INFO] PluginManager:220 - loadIPPluginJar : add hash
2024-12-15 13:34:18,674 [INFO] IPUIPlugin:80 - create IPUIPlugin
2024-12-15 13:34:18,674 [INFO] PluginManager:220 - loadIPPluginJar : add i2c
2024-12-15 13:34:18,679 [INFO] IPUIPlugin:80 - create IPUIPlugin
2024-12-15 13:34:18,680 [INFO] PluginManager:220 - loadIPPluginJar : add i2s
2024-12-15 13:34:18,686 [INFO] IPUIPlugin:80 - create IPUIPlugin
2024-12-15 13:34:18,686 [INFO] PluginManager:220 - loadIPPluginJar : add i3c
2024-12-15 13:34:18,694 [INFO] IPUIPlugin:80 - create IPUIPlugin
2024-12-15 13:34:18,694 [INFO] PluginManager:220 - loadIPPluginJar : add ipddr
2024-12-15 13:34:18,709 [INFO] IPUIPlugin:80 - create IPUIPlugin
2024-12-15 13:34:18,710 [INFO] PluginManager:220 - loadIPPluginJar : add linkedlist
2024-12-15 13:34:18,716 [INFO] IPUIPlugin:80 - create IPUIPlugin
2024-12-15 13:34:18,716 [INFO] PluginManager:220 - loadIPPluginJar : add lorawan
2024-12-15 13:34:18,720 [INFO] IPUIPlugin:80 - create IPUIPlugin
2024-12-15 13:34:18,720 [INFO] PluginManager:220 - loadIPPluginJar : add ltdc
2024-12-15 13:34:18,736 [INFO] IPUIPlugin:80 - create IPUIPlugin
2024-12-15 13:34:18,736 [INFO] PluginManager:220 - loadIPPluginJar : add mdma
2024-12-15 13:34:18,744 [INFO] IPUIPlugin:80 - create IPUIPlugin
2024-12-15 13:34:18,744 [INFO] PluginManager:220 - loadIPPluginJar : add nvic
2024-12-15 13:34:18,750 [INFO] IPUIPlugin:80 - create IPUIPlugin
2024-12-15 13:34:18,750 [INFO] PluginManager:220 - loadIPPluginJar : add opamp
2024-12-15 13:34:18,756 [INFO] IPUIPlugin:80 - create IPUIPlugin
2024-12-15 13:34:18,757 [INFO] PluginManager:220 - loadIPPluginJar : add openamp
2024-12-15 13:34:18,765 [INFO] IPUIPlugin:80 - create IPUIPlugin
2024-12-15 13:34:18,766 [INFO] PluginManager:220 - loadIPPluginJar : add pdm2pcm
2024-12-15 13:34:18,778 [INFO] IPUIPlugin:80 - create IPUIPlugin
2024-12-15 13:34:18,784 [INFO] PluginManager:220 - loadIPPluginJar : add plateformsettings
2024-12-15 13:34:18,787 [INFO] IPUIPlugin:80 - create IPUIPlugin
2024-12-15 13:34:18,787 [INFO] PluginManager:220 - loadIPPluginJar : add quadspi
2024-12-15 13:34:18,792 [INFO] IPUIPlugin:80 - create IPUIPlugin
2024-12-15 13:34:18,793 [INFO] PluginManager:220 - loadIPPluginJar : add radio
2024-12-15 13:34:18,799 [INFO] IPUIPlugin:80 - create IPUIPlugin
2024-12-15 13:34:18,800 [INFO] PluginManager:220 - loadIPPluginJar : add resmgrutility
2024-12-15 13:34:18,806 [INFO] IPUIPlugin:80 - create IPUIPlugin
2024-12-15 13:34:18,806 [INFO] PluginManager:220 - loadIPPluginJar : add sai
2024-12-15 13:34:18,813 [INFO] IPUIPlugin:80 - create IPUIPlugin
2024-12-15 13:34:18,813 [INFO] PluginManager:220 - loadIPPluginJar : add spi
2024-12-15 13:34:18,823 [INFO] IPUIPlugin:80 - create IPUIPlugin
2024-12-15 13:34:18,823 [INFO] PluginManager:220 - loadIPPluginJar : add stm32_wpan
2024-12-15 13:34:18,827 [INFO] IPUIPlugin:80 - create IPUIPlugin
2024-12-15 13:34:18,827 [INFO] PluginManager:220 - loadIPPluginJar : add tim
2024-12-15 13:34:18,834 [INFO] IPUIPlugin:80 - create IPUIPlugin
2024-12-15 13:34:18,834 [INFO] PluginManager:220 - loadIPPluginJar : add touchsensing
2024-12-15 13:34:18,839 [INFO] IPUIPlugin:80 - create IPUIPlugin
2024-12-15 13:34:18,839 [INFO] PluginManager:220 - loadIPPluginJar : add tracer_emb
2024-12-15 13:34:18,843 [INFO] IPUIPlugin:80 - create IPUIPlugin
2024-12-15 13:34:18,843 [INFO] PluginManager:220 - loadIPPluginJar : add ts
2024-12-15 13:34:18,847 [INFO] IPUIPlugin:80 - create IPUIPlugin
2024-12-15 13:34:18,847 [INFO] PluginManager:220 - loadIPPluginJar : add tsc
2024-12-15 13:34:18,851 [INFO] IPUIPlugin:80 - create IPUIPlugin
2024-12-15 13:34:18,852 [INFO] PluginManager:220 - loadIPPluginJar : add ucpd
2024-12-15 13:34:18,858 [INFO] IPUIPlugin:80 - create IPUIPlugin
2024-12-15 13:34:18,858 [INFO] PluginManager:220 - loadIPPluginJar : add usart
2024-12-15 13:34:18,864 [INFO] IPUIPlugin:80 - create IPUIPlugin
2024-12-15 13:34:18,864 [INFO] PluginManager:220 - loadIPPluginJar : add usbx
2024-12-15 13:34:19,038 [INFO] CADModel:165 - CPN selected for project level
2024-12-15 13:34:19,038 [INFO] CADModel:114 - Register for checkConnection events
2024-12-15 13:34:19,039 [FATAL] Updater:334 - Updater called before beeing initialized
2024-12-15 13:34:19,039 [ERROR] CADModel:125 - Updater not yet initialized, retry later 
2024-12-15 13:34:19,302 [INFO] CADModel:165 - CPN selected for project level
2024-12-15 13:34:19,303 [INFO] CADModel:114 - Register for checkConnection events
2024-12-15 13:34:19,303 [FATAL] Updater:334 - Updater called before beeing initialized
2024-12-15 13:34:19,303 [ERROR] CADModel:125 - Updater not yet initialized, retry later 
2024-12-15 13:34:19,308 [FATAL] Updater:334 - Updater called before beeing initialized
2024-12-15 13:34:19,566 [FATAL] Updater:334 - Updater called before beeing initialized
2024-12-15 13:34:19,580 [INFO] DbMcusAds:53 - JSON generation date=Fri Sep 20 15:04:23 CEST 2024 (1726837463113)
2024-12-15 13:34:19,580 [FATAL] Updater:334 - Updater called before beeing initialized
2024-12-15 13:34:19,673 [WARN] DetailPanel:346 - Failed to get advertising image, set to default
2024-12-15 13:34:19,848 [FATAL] Updater:334 - Updater called before beeing initialized
2024-12-15 13:34:19,850 [FATAL] Updater:334 - Updater called before beeing initialized
2024-12-15 13:34:19,850 [FATAL] Updater:334 - Updater called before beeing initialized
2024-12-15 13:34:19,851 [WARN] DetailPanel:346 - Failed to get advertising image, set to default
2024-12-15 13:34:19,852 [FATAL] Updater:334 - Updater called before beeing initialized
2024-12-15 13:34:19,951 [ERROR] Updater:1164 - MainUpdater not yet initialized. External WinMGr cannot be set.
2024-12-15 13:34:19,955 [INFO] Updater:1100 - Updater Version found : 6.12.1
2024-12-15 13:34:19,987 [INFO] ApplicationProperties:184 - Using Application install path: C:\ST\STM32CubeIDE_1.16.1\STM32CubeIDE\plugins\com.st.stm32cube.common.mx_6.12.1.202409122256
2024-12-15 13:34:20,429 [INFO] ThirdPartyUpdaterWithRetryManager:70 - Updater plugin not ready yet. [2/15]
2024-12-15 13:34:20,810 [INFO] MainUpdater:2873 - connection check result : 10
2024-12-15 13:34:20,811 [INFO] MainUpdater:3567 - Updater definition file requires update
2024-12-15 13:34:20,814 [INFO] MainUpdater:290 - Updater Check For Update Now.
2024-12-15 13:34:20,814 [INFO] MicroXplorer:498 - Change Database Version : DB.6.0.121
2024-12-15 13:34:20,829 [INFO] McuFinderGlobals:63 - Set McuFinder mode to 2 (CubeIDE integrated)
2024-12-15 13:34:20,831 [INFO] UserAuth:417 - Internet connection configuration mode: 1
2024-12-15 13:34:20,865 [INFO] ServerAccessManage:473 - Download File updaters.zip
2024-12-15 13:34:20,874 [INFO] JxBrowserEngine:152 - Initiate JxBrowser Engine with user profile folder
2024-12-15 13:34:21,193 [INFO] FileExtend:240 - Unzip File : updaters.zip
2024-12-15 13:34:21,194 [INFO] FileExtend:255 - Standard Zip Deflate
2024-12-15 13:34:21,984 [INFO] ServerAccessManage:473 - Download File PacksControlFlags.xml
2024-12-15 13:34:22,213 [INFO] ServerAccessManage:473 - Download File cubemx.pidx
2024-12-15 13:34:23,431 [WARN] MainUpdater:1194 - Updater busy. Cannot search thirdparties
2024-12-15 13:34:23,433 [INFO] ThirdPartyUpdaterWithRetryManager:96 - Updater plugin is busy. [1/15]
2024-12-15 13:34:23,622 [INFO] ServerAccessManage:473 - Download File STMicroelectronics.X-CUBE-FREERTOS.pdsc
2024-12-15 13:34:24,779 [INFO] ServerAccessManage:473 - Download File STMicroelectronics.X-CUBE-TCPP.pdsc
2024-12-15 13:34:25,557 [INFO] WebApp:167 - Instantiating new browser for Auth
2024-12-15 13:34:26,436 [WARN] MainUpdater:1194 - Updater busy. Cannot search thirdparties
2024-12-15 13:34:26,436 [INFO] ThirdPartyUpdaterWithRetryManager:96 - Updater plugin is busy. [2/15]
2024-12-15 13:34:26,510 [WARN] PackLoader:240 - Cannot read IP mode file for STMicroelectronics.X-CUBE-FREERTOS.1.3.0
2024-12-15 13:34:26,534 [WARN] PopulateThirdPartyThread:106 - Error when creating pack: C:/Users/leona/.stm32cubemx/thirdparties/pdsc/STMicroelectronics.X-CUBE-TCPP.pdsc
2024-12-15 13:34:26,534 [INFO] PopulateThirdPartyThread:66 - Ending populate Thread
2024-12-15 13:34:26,537 [INFO] ThirdParty:1030 - CMSIS Pack Vendor :STMicroelectronics X-CUBE-FREERTOS 1.3.0
2024-12-15 13:34:26,538 [INFO] LoadServerUpdatesThread:375 - End of LoadServerUpdate Thread
2024-12-15 13:34:27,074 [INFO] CheckServerUpdateThread:120 - End of CheckServer Thread
2024-12-15 13:34:29,822 [INFO] WebApp:448 - Apply proxy settings
2024-12-15 13:34:29,823 [INFO] WebApp:533 - Chromium requires no authentication
2024-12-15 13:34:29,846 [INFO] WebApp:476 - Direct internet connection detected
2024-12-15 13:34:29,927 [INFO] WebApp:869 - Register for checkConnection events
2024-12-15 13:34:29,928 [INFO] WebApp:448 - Apply proxy settings
2024-12-15 13:34:29,928 [INFO] WebApp:533 - Chromium requires no authentication
2024-12-15 13:34:29,929 [INFO] WebApp:476 - Direct internet connection detected
2024-12-15 13:34:30,114 [WARN] PackLoader:240 - Cannot read IP mode file for STMicroelectronics.FP-SNS-MOTENVWB1.1.4.0
2024-12-15 13:34:30,129 [WARN] PackLoader:240 - Cannot read IP mode file for STMicroelectronics.FP-ATR-ASTRA1.2.0.1
2024-12-15 13:34:30,137 [WARN] PackLoader:240 - Cannot read IP mode file for STMicroelectronics.X-CUBE-SMBUS.2.1.0
2024-12-15 13:34:30,188 [WARN] PackLoader:240 - Cannot read IP mode file for STMicroelectronics.X-CUBE-WB05N.1.1.0
2024-12-15 13:34:30,248 [WARN] PackLoader:240 - Cannot read IP mode file for STMicroelectronics.X-CUBE-AZRTOS-F7.1.1.0
2024-12-15 13:34:30,472 [WARN] PackLoader:240 - Cannot read IP mode file for STMicroelectronics.X-CUBE-MEMS1.11.0.0
2024-12-15 13:34:30,821 [INFO] WebApp:220 - Starting web application
2024-12-15 13:34:30,821 [INFO] WebApp:578 - Web application path used C:\ST\STM32CubeIDE_1.16.1\STM32CubeIDE\plugins\com.st.stm32cube.common.mx_6.12.1.202409122256\db\plugins\mcufinder\reactClient1\index.html
2024-12-15 13:34:31,005 [WARN] PackLoader:240 - Cannot read IP mode file for STMicroelectronics.FP-SNS-FLIGHT1.5.0.2
2024-12-15 13:34:31,064 [WARN] PackLoader:240 - Cannot read IP mode file for Infineon.AIROC-Wi-Fi-Bluetooth-STM32.1.7.0
2024-12-15 13:34:31,085 [WARN] PackLoader:240 - Cannot read IP mode file for STMicroelectronics.X-CUBE-DISPLAY.3.0.0
2024-12-15 13:34:31,102 [WARN] PackLoader:240 - Cannot read IP mode file for STMicroelectronics.X-CUBE-BLE1.7.0.0
2024-12-15 13:34:31,132 [WARN] PackLoader:240 - Cannot read IP mode file for STMicroelectronics.X-CUBE-NFC10.1.0.0
2024-12-15 13:34:31,158 [WARN] PackLoader:240 - Cannot read IP mode file for STMicroelectronics.X-CUBE-BLEMGR.4.0.0
2024-12-15 13:34:31,174 [WARN] PackLoader:240 - Cannot read IP mode file for emotas.I-CUBE-CANOPEN.1.3.0
2024-12-15 13:34:31,183 [WARN] PackLoader:240 - Cannot read IP mode file for STMicroelectronics.FP-SNS-SMARTAG2.1.2.0
2024-12-15 13:34:31,205 [INFO] LogOutputStream:77 - [STDOUT_REDIRECT] 1 : Invalid condition id : UX_CORESTACK_Condition cause : null
2024-12-15 13:34:31,206 [INFO] LogOutputStream:77 - [STDOUT_REDIRECT] 1 : Invalid condition id : UX_CORESTACK_Condition cause : null
2024-12-15 13:34:31,209 [INFO] LogOutputStream:77 - [STDOUT_REDIRECT] 1 : Invalid condition id : UX_CORESTACK_Condition cause : null
2024-12-15 13:34:31,213 [INFO] LogOutputStream:77 - [STDOUT_REDIRECT] 1 : Invalid condition id : UX_CORESTACK_Condition cause : null
2024-12-15 13:34:31,217 [INFO] LogOutputStream:77 - [STDOUT_REDIRECT] 1 : Invalid condition id : UX_CORESTACK_Condition cause : null
2024-12-15 13:34:31,226 [WARN] PackLoader:240 - Cannot read IP mode file for STMicroelectronics.X-CUBE-AZRTOS-WL.2.0.0
2024-12-15 13:34:31,233 [INFO] UserAuth:417 - Internet connection configuration mode: 1
2024-12-15 13:34:31,264 [WARN] PackLoader:240 - Cannot read IP mode file for STMicroelectronics.FP-SNS-MOTENV1.5.0.0
2024-12-15 13:34:31,277 [WARN] PackLoader:240 - Cannot read IP mode file for wolfSSL.I-CUBE-wolfMQTT.1.19.0
2024-12-15 13:34:31,291 [WARN] PackLoader:240 - Cannot read IP mode file for WES.I-CUBE-Cesium.1.3.0
2024-12-15 13:34:31,302 [WARN] PackLoader:240 - Cannot read IP mode file for STMicroelectronics.X-CUBE-BLE2.3.3.0
2024-12-15 13:34:31,316 [WARN] PackLoader:240 - Cannot read IP mode file for STMicroelectronics.X-CUBE-NFC9.1.0.0
2024-12-15 13:34:31,332 [WARN] PackLoader:240 - Cannot read IP mode file for STMicroelectronics.X-CUBE-TCPP.4.1.0
2024-12-15 13:34:31,364 [WARN] PackLoader:240 - Cannot read IP mode file for STMicroelectronics.X-CUBE-AZRTOS-G0.1.1.0
2024-12-15 13:34:31,452 [WARN] PackLoader:240 - Cannot read IP mode file for STMicroelectronics.X-CUBE-SAFEA1.1.2.2
2024-12-15 13:34:31,466 [WARN] PackLoader:240 - Cannot read IP mode file for STMicroelectronics.X-CUBE-NFC4.3.0.0
2024-12-15 13:34:31,486 [WARN] PackLoader:240 - Cannot read IP mode file for EmbeddedOffice.I-CUBE-FS-RTOS.1.0.1
2024-12-15 13:34:31,487 [ERROR] ConditionMgr:805 - Attr not supported : Dmpu
2024-12-15 13:34:31,487 [ERROR] ConditionMgr:805 - Attr not supported : Dmpu
2024-12-15 13:34:31,488 [ERROR] ConditionMgr:805 - Attr not supported : Dmpu
2024-12-15 13:34:31,488 [ERROR] ConditionMgr:805 - Attr not supported : Dmpu
2024-12-15 13:34:31,488 [ERROR] ConditionMgr:805 - Attr not supported : Dmpu
2024-12-15 13:34:31,488 [ERROR] ConditionMgr:805 - Attr not supported : Dmpu
2024-12-15 13:34:31,489 [ERROR] ConditionMgr:805 - Attr not supported : Dmpu
2024-12-15 13:34:31,489 [ERROR] ConditionMgr:805 - Attr not supported : Dmpu
2024-12-15 13:34:31,489 [ERROR] ConditionMgr:805 - Attr not supported : Dmpu
2024-12-15 13:34:31,489 [ERROR] ConditionMgr:805 - Attr not supported : Dmpu
2024-12-15 13:34:31,489 [ERROR] ConditionMgr:805 - Attr not supported : Dmpu
2024-12-15 13:34:31,490 [ERROR] ConditionMgr:805 - Attr not supported : Dmpu
2024-12-15 13:34:31,490 [ERROR] ConditionMgr:805 - Attr not supported : Dmpu
2024-12-15 13:34:31,490 [ERROR] ConditionMgr:805 - Attr not supported : Dmpu
2024-12-15 13:34:31,490 [ERROR] ConditionMgr:805 - Attr not supported : Dmpu
2024-12-15 13:34:31,490 [ERROR] ConditionMgr:805 - Attr not supported : Dmpu
2024-12-15 13:34:31,490 [ERROR] ConditionMgr:805 - Attr not supported : Dmpu
2024-12-15 13:34:31,491 [ERROR] ConditionMgr:805 - Attr not supported : Dmpu
2024-12-15 13:34:31,491 [ERROR] ConditionMgr:805 - Attr not supported : Dmpu
2024-12-15 13:34:31,491 [ERROR] ConditionMgr:805 - Attr not supported : Dmpu
2024-12-15 13:34:31,491 [ERROR] ConditionMgr:805 - Attr not supported : Dmpu
2024-12-15 13:34:31,491 [ERROR] ConditionMgr:805 - Attr not supported : Dmpu
2024-12-15 13:34:31,491 [ERROR] ConditionMgr:805 - Attr not supported : Dmpu
2024-12-15 13:34:31,492 [ERROR] ConditionMgr:805 - Attr not supported : Dmpu
2024-12-15 13:34:31,492 [ERROR] ConditionMgr:805 - Attr not supported : Dmpu
2024-12-15 13:34:31,492 [ERROR] ConditionMgr:805 - Attr not supported : Dmpu
2024-12-15 13:34:31,492 [ERROR] ConditionMgr:805 - Attr not supported : Dmpu
2024-12-15 13:34:31,492 [ERROR] ConditionMgr:805 - Attr not supported : Dmpu
2024-12-15 13:34:31,492 [ERROR] ConditionMgr:805 - Attr not supported : Dmpu
2024-12-15 13:34:31,493 [ERROR] ConditionMgr:805 - Attr not supported : Dmpu
2024-12-15 13:34:31,493 [ERROR] ConditionMgr:805 - Attr not supported : Dmpu
2024-12-15 13:34:31,493 [ERROR] ConditionMgr:805 - Attr not supported : Dmpu
2024-12-15 13:34:31,493 [ERROR] ConditionMgr:805 - Attr not supported : Dmpu
2024-12-15 13:34:31,493 [ERROR] ConditionMgr:805 - Attr not supported : Dmpu
2024-12-15 13:34:31,494 [ERROR] ConditionMgr:805 - Attr not supported : Dmpu
2024-12-15 13:34:31,494 [ERROR] ConditionMgr:805 - Attr not supported : Dmpu
2024-12-15 13:34:31,495 [ERROR] ConditionMgr:805 - Attr not supported : Dmpu
2024-12-15 13:34:31,495 [ERROR] ConditionMgr:805 - Attr not supported : Dmpu
2024-12-15 13:34:31,495 [ERROR] ConditionMgr:805 - Attr not supported : Dmpu
2024-12-15 13:34:31,495 [ERROR] ConditionMgr:805 - Attr not supported : Dmpu
2024-12-15 13:34:31,495 [ERROR] ConditionMgr:805 - Attr not supported : Dmpu
2024-12-15 13:34:31,495 [ERROR] ConditionMgr:805 - Attr not supported : Dmpu
2024-12-15 13:34:31,496 [ERROR] ConditionMgr:805 - Attr not supported : Dmpu
2024-12-15 13:34:31,496 [ERROR] ConditionMgr:805 - Attr not supported : Dmpu
2024-12-15 13:34:31,496 [ERROR] ConditionMgr:805 - Attr not supported : Dmpu
2024-12-15 13:34:31,496 [ERROR] ConditionMgr:805 - Attr not supported : Dmpu
2024-12-15 13:34:31,496 [ERROR] ConditionMgr:805 - Attr not supported : Dmpu
2024-12-15 13:34:31,497 [ERROR] ConditionMgr:805 - Attr not supported : Dmpu
2024-12-15 13:34:31,497 [ERROR] ConditionMgr:805 - Attr not supported : Dmpu
2024-12-15 13:34:31,497 [ERROR] ConditionMgr:805 - Attr not supported : Dmpu
2024-12-15 13:34:31,497 [ERROR] ConditionMgr:805 - Attr not supported : Dmpu
2024-12-15 13:34:31,497 [ERROR] ConditionMgr:805 - Attr not supported : Dmpu
2024-12-15 13:34:31,497 [ERROR] ConditionMgr:805 - Attr not supported : Dmpu
2024-12-15 13:34:31,497 [ERROR] ConditionMgr:805 - Attr not supported : Dmpu
2024-12-15 13:34:31,498 [ERROR] ConditionMgr:805 - Attr not supported : Dmpu
2024-12-15 13:34:31,498 [ERROR] ConditionMgr:805 - Attr not supported : Dmpu
2024-12-15 13:34:31,498 [ERROR] ConditionMgr:805 - Attr not supported : Dmpu
2024-12-15 13:34:31,498 [ERROR] ConditionMgr:805 - Attr not supported : Dmpu
2024-12-15 13:34:31,499 [ERROR] ConditionMgr:805 - Attr not supported : Dmpu
2024-12-15 13:34:31,499 [ERROR] ConditionMgr:805 - Attr not supported : Dmpu
2024-12-15 13:34:31,499 [ERROR] ConditionMgr:805 - Attr not supported : Dmpu
2024-12-15 13:34:31,499 [ERROR] ConditionMgr:805 - Attr not supported : Dmpu
2024-12-15 13:34:31,499 [ERROR] ConditionMgr:805 - Attr not supported : Dmpu
2024-12-15 13:34:31,499 [ERROR] ConditionMgr:805 - Attr not supported : Dmpu
2024-12-15 13:34:31,504 [ERROR] Engine:466 - C:\Users\leona\.stm32cubemx\thirdparties\pdsc\STMicroelectronics.X-CUBE-TCPP.4.2.0.pdsc: PDSC version is not supported
2024-12-15 13:34:31,513 [WARN] PackLoader:240 - Cannot read IP mode file for RealThread.X-CUBE-RT-Thread_Nano.4.1.1
2024-12-15 13:34:31,528 [WARN] PackLoader:240 - Cannot read IP mode file for STMicroelectronics.FP-ATR-SIGFOX1.3.2.0
2024-12-15 13:34:31,539 [WARN] ConditionMgr:438 - getConditionDescription Invalid condition id : Cortex-A Device cause : null
2024-12-15 13:34:31,569 [WARN] ConditionMgr:1039 - genDependencies : Invalid condition id : Cortex-A Device cause : null
2024-12-15 13:34:31,569 [WARN] ConditionMgr:1039 - genDependencies : Invalid condition id : Cortex-A Device cause : null
2024-12-15 13:34:31,569 [WARN] ConditionMgr:1039 - genDependencies : Invalid condition id : Cortex-A Device cause : null
2024-12-15 13:34:31,581 [WARN] PackLoader:240 - Cannot read IP mode file for STMicroelectronics.X-CUBE-EEPRMA1.5.1.0
2024-12-15 13:34:31,593 [WARN] PackLoader:240 - Cannot read IP mode file for wolfSSL.I-CUBE-wolfSSL.5.7.4
2024-12-15 13:34:31,607 [WARN] PackLoader:240 - Cannot read IP mode file for ITTIA_DB.I-CUBE-ITTIADB.8.9.0
2024-12-15 13:34:31,715 [WARN] PackLoader:240 - Cannot read IP mode file for SEGGER.I-CUBE-embOS.1.3.1
2024-12-15 13:34:31,829 [WARN] PackLoader:240 - Cannot read IP mode file for STMicroelectronics.X-CUBE-ALGOBUILD.1.4.0
2024-12-15 13:34:31,838 [WARN] PackLoader:240 - Cannot read IP mode file for STMicroelectronics.X-CUBE-AI.9.1.0
2024-12-15 13:34:31,873 [WARN] PackLoader:240 - Cannot read IP mode file for STMicroelectronics.X-CUBE-AZRTOS-F4.1.1.0
2024-12-15 13:34:31,889 [WARN] PackLoader:240 - Cannot read IP mode file for STMicroelectronics.X-CUBE-ISPU.2.1.0
2024-12-15 13:34:31,900 [WARN] PackLoader:240 - Cannot read IP mode file for STMicroelectronics.X-CUBE-FREERTOS.1.2.0
2024-12-15 13:34:31,973 [WARN] PackLoader:240 - Cannot read IP mode file for STMicroelectronics.X-CUBE-AZRTOS-L5.2.0.0
2024-12-15 13:34:32,005 [WARN] PackLoader:240 - Cannot read IP mode file for STMicroelectronics.X-CUBE-NFC6.3.1.0
2024-12-15 13:34:32,020 [WARN] PackLoader:240 - Cannot read IP mode file for STMicroelectronics.X-CUBE-DPower.1.2.0
2024-12-15 13:34:32,028 [WARN] PackLoader:240 - Cannot read IP mode file for STMicroelectronics.X-CUBE-FREERTOS.1.3.0
2024-12-15 13:34:32,038 [WARN] PackLoader:240 - Cannot read IP mode file for STMicroelectronics.X-CUBE-NFC7.1.0.1
2024-12-15 13:34:32,111 [WARN] ConditionMgr:438 - getConditionDescription Invalid condition id : LAN8742 Phy interface Condition cause : null
2024-12-15 13:34:32,113 [WARN] PackLoader:240 - Cannot read IP mode file for STMicroelectronics.X-CUBE-AZRTOS-L4.2.0.0
2024-12-15 13:34:32,117 [WARN] ConditionMgr:1039 - genDependencies : Invalid condition id : LAN8742 Phy interface Condition cause : null
2024-12-15 13:34:32,117 [WARN] ConditionMgr:1039 - genDependencies : Invalid condition id : LAN8742 Phy interface Condition cause : null
2024-12-15 13:34:32,129 [WARN] ConditionMgr:1039 - genDependencies : Invalid condition id : LAN8742 Phy interface Condition cause : null
2024-12-15 13:34:32,133 [INFO] WebApp:186 - Connection restablished
2024-12-15 13:34:32,149 [WARN] PackLoader:240 - Cannot read IP mode file for STMicroelectronics.X-CUBE-SFXS2LP1.4.0.0
2024-12-15 13:34:32,198 [WARN] PackLoader:240 - Cannot read IP mode file for STMicroelectronics.X-CUBE-AZRTOS-H7.3.3.0
2024-12-15 13:34:32,252 [WARN] PackLoader:240 - Cannot read IP mode file for STMicroelectronics.X-CUBE-IPS.3.0.0
2024-12-15 13:34:32,293 [WARN] ConditionMgr:438 - getConditionDescription Invalid condition id : UX DEVICE CLASS RTOS Condition cause : null
2024-12-15 13:34:32,294 [WARN] ConditionMgr:438 - getConditionDescription Invalid condition id : UX DEVICE CLASS RTOS Condition cause : null
2024-12-15 13:34:32,299 [WARN] PackLoader:240 - Cannot read IP mode file for STMicroelectronics.X-CUBE-AZRTOS-WB.2.0.0
2024-12-15 13:34:32,300 [WARN] ConditionMgr:1039 - genDependencies : Invalid condition id : UX DEVICE CLASS RTOS Condition cause : null
2024-12-15 13:34:32,301 [WARN] ConditionMgr:1039 - genDependencies : Invalid condition id : UX DEVICE CLASS RTOS Condition cause : null
2024-12-15 13:34:32,302 [WARN] ConditionMgr:1039 - genDependencies : Invalid condition id : UX DEVICE CLASS RTOS Condition cause : null
2024-12-15 13:34:32,303 [WARN] ConditionMgr:1039 - genDependencies : Invalid condition id : UX DEVICE CLASS RTOS Condition cause : null
2024-12-15 13:34:32,303 [WARN] ConditionMgr:1039 - genDependencies : Invalid condition id : UX DEVICE CLASS RTOS Condition cause : null
2024-12-15 13:34:32,323 [WARN] PackLoader:240 - Cannot read IP mode file for STMicroelectronics.X-CUBE-GNSS1.7.0.0
2024-12-15 13:34:32,340 [WARN] PackLoader:240 - Cannot read IP mode file for STMicroelectronics.FP-SNS-STBOX1.2.0.0
2024-12-15 13:34:32,396 [WARN] PackLoader:240 - Cannot read IP mode file for STMicroelectronics.X-CUBE-SUBG2.5.0.0
2024-12-15 13:34:32,422 [WARN] PackLoader:240 - Cannot read IP mode file for Cesanta.I-CUBE-Mongoose.7.13.0
2024-12-15 13:34:32,613 [WARN] PackLoader:240 - Cannot read IP mode file for STMicroelectronics.X-CUBE-AZRTOS-G4.2.0.0
2024-12-15 13:34:33,496 [WARN] PackLoader:240 - Cannot read IP mode file for STMicroelectronics.X-CUBE-ALS.1.0.2
2024-12-15 13:34:33,505 [WARN] PackLoader:240 - Cannot read IP mode file for STMicroelectronics.X-CUBE-TOUCHGFX.4.24.1
2024-12-15 13:34:33,511 [WARN] PackLoader:240 - Cannot read IP mode file for wolfSSL.I-CUBE-wolfTPM.3.4.0
2024-12-15 13:34:33,522 [WARN] PackLoader:240 - Cannot read IP mode file for portGmbH.I-Cube-SoM-uGOAL.1.1.0
2024-12-15 13:34:33,561 [WARN] PackLoader:240 - Cannot read IP mode file for STMicroelectronics.X-CUBE-AZRTOS-H7RS.1.0.0
2024-12-15 13:34:33,591 [WARN] PackLoader:240 - Cannot read IP mode file for STMicroelectronics.X-CUBE-TOF1.3.4.2
2024-12-15 13:34:33,642 [WARN] PackLoader:240 - Cannot read IP mode file for wolfSSL.I-CUBE-wolfSSH.1.4.17
2024-12-15 13:34:33,643 [INFO] ThirdParty:978 - Integrity check success = true
2024-12-15 13:34:33,643 [INFO] IntegrityCheckThread:100 - exiting critical section [integrity check]
2024-12-15 13:34:33,643 [INFO] IntegrityCheckThread:103 - End integrity checks thread
2024-12-15 13:51:11,842 [INFO] McuFinderGlobals:63 - Set McuFinder mode to 2 (CubeIDE integrated)
2024-12-15 13:51:11,850 [INFO] MainUpdater:2873 - connection check result : 10
2024-12-15 13:51:11,852 [INFO] MainUpdater:2873 - connection check result : 10
2024-12-15 13:51:11,987 [INFO] RulesReader:64 - Compatibility file has been processed (297 Rules)
2024-12-15 13:51:12,006 [INFO] RulesReader:64 - Compatibility file has been processed (297 Rules)
2024-12-15 13:51:12,015 [INFO] MicroXplorer:468 - Change Database Path : 
2024-12-15 13:51:12,015 [INFO] MicroXplorer:498 - Change Database Version : DB.6.0.121
2024-12-15 13:51:12,026 [WARN] ThirdParty:871 - waiting for thirdparty lock release [close project]
2024-12-15 13:51:12,027 [INFO] ThirdParty:873 - entering critical section [close project]
2024-12-15 13:51:12,028 [INFO] ThirdParty:883 - exiting critical section [close project]
2024-12-15 13:51:12,032 [INFO] PinOutPanel:1561 - setPackage(No Configuration,No Configuration)
2024-12-15 13:51:12,040 [INFO] UtilMem:75 - Begin LoadConfig() Used Memory: 835761768 Bytes (1073741824)
2024-12-15 13:51:12,042 [INFO] MicroXplorer:468 - Change Database Path : 
2024-12-15 13:51:12,043 [INFO] MicroXplorer:498 - Change Database Version : DB.6.0.121
2024-12-15 13:51:12,043 [INFO] OpenFileManager:332 - Change cursor
2024-12-15 13:51:12,259 [INFO] Mcu:2032 - Initializing MCU STM32G431C(6-8-B)Ux STM32G431CBUx STM32G431CBU3
2024-12-15 13:51:21,480 [INFO] Context:742 - Trying to add GPIOservice into a context  which must be forbidden
2024-12-15 13:51:24,293 [INFO] RtosManager:555 - Registered RTOS mode: class=CMSIS, group=RTOS, mode=CMSIS_V1, owner=FREERTOS
2024-12-15 13:51:24,294 [INFO] RtosManager:555 - Registered RTOS mode: class=CMSIS, group=RTOS2, mode=CMSIS_V2, owner=FREERTOS
2024-12-15 13:51:24,294 [INFO] RtosManager:555 - Registered RTOS mode: class=RTOS, group=Core, mode=CMSIS_V1, owner=FREERTOS
2024-12-15 13:51:24,294 [INFO] RtosManager:555 - Registered RTOS mode: class=RTOS, group=Core, mode=CMSIS_V2, owner=FREERTOS
2024-12-15 13:51:24,295 [WARN] ModelIntegratedComponent:184 - Missing modes for component STMicroelectronics:FreeRTOS:0.0.1:STMicroelectronics:RTOS:FreeRTOS:Core:::10.2.0:
2024-12-15 13:51:24,330 [WARN] ModelIntegratedComponent:63 - No mode defined for component null
2024-12-15 13:51:24,330 [WARN] ModelIntegratedComponent:63 - No mode defined for component null
2024-12-15 13:51:24,331 [WARN] ModelIntegratedComponent:63 - No mode defined for component null
2024-12-15 13:51:24,331 [WARN] ModelIntegratedComponent:63 - No mode defined for component null
2024-12-15 13:51:24,331 [WARN] ModelIntegratedComponent:63 - No mode defined for component null
2024-12-15 13:51:24,331 [WARN] ModelIntegratedComponent:63 - No mode defined for component null
2024-12-15 13:51:24,331 [WARN] ModelIntegratedComponent:63 - No mode defined for component null
2024-12-15 13:51:24,331 [WARN] ModelIntegratedComponent:63 - No mode defined for component null
2024-12-15 13:51:24,332 [WARN] ModelIntegratedComponent:63 - No mode defined for component null
2024-12-15 13:51:24,332 [WARN] ModelIntegratedComponent:63 - No mode defined for component null
2024-12-15 13:51:24,332 [WARN] ModelIntegratedComponent:63 - No mode defined for component null
2024-12-15 13:51:24,332 [WARN] ModelIntegratedComponent:63 - No mode defined for component null
2024-12-15 13:51:24,332 [WARN] ModelIntegratedComponent:63 - No mode defined for component null
2024-12-15 13:51:24,332 [WARN] ModelIntegratedComponent:63 - No mode defined for component null
2024-12-15 13:51:24,333 [WARN] ModelIntegratedComponent:63 - No mode defined for component null
2024-12-15 13:51:24,333 [WARN] ModelIntegratedComponent:63 - No mode defined for component null
2024-12-15 13:51:24,333 [WARN] ModelIntegratedComponent:63 - No mode defined for component null
2024-12-15 13:51:24,333 [WARN] ModelIntegratedComponent:63 - No mode defined for component null
2024-12-15 13:51:24,333 [WARN] ModelIntegratedComponent:63 - No mode defined for component null
2024-12-15 13:51:24,333 [WARN] ModelIntegratedComponent:63 - No mode defined for component null
2024-12-15 13:51:24,334 [WARN] ModelIntegratedComponent:63 - No mode defined for component null
2024-12-15 13:51:24,334 [WARN] ModelIntegratedComponent:63 - No mode defined for component null
2024-12-15 13:51:24,334 [WARN] ModelIntegratedComponent:63 - No mode defined for component null
2024-12-15 13:51:24,334 [WARN] ModelIntegratedComponent:63 - No mode defined for component null
2024-12-15 13:51:24,334 [WARN] ModelIntegratedComponent:63 - No mode defined for component null
2024-12-15 13:51:24,334 [WARN] ModelIntegratedComponent:63 - No mode defined for component null
2024-12-15 13:51:24,335 [WARN] ModelIntegratedComponent:63 - No mode defined for component null
2024-12-15 13:51:24,335 [WARN] ModelIntegratedComponent:63 - No mode defined for component null
2024-12-15 13:51:24,335 [WARN] ModelIntegratedComponent:63 - No mode defined for component null
2024-12-15 13:51:24,336 [WARN] ModelIntegratedComponent:63 - No mode defined for component null
2024-12-15 13:51:24,336 [WARN] ModelIntegratedComponent:63 - No mode defined for component null
2024-12-15 13:51:24,336 [WARN] ModelIntegratedComponent:63 - No mode defined for component null
2024-12-15 13:51:24,336 [WARN] ModelIntegratedComponent:63 - No mode defined for component null
2024-12-15 13:51:24,337 [WARN] ModelIntegratedComponent:63 - No mode defined for component null
2024-12-15 13:51:24,337 [WARN] ModelIntegratedComponent:63 - No mode defined for component null
2024-12-15 13:51:24,338 [WARN] ModelPack:524 - Component already loaded: STMicroelectronics:HAL Drivers:0.0.0:STMicroelectronics:Device:STMicro_Driver:XSPI:HAL::0.0.1:HAL_XSPI
2024-12-15 13:51:24,429 [INFO] ThirdPartyModel:298 - Start build external matchings
2024-12-15 13:51:25,209 [INFO] ThirdPartyModel:316 - End build external matchings
2024-12-15 13:51:25,235 [WARN] IP:2191 - MessageRAMOffset not found: check if there is a RefParameter without a condition.
2024-12-15 13:51:25,236 [WARN] IP:2191 - RxFifo0ElmtsNbr not found: check if there is a RefParameter without a condition.
2024-12-15 13:51:25,236 [WARN] IP:2191 - RxFifo0ElmtSize not found: check if there is a RefParameter without a condition.
2024-12-15 13:51:25,237 [WARN] IP:2191 - RxFifo1ElmtsNbr not found: check if there is a RefParameter without a condition.
2024-12-15 13:51:25,237 [WARN] IP:2191 - RxFifo1ElmtSize not found: check if there is a RefParameter without a condition.
2024-12-15 13:51:25,238 [WARN] IP:2191 - RxBuffersNbr not found: check if there is a RefParameter without a condition.
2024-12-15 13:51:25,238 [WARN] IP:2191 - RxBufferSize not found: check if there is a RefParameter without a condition.
2024-12-15 13:51:25,238 [WARN] IP:2191 - TxEventsNbr not found: check if there is a RefParameter without a condition.
2024-12-15 13:51:25,239 [WARN] IP:2191 - TxBuffersNbr not found: check if there is a RefParameter without a condition.
2024-12-15 13:51:25,239 [WARN] IP:2191 - TxFifoQueueElmtsNbr not found: check if there is a RefParameter without a condition.
2024-12-15 13:51:25,239 [WARN] IP:2191 - TxElmtSize not found: check if there is a RefParameter without a condition.
2024-12-15 13:51:25,240 [WARN] IP:2191 - ClockCalibrationCCU not found: check if there is a RefParameter without a condition.
2024-12-15 13:51:25,240 [WARN] IP:2191 - ClockDividerCCU not found: check if there is a RefParameter without a condition.
2024-12-15 13:51:25,240 [WARN] IP:2191 - MinOscClkPeriodsCCU not found: check if there is a RefParameter without a condition.
2024-12-15 13:51:25,241 [WARN] IP:2191 - TimeQuantaPerBitTimeCCU not found: check if there is a RefParameter without a condition.
2024-12-15 13:51:25,241 [WARN] IP:2191 - WatchdogStartValueCCU not found: check if there is a RefParameter without a condition.
2024-12-15 13:51:25,245 [INFO] ImportTextPane:205 - (OptionalMessage_ERROR) IP (RCC) : Invalid parameter (FamilyName)
2024-12-15 13:51:26,474 [INFO] ApiDb:581 - Connected to CubeFinder SQLite database (C:\Users\leona\.stmcufinder\plugins\mcufinder\mcu\cube-finder-db.db)
2024-12-15 13:51:26,714 [INFO] ApiDb:668 - CubeFinder database Data Model version=2.1
2024-12-15 13:51:26,714 [INFO] ApiDb:669 - CubeFinder database Configuration version=3.0.39
2024-12-15 13:51:26,716 [INFO] ApiDb:670 - CubeFinder database generation date=2024-11-21 (1732182206)
2024-12-15 13:51:26,716 [INFO] ApiDb:671 - CubeFinder database FW Pack versions=[FP-ATR-ASTRA1_V2.0.0, FP-SNS-FLIGHT1_V5.0.2, FP-SNS-MOTENV1_V5.0.0, FP-SNS-MOTENVWB1_V1.4.0, FP-SNS-SMARTAG2_V1.2.0, FP-SNS-STBOX1_V2.0.0, STM32Cube_FW_C0_V1.3.0, STM32Cube_FW_F4_V1.28.1, STM32Cube_FW_F7_V1.17.2, STM32Cube_FW_G0_V1.6.2, STM32Cube_FW_G4_V1.6.1, STM32Cube_FW_H5_V1.4.0, STM32Cube_FW_H7RS_V1.1.0, STM32Cube_FW_H7_V1.12.0, STM32Cube_FW_L0_V1.12.2, STM32Cube_FW_L4_V1.18.1, STM32Cube_FW_L5_V1.5.1, STM32Cube_FW_N6_V1.0.0, STM32Cube_FW_U0_V1.2.0, STM32Cube_FW_U3_V1.0.0, STM32Cube_FW_U5_V1.7.0, STM32Cube_FW_WB0_V1.1.0, STM32Cube_FW_WBA_V1.5.0, STM32Cube_FW_WB_V1.21.0, STM32Cube_FW_WL3_V1.0.0, STM32Cube_FW_WL_V1.3.0, X-CUBE-ALGOBUILD_V1.4.0, X-CUBE-ALS_V1.0.2, X-CUBE-AZRTOS-F4_V1.1.0, X-CUBE-AZRTOS-F7_V1.1.0, X-CUBE-AZRTOS-G0_V1.1.0, X-CUBE-AZRTOS-G4_V2.0.0, X-CUBE-AZRTOS-H7RS_V1.0.0, X-CUBE-AZRTOS-H7_V3.3.0, X-CUBE-AZRTOS-L4_V2.0.0, X-CUBE-AZRTOS-L5_V2.0.0, X-CUBE-AZRTOS-WB_V2.0.0, X-CUBE-AZRTOS-WL_V2.0.0, X-CUBE-BLE1_V7.0.0, X-CUBE-BLE2_V3.3.0, X-CUBE-BLEMGR_V3.1.0, X-CUBE-EEPRMA1_V5.1.0, X-CUBE-FREERTOS_V1.2.0, X-CUBE-GNSS1_V6.0.0, X-CUBE-MEMS1_V11.0.0, X-CUBE-NFC4_V3.0.0, X-CUBE-NFC7_V1.0.1, X-CUBE-SFXS2LP1_V4.0.0, X-CUBE-SUBG2_V5.0.0, X-CUBE-TOF1_V3.4.2]
2024-12-15 13:51:26,985 [INFO] DbBoardsSqlite:226 - include board P-NUCLEO-WB55-NUCLEO as a kit item of type 'Nucleo-64'
2024-12-15 13:51:26,985 [INFO] DbBoardsSqlite:226 - include board P-NUCLEO-WB55-USBDONGLE as a kit item of type 'Nucleo USB Dongle'
2024-12-15 13:51:26,987 [INFO] DbBoardsSqlite:226 - include board STEVAL-IDP005V1 as a kit item of type 'Evaluation Board'
2024-12-15 13:51:26,988 [INFO] DbBoardsSqlite:226 - include board STEVAL-IDP005V2 as a kit item of type 'Evaluation Board'
2024-12-15 13:51:28,201 [INFO] ApiDb:240 - Found 646 in-development CPN: [B-G473E-ZEST1S, B-WB1M-WPAN1, B-WL5M-SUBG1, NUCLEO-C031C6, NUCLEO-C071RB, NUCLEO-H503RB, NUCLEO-H533RE, NUCLEO-H563ZI, NUCLEO-H7S3L8, NUCLEO-U031R8, NUCLEO-U083RC, NUCLEO-U545RE-Q, NUCLEO-U5A5ZJ-Q, NUCLEO-WB05KZ, NUCLEO-WB07CC, NUCLEO-WB09KE, NUCLEO-WBA52CG, NUCLEO-WBA55CG, STEVAL-PROTEUS1, STEVAL-SMARTAG2, STEVAL-STWINBX1, STM320518-EVAL, STM32C0116-DK, STM32C011D6Y3TR, STM32C011D6Y6TR, STM32C011F4P3, STM32C011F4P6, STM32C011F4U3, STM32C011F4U6TR, STM32C011F6P3, STM32C011F6P6, STM32C011F6U3, STM32C011F6U6TR, STM32C011J4M3, STM32C011J4M6, STM32C011J6M3, STM32C011J6M6, STM32C0316-DK, STM32C031C4T3, STM32C031C4T6, STM32C031C4U3, STM32C031C4U6, STM32C031C6T3, STM32C031C6T6, STM32C031C6U3, STM32C031C6U6, STM32C031F4P3, STM32C031F4P6, STM32C031F6P3, STM32C031F6P6, STM32C031G4U3, STM32C031G4U6, STM32C031G6U3, STM32C031G6U6, STM32C031K4T3, STM32C031K4T6, STM32C031K4U3, STM32C031K4U6, STM32C031K6T3, STM32C031K6T6, STM32C031K6U3, STM32C031K6U6, STM32C071C8T6, STM32C071C8T6N, STM32C071C8U6, STM32C071C8U6N, STM32C071CBT6, STM32C071CBT6N, STM32C071CBU6, STM32C071CBU6N, STM32C071F8P6, STM32C071F8P6N, STM32C071FBP6, STM32C071FBP6N, STM32C071FBY6TR, STM32C071G8U6, STM32C071G8U6N, STM32C071GBU6, STM32C071GBU6N, STM32C071K8T6, STM32C071K8T6N, STM32C071K8U6, STM32C071K8U6N, STM32C071KBT6, STM32C071KBT6N, STM32C071KBU6, STM32C071KBU6N, STM32C071R8T6, STM32C071R8T6N, STM32C071RBI6N, STM32C071RBT6, STM32C071RBT6N, STM32G071K8TXN, STM32G071K8UXN, STM32G081GBU6N, STM32G081KBT6N, STM32G081KBUXN, STM32G0B1CCT6N, STM32G0B1KCT6, STM32G0B1NEY6TR, STM32G0B1RCT6N, STM32G0C1CCT6, STM32G0C1CCT6N, STM32G0C1CCU6N, STM32G0C1CET6N, STM32G0C1CEU6N, STM32G0C1KCT6, STM32G0C1NEY6TR, STM32G0C1RCI6N, STM32G0C1RCT6N, STM32G0C1REI6N, STM32G0C1RET6N, STM32G0C1VCI6, STM32G0C1VEI6, STM32G411C6T3, STM32G411C6T6, STM32G411C6U3, STM32G411C6U6, STM32G411C8T3, STM32G411C8T6, STM32G411C8U3, STM32G411C8U6, STM32G411CBT3, STM32G411CBT6, STM32G411CBU3, STM32G411CBU6, STM32G411K6T3, STM32G411K6T6, STM32G411K6U3, STM32G411K6U6, STM32G411K8T3, STM32G411K8T6, STM32G411K8U3, STM32G411K8U6, STM32G411KBT3, STM32G411KBT6, STM32G411KBU3, STM32G411KBU6, STM32G411M6T3, STM32G411M6T6, STM32G411M8T3, STM32G411M8T6, STM32G411MBT3, STM32G411MBT6, STM32G411R6T3, STM32G411R6T6, STM32G411R8T3, STM32G411R8T6, STM32G411RBT3, STM32G411RBT6, STM32G414CBT3, STM32G414CBT6, STM32G414CBU3, STM32G414CBU6, STM32G414CCT3, STM32G414CCT6, STM32G414CCU3, STM32G414CCU6, STM32G414MBT3, STM32G414MBT6, STM32G414MCT3, STM32G414MCT6, STM32G414RBT3, STM32G414RBT6, STM32G414RCT3, STM32G414RCT6, STM32G414VBT3, STM32G414VBT6, STM32G414VCT3, STM32G414VCT6, STM32G431CBT3Z, STM32G431RBT3Z, STM32G471CCT6, STM32G471CCU6, STM32G471CET3, STM32G471CET6, STM32G471CEU3, STM32G471CEU6, STM32G471MCT6, STM32G471MET3, STM32G471MET6, STM32G471MEY6TR, STM32G471QCT6, STM32G471QET3, STM32G471RCT6, STM32G471RET3, STM32G471RET6, STM32G471VCH6, STM32G471VCI6, STM32G471VCT6, STM32G471VEH3, STM32G471VEH6, STM32G471VEI3, STM32G471VEI6, STM32G471VET3, STM32G471VET6, STM32G473QET3Z, STM32G473RET3Z, STM32G474CCT6, STM32G491RET3Z, STM32H503CBT6, STM32H503CBU6, STM32H503EBY6TR, STM32H503KBU6, STM32H503RBT6, STM32H523CCT6, STM32H523CCU6, STM32H523CET6, STM32H523CEU6, STM32H523HEY6TR, STM32H523RCT6, STM32H523RET6, STM32H523VCI6, STM32H523VCT6, STM32H523VEI6, STM32H523VET6, STM32H523ZCJ6, STM32H523ZCT6, STM32H523ZEJ6, STM32H523ZET6, STM32H533CET6, STM32H533CEU6, STM32H533HEY6TR, STM32H533RET6, STM32H533VEI6, STM32H533VET6, STM32H533ZEJ6, STM32H533ZET6, STM32H562AGI6, STM32H562AII6, STM32H562IGK6, STM32H562IGT6, STM32H562IIK6, STM32H562IIT6, STM32H562RGT6, STM32H562RGV6, STM32H562RIT6, STM32H562RIV6, STM32H562VGT6, STM32H562VIT6, STM32H562ZGT6, STM32H562ZIT6, STM32H563AGI6, STM32H563AII3Q, STM32H563AII6, STM32H563IGK6, STM32H563IGT6, STM32H563IIK3Q, STM32H563IIK6, STM32H563IIT3Q, STM32H563IIT6, STM32H563MIY3QTR, STM32H563RGT6, STM32H563RGV6, STM32H563RIT6, STM32H563RIV6, STM32H563VGT6, STM32H563VIT3Q, STM32H563VIT6, STM32H563ZGT6, STM32H563ZIT3Q, STM32H563ZIT6, STM32H573AII3Q, STM32H573AII6, STM32H573I-DK, STM32H573IIK3Q, STM32H573IIK6, STM32H573IIT3Q, STM32H573IIT6, STM32H573MIY3QTR, STM32H573RIT6, STM32H573RIV6, STM32H573VIT3Q, STM32H573VIT6, STM32H573ZIT3Q, STM32H573ZIT6, STM32H7R3A8I6, STM32H7R3I8K6, STM32H7R3I8T6, STM32H7R3L8H6, STM32H7R3L8H6H, STM32H7R3R8V6, STM32H7R3V8H6, STM32H7R3V8T6, STM32H7R3V8Y6TR, STM32H7R3Z8J6, STM32H7R3Z8T6, STM32H7R7A8I6, STM32H7R7I8K6, STM32H7R7I8T6, STM32H7R7L8H6, STM32H7R7L8H6H, STM32H7R7Z8J6, STM32H7S3A8I6, STM32H7S3I8K6, STM32H7S3I8T6, STM32H7S3L8H6, STM32H7S3L8H6H, STM32H7S3R8V6, STM32H7S3V8H6, STM32H7S3V8T6, STM32H7S3V8Y6TR, STM32H7S3Z8J6, STM32H7S3Z8T6, STM32H7S78-DK, STM32H7S7A8I6, STM32H7S7I8K6, STM32H7S7I8T6, STM32H7S7L8H6, STM32H7S7L8H6H, STM32H7S7Z8J6, STM32L4R5QGI6STR, STM32MP131AAE3, STM32MP131AAF3, STM32MP131AAG3, STM32MP131CAE3, STM32MP131CAF3, STM32MP131CAG3, STM32MP131DAE7, STM32MP131DAF7, STM32MP131DAG7, STM32MP131FAE7, STM32MP131FAF7, STM32MP131FAG7, STM32MP133AAE3, STM32MP133AAF3, STM32MP133AAG3, STM32MP133CAE3, STM32MP133CAF3, STM32MP133CAG3, STM32MP133DAE7, STM32MP133DAF7, STM32MP133DAG7, STM32MP133FAE7, STM32MP133FAF7, STM32MP133FAG7, STM32MP135AAE3, STM32MP135AAF3, STM32MP135AAG3, STM32MP135CAE3, STM32MP135CAF3, STM32MP135CAG3, STM32MP135DAE7, STM32MP135DAF7, STM32MP135DAG7, STM32MP135F-DK, STM32MP135FAE7, STM32MP135FAF7, STM32MP135FAF7T, STM32MP135FAF7U, STM32MP135FAG7, STM32MP251AAI3, STM32MP251AAK3, STM32MP251AAL3, STM32MP251CAI3, STM32MP251CAK3, STM32MP251CAL3, STM32MP251DAI3, STM32MP251DAK3, STM32MP251DAL3, STM32MP251FAI3, STM32MP251FAK3, STM32MP251FAL3, STM32MP253AAI3, STM32MP253AAK3, STM32MP253AAL3, STM32MP253CAI3, STM32MP253CAK3, STM32MP253CAL3, STM32MP253DAI3, STM32MP253DAK3, STM32MP253DAL3, STM32MP253FAI3, STM32MP253FAK3, STM32MP253FAL3, STM32MP255AAI3, STM32MP255AAK3, STM32MP255AAL3, STM32MP255CAI3, STM32MP255CAK3, STM32MP255CAL3, STM32MP255DAI3, STM32MP255DAK3, STM32MP255DAL3, STM32MP255FAI3, STM32MP255FAK3, STM32MP255FAL3, STM32MP257AAI3, STM32MP257AAK3, STM32MP257AAL3, STM32MP257CAI3, STM32MP257CAK3, STM32MP257CAL3, STM32MP257DAI3, STM32MP257DAK3, STM32MP257DAL3, STM32MP257F-DK, STM32MP257F-EV1, STM32MP257FAI3, STM32MP257FAK3, STM32MP257FAL3, STM32U031C6T6, STM32U031C6U6, STM32U031C8T6, STM32U031C8U6, STM32U031F4P6, STM32U031F6P6, STM32U031F8P6, STM32U031G6Y6TR, STM32U031G8Y6TR, STM32U031K4U6, STM32U031K6U6, STM32U031K8U6, STM32U031R6I6, STM32U031R6T6, STM32U031R8I6, STM32U031R8T6, STM32U073C8T6, STM32U073C8U6, STM32U073CBT6, STM32U073CBU6, STM32U073CCT6, STM32U073CCU6, STM32U073H8Y6TR, STM32U073HBY6TR, STM32U073HCY6TR, STM32U073K8U6, STM32U073KBU6, STM32U073KCU6, STM32U073M8I6, STM32U073M8T6, STM32U073MBI6, STM32U073MBT6, STM32U073MCI6, STM32U073MCT6, STM32U073R8I6, STM32U073R8T6, STM32U073RBI6, STM32U073RBT6, STM32U073RCI6, STM32U073RCT6, STM32U083C-DK, STM32U083CCT6, STM32U083CCU6, STM32U083HCY6TR, STM32U083KCU6, STM32U083MCI6, STM32U083MCT6, STM32U083RCI6, STM32U083RCT6, STM32U535CBT6, STM32U535CBT6Q, STM32U535CBU6, STM32U535CBU6Q, STM32U535CCT6, STM32U535CCT6Q, STM32U535CCU6, STM32U535CCU6Q, STM32U535CET6, STM32U535CET6Q, STM32U535CEU6, STM32U535CEU6Q, STM32U535JEY6QTR, STM32U535NCY6QTR, STM32U535NEY6QTR, STM32U535RBI6, STM32U535RBI6Q, STM32U535RBT6, STM32U535RBT6Q, STM32U535RCI6, STM32U535RCI6Q, STM32U535RCT6, STM32U535RCT6Q, STM32U535REI6, STM32U535REI6Q, STM32U535RET6, STM32U535RET6Q, STM32U535VCI6, STM32U535VCI6Q, STM32U535VCT6, STM32U535VCT6Q, STM32U535VEI6, STM32U535VEI6Q, STM32U535VET6, STM32U535VET6Q, STM32U545CET6, STM32U545CET6Q, STM32U545CEU6, STM32U545CEU6Q, STM32U545JEY6QTR, STM32U545NEY6QTR, STM32U545REI6, STM32U545REI6Q, STM32U545RET6, STM32U545RET6Q, STM32U545VEI6, STM32U545VEI6Q, STM32U545VET6, STM32U545VET6Q, STM32U595AIH6, STM32U595AIH6Q, STM32U595AJH6, STM32U595AJH6Q, STM32U595QII6, STM32U595QII6Q, STM32U595QJI6, STM32U595QJI6Q, STM32U595RIT6, STM32U595RIT6Q, STM32U595RJT6, STM32U595RJT6Q, STM32U595VIT6, STM32U595VIT6Q, STM32U595VJT6, STM32U595VJT6Q, STM32U595ZIT6, STM32U595ZIT6Q, STM32U595ZIY6QTR, STM32U595ZJT6, STM32U595ZJT6Q, STM32U595ZJY6QTR, STM32U599BJY6QTR, STM32U599NIH6Q, STM32U599NJH6Q, STM32U599VIT6Q, STM32U599VJT6, STM32U599VJT6Q, STM32U599ZIT6Q, STM32U599ZIY6QTR, STM32U599ZJT6Q, STM32U599ZJY6QTR, STM32U5A5AJH6, STM32U5A5AJH6Q, STM32U5A5QII3Q , STM32U5A5QJI6, STM32U5A5QJI6Q, STM32U5A5RJT6, STM32U5A5RJT6Q, STM32U5A5VJT6, STM32U5A5VJT6Q, STM32U5A5ZJT6, STM32U5A5ZJT6Q, STM32U5A5ZJY6QTR, STM32U5A9BJY6QTR, STM32U5A9J-DK, STM32U5A9NJH6Q, STM32U5A9VJT6Q, STM32U5A9ZJT6Q, STM32U5A9ZJY6QTR, STM32U5F7VIT6, STM32U5F7VIT6Q, STM32U5F7VJT6, STM32U5F7VJT6Q, STM32U5F9BJY6QTR, STM32U5F9NJH6Q, STM32U5F9VIT6Q, STM32U5F9VJT6Q, STM32U5F9ZIJ6QTR, STM32U5F9ZIT6Q, STM32U5F9ZJJ6QTR, STM32U5F9ZJT6Q, STM32U5G7VJT6, STM32U5G7VJT6Q, STM32U5G9BJY6QTR, STM32U5G9J-DK1, STM32U5G9J-DK2, STM32U5G9NJH6Q, STM32U5G9VJT6Q, STM32U5G9ZJJ6QTR, STM32U5G9ZJT6Q, STM32WB05KZV6TR, STM32WB05KZV7TR, STM32WB05TZF6TR, STM32WB05TZF7TR, STM32WB06CCF6TR, STM32WB06CCF7TR, STM32WB06CCV6TR, STM32WB06CCV7TR, STM32WB06KCV6TR, STM32WB06KCV7TR, STM32WB07CCF6TR, STM32WB07CCF7TR, STM32WB07CCV6TR, STM32WB07CCV7TR, STM32WB07KCV6TR, STM32WB07KCV7TR, STM32WB09KEV6TR, STM32WB09KEV7TR, STM32WB09TEF6TR, STM32WB09TEF7TR, STM32WB1MMCH6, STM32WBA50KGU6, STM32WBA50KGU6TR, STM32WBA52CEU6, STM32WBA52CEU6TR, STM32WBA52CEU7, STM32WBA52CEU7TR, STM32WBA52CGU6, STM32WBA52CGU6TR, STM32WBA52CGU6U, STM32WBA52CGU7, STM32WBA52CGU7TR, STM32WBA52KEU6, STM32WBA52KEU6TR, STM32WBA52KGU6, STM32WBA52KGU6TR, STM32WBA54CEU6, STM32WBA54CEU6TR, STM32WBA54CEU7, STM32WBA54CEU7TR, STM32WBA54CGU6, STM32WBA54CGU6TR, STM32WBA54CGU7, STM32WBA54CGU7TR, STM32WBA54KEU6, STM32WBA54KEU6TR, STM32WBA54KEU7, STM32WBA54KEU7TR, STM32WBA54KGU6, STM32WBA54KGU6TR, STM32WBA54KGU7, STM32WBA54KGU7TR, STM32WBA55CEU6, STM32WBA55CEU6TR, STM32WBA55CEU7, STM32WBA55CEU7TR, STM32WBA55CGU6, STM32WBA55CGU6TR, STM32WBA55CGU6U, STM32WBA55CGU7, STM32WBA55CGU7TR, STM32WBA55G-DK1, STM32WBA55HEF6, STM32WBA55HEF7, STM32WBA55HGF6, STM32WBA55HGF7, STM32WBA55UEI6, STM32WBA55UEI6TR, STM32WBA55UEI7, STM32WBA55UEI7TR, STM32WBA55UGI6, STM32WBA55UGI6TR, STM32WBA55UGI7, STM32WBA55UGI7TR, STM32WL5MOCH6, STM32WL5MOCH6TR]
2024-12-15 13:51:28,208 [INFO] ApiDb:668 - CubeFinder database Data Model version=2.1
2024-12-15 13:51:28,209 [INFO] ApiDb:669 - CubeFinder database Configuration version=3.0.39
2024-12-15 13:51:28,209 [INFO] ApiDb:670 - CubeFinder database generation date=2024-11-21 (1732182206)
2024-12-15 13:51:28,209 [INFO] ApiDb:671 - CubeFinder database FW Pack versions=[FP-ATR-ASTRA1_V2.0.0, FP-SNS-FLIGHT1_V5.0.2, FP-SNS-MOTENV1_V5.0.0, FP-SNS-MOTENVWB1_V1.4.0, FP-SNS-SMARTAG2_V1.2.0, FP-SNS-STBOX1_V2.0.0, STM32Cube_FW_C0_V1.3.0, STM32Cube_FW_F4_V1.28.1, STM32Cube_FW_F7_V1.17.2, STM32Cube_FW_G0_V1.6.2, STM32Cube_FW_G4_V1.6.1, STM32Cube_FW_H5_V1.4.0, STM32Cube_FW_H7RS_V1.1.0, STM32Cube_FW_H7_V1.12.0, STM32Cube_FW_L0_V1.12.2, STM32Cube_FW_L4_V1.18.1, STM32Cube_FW_L5_V1.5.1, STM32Cube_FW_N6_V1.0.0, STM32Cube_FW_U0_V1.2.0, STM32Cube_FW_U3_V1.0.0, STM32Cube_FW_U5_V1.7.0, STM32Cube_FW_WB0_V1.1.0, STM32Cube_FW_WBA_V1.5.0, STM32Cube_FW_WB_V1.21.0, STM32Cube_FW_WL3_V1.0.0, STM32Cube_FW_WL_V1.3.0, X-CUBE-ALGOBUILD_V1.4.0, X-CUBE-ALS_V1.0.2, X-CUBE-AZRTOS-F4_V1.1.0, X-CUBE-AZRTOS-F7_V1.1.0, X-CUBE-AZRTOS-G0_V1.1.0, X-CUBE-AZRTOS-G4_V2.0.0, X-CUBE-AZRTOS-H7RS_V1.0.0, X-CUBE-AZRTOS-H7_V3.3.0, X-CUBE-AZRTOS-L4_V2.0.0, X-CUBE-AZRTOS-L5_V2.0.0, X-CUBE-AZRTOS-WB_V2.0.0, X-CUBE-AZRTOS-WL_V2.0.0, X-CUBE-BLE1_V7.0.0, X-CUBE-BLE2_V3.3.0, X-CUBE-BLEMGR_V3.1.0, X-CUBE-EEPRMA1_V5.1.0, X-CUBE-FREERTOS_V1.2.0, X-CUBE-GNSS1_V6.0.0, X-CUBE-MEMS1_V11.0.0, X-CUBE-NFC4_V3.0.0, X-CUBE-NFC7_V1.0.1, X-CUBE-SFXS2LP1_V4.0.0, X-CUBE-SUBG2_V5.0.0, X-CUBE-TOF1_V3.4.2]
2024-12-15 13:51:32,302 [INFO] ApiDb:240 - Found 646 in-development CPN: [B-G473E-ZEST1S, B-WB1M-WPAN1, B-WL5M-SUBG1, NUCLEO-C031C6, NUCLEO-C071RB, NUCLEO-H503RB, NUCLEO-H533RE, NUCLEO-H563ZI, NUCLEO-H7S3L8, NUCLEO-U031R8, NUCLEO-U083RC, NUCLEO-U545RE-Q, NUCLEO-U5A5ZJ-Q, NUCLEO-WB05KZ, NUCLEO-WB07CC, NUCLEO-WB09KE, NUCLEO-WBA52CG, NUCLEO-WBA55CG, STEVAL-PROTEUS1, STEVAL-SMARTAG2, STEVAL-STWINBX1, STM320518-EVAL, STM32C0116-DK, STM32C011D6Y3TR, STM32C011D6Y6TR, STM32C011F4P3, STM32C011F4P6, STM32C011F4U3, STM32C011F4U6TR, STM32C011F6P3, STM32C011F6P6, STM32C011F6U3, STM32C011F6U6TR, STM32C011J4M3, STM32C011J4M6, STM32C011J6M3, STM32C011J6M6, STM32C0316-DK, STM32C031C4T3, STM32C031C4T6, STM32C031C4U3, STM32C031C4U6, STM32C031C6T3, STM32C031C6T6, STM32C031C6U3, STM32C031C6U6, STM32C031F4P3, STM32C031F4P6, STM32C031F6P3, STM32C031F6P6, STM32C031G4U3, STM32C031G4U6, STM32C031G6U3, STM32C031G6U6, STM32C031K4T3, STM32C031K4T6, STM32C031K4U3, STM32C031K4U6, STM32C031K6T3, STM32C031K6T6, STM32C031K6U3, STM32C031K6U6, STM32C071C8T6, STM32C071C8T6N, STM32C071C8U6, STM32C071C8U6N, STM32C071CBT6, STM32C071CBT6N, STM32C071CBU6, STM32C071CBU6N, STM32C071F8P6, STM32C071F8P6N, STM32C071FBP6, STM32C071FBP6N, STM32C071FBY6TR, STM32C071G8U6, STM32C071G8U6N, STM32C071GBU6, STM32C071GBU6N, STM32C071K8T6, STM32C071K8T6N, STM32C071K8U6, STM32C071K8U6N, STM32C071KBT6, STM32C071KBT6N, STM32C071KBU6, STM32C071KBU6N, STM32C071R8T6, STM32C071R8T6N, STM32C071RBI6N, STM32C071RBT6, STM32C071RBT6N, STM32G071K8TXN, STM32G071K8UXN, STM32G081GBU6N, STM32G081KBT6N, STM32G081KBUXN, STM32G0B1CCT6N, STM32G0B1KCT6, STM32G0B1NEY6TR, STM32G0B1RCT6N, STM32G0C1CCT6, STM32G0C1CCT6N, STM32G0C1CCU6N, STM32G0C1CET6N, STM32G0C1CEU6N, STM32G0C1KCT6, STM32G0C1NEY6TR, STM32G0C1RCI6N, STM32G0C1RCT6N, STM32G0C1REI6N, STM32G0C1RET6N, STM32G0C1VCI6, STM32G0C1VEI6, STM32G411C6T3, STM32G411C6T6, STM32G411C6U3, STM32G411C6U6, STM32G411C8T3, STM32G411C8T6, STM32G411C8U3, STM32G411C8U6, STM32G411CBT3, STM32G411CBT6, STM32G411CBU3, STM32G411CBU6, STM32G411K6T3, STM32G411K6T6, STM32G411K6U3, STM32G411K6U6, STM32G411K8T3, STM32G411K8T6, STM32G411K8U3, STM32G411K8U6, STM32G411KBT3, STM32G411KBT6, STM32G411KBU3, STM32G411KBU6, STM32G411M6T3, STM32G411M6T6, STM32G411M8T3, STM32G411M8T6, STM32G411MBT3, STM32G411MBT6, STM32G411R6T3, STM32G411R6T6, STM32G411R8T3, STM32G411R8T6, STM32G411RBT3, STM32G411RBT6, STM32G414CBT3, STM32G414CBT6, STM32G414CBU3, STM32G414CBU6, STM32G414CCT3, STM32G414CCT6, STM32G414CCU3, STM32G414CCU6, STM32G414MBT3, STM32G414MBT6, STM32G414MCT3, STM32G414MCT6, STM32G414RBT3, STM32G414RBT6, STM32G414RCT3, STM32G414RCT6, STM32G414VBT3, STM32G414VBT6, STM32G414VCT3, STM32G414VCT6, STM32G431CBT3Z, STM32G431RBT3Z, STM32G471CCT6, STM32G471CCU6, STM32G471CET3, STM32G471CET6, STM32G471CEU3, STM32G471CEU6, STM32G471MCT6, STM32G471MET3, STM32G471MET6, STM32G471MEY6TR, STM32G471QCT6, STM32G471QET3, STM32G471RCT6, STM32G471RET3, STM32G471RET6, STM32G471VCH6, STM32G471VCI6, STM32G471VCT6, STM32G471VEH3, STM32G471VEH6, STM32G471VEI3, STM32G471VEI6, STM32G471VET3, STM32G471VET6, STM32G473QET3Z, STM32G473RET3Z, STM32G474CCT6, STM32G491RET3Z, STM32H503CBT6, STM32H503CBU6, STM32H503EBY6TR, STM32H503KBU6, STM32H503RBT6, STM32H523CCT6, STM32H523CCU6, STM32H523CET6, STM32H523CEU6, STM32H523HEY6TR, STM32H523RCT6, STM32H523RET6, STM32H523VCI6, STM32H523VCT6, STM32H523VEI6, STM32H523VET6, STM32H523ZCJ6, STM32H523ZCT6, STM32H523ZEJ6, STM32H523ZET6, STM32H533CET6, STM32H533CEU6, STM32H533HEY6TR, STM32H533RET6, STM32H533VEI6, STM32H533VET6, STM32H533ZEJ6, STM32H533ZET6, STM32H562AGI6, STM32H562AII6, STM32H562IGK6, STM32H562IGT6, STM32H562IIK6, STM32H562IIT6, STM32H562RGT6, STM32H562RGV6, STM32H562RIT6, STM32H562RIV6, STM32H562VGT6, STM32H562VIT6, STM32H562ZGT6, STM32H562ZIT6, STM32H563AGI6, STM32H563AII3Q, STM32H563AII6, STM32H563IGK6, STM32H563IGT6, STM32H563IIK3Q, STM32H563IIK6, STM32H563IIT3Q, STM32H563IIT6, STM32H563MIY3QTR, STM32H563RGT6, STM32H563RGV6, STM32H563RIT6, STM32H563RIV6, STM32H563VGT6, STM32H563VIT3Q, STM32H563VIT6, STM32H563ZGT6, STM32H563ZIT3Q, STM32H563ZIT6, STM32H573AII3Q, STM32H573AII6, STM32H573I-DK, STM32H573IIK3Q, STM32H573IIK6, STM32H573IIT3Q, STM32H573IIT6, STM32H573MIY3QTR, STM32H573RIT6, STM32H573RIV6, STM32H573VIT3Q, STM32H573VIT6, STM32H573ZIT3Q, STM32H573ZIT6, STM32H7R3A8I6, STM32H7R3I8K6, STM32H7R3I8T6, STM32H7R3L8H6, STM32H7R3L8H6H, STM32H7R3R8V6, STM32H7R3V8H6, STM32H7R3V8T6, STM32H7R3V8Y6TR, STM32H7R3Z8J6, STM32H7R3Z8T6, STM32H7R7A8I6, STM32H7R7I8K6, STM32H7R7I8T6, STM32H7R7L8H6, STM32H7R7L8H6H, STM32H7R7Z8J6, STM32H7S3A8I6, STM32H7S3I8K6, STM32H7S3I8T6, STM32H7S3L8H6, STM32H7S3L8H6H, STM32H7S3R8V6, STM32H7S3V8H6, STM32H7S3V8T6, STM32H7S3V8Y6TR, STM32H7S3Z8J6, STM32H7S3Z8T6, STM32H7S78-DK, STM32H7S7A8I6, STM32H7S7I8K6, STM32H7S7I8T6, STM32H7S7L8H6, STM32H7S7L8H6H, STM32H7S7Z8J6, STM32L4R5QGI6STR, STM32MP131AAE3, STM32MP131AAF3, STM32MP131AAG3, STM32MP131CAE3, STM32MP131CAF3, STM32MP131CAG3, STM32MP131DAE7, STM32MP131DAF7, STM32MP131DAG7, STM32MP131FAE7, STM32MP131FAF7, STM32MP131FAG7, STM32MP133AAE3, STM32MP133AAF3, STM32MP133AAG3, STM32MP133CAE3, STM32MP133CAF3, STM32MP133CAG3, STM32MP133DAE7, STM32MP133DAF7, STM32MP133DAG7, STM32MP133FAE7, STM32MP133FAF7, STM32MP133FAG7, STM32MP135AAE3, STM32MP135AAF3, STM32MP135AAG3, STM32MP135CAE3, STM32MP135CAF3, STM32MP135CAG3, STM32MP135DAE7, STM32MP135DAF7, STM32MP135DAG7, STM32MP135F-DK, STM32MP135FAE7, STM32MP135FAF7, STM32MP135FAF7T, STM32MP135FAF7U, STM32MP135FAG7, STM32MP251AAI3, STM32MP251AAK3, STM32MP251AAL3, STM32MP251CAI3, STM32MP251CAK3, STM32MP251CAL3, STM32MP251DAI3, STM32MP251DAK3, STM32MP251DAL3, STM32MP251FAI3, STM32MP251FAK3, STM32MP251FAL3, STM32MP253AAI3, STM32MP253AAK3, STM32MP253AAL3, STM32MP253CAI3, STM32MP253CAK3, STM32MP253CAL3, STM32MP253DAI3, STM32MP253DAK3, STM32MP253DAL3, STM32MP253FAI3, STM32MP253FAK3, STM32MP253FAL3, STM32MP255AAI3, STM32MP255AAK3, STM32MP255AAL3, STM32MP255CAI3, STM32MP255CAK3, STM32MP255CAL3, STM32MP255DAI3, STM32MP255DAK3, STM32MP255DAL3, STM32MP255FAI3, STM32MP255FAK3, STM32MP255FAL3, STM32MP257AAI3, STM32MP257AAK3, STM32MP257AAL3, STM32MP257CAI3, STM32MP257CAK3, STM32MP257CAL3, STM32MP257DAI3, STM32MP257DAK3, STM32MP257DAL3, STM32MP257F-DK, STM32MP257F-EV1, STM32MP257FAI3, STM32MP257FAK3, STM32MP257FAL3, STM32U031C6T6, STM32U031C6U6, STM32U031C8T6, STM32U031C8U6, STM32U031F4P6, STM32U031F6P6, STM32U031F8P6, STM32U031G6Y6TR, STM32U031G8Y6TR, STM32U031K4U6, STM32U031K6U6, STM32U031K8U6, STM32U031R6I6, STM32U031R6T6, STM32U031R8I6, STM32U031R8T6, STM32U073C8T6, STM32U073C8U6, STM32U073CBT6, STM32U073CBU6, STM32U073CCT6, STM32U073CCU6, STM32U073H8Y6TR, STM32U073HBY6TR, STM32U073HCY6TR, STM32U073K8U6, STM32U073KBU6, STM32U073KCU6, STM32U073M8I6, STM32U073M8T6, STM32U073MBI6, STM32U073MBT6, STM32U073MCI6, STM32U073MCT6, STM32U073R8I6, STM32U073R8T6, STM32U073RBI6, STM32U073RBT6, STM32U073RCI6, STM32U073RCT6, STM32U083C-DK, STM32U083CCT6, STM32U083CCU6, STM32U083HCY6TR, STM32U083KCU6, STM32U083MCI6, STM32U083MCT6, STM32U083RCI6, STM32U083RCT6, STM32U535CBT6, STM32U535CBT6Q, STM32U535CBU6, STM32U535CBU6Q, STM32U535CCT6, STM32U535CCT6Q, STM32U535CCU6, STM32U535CCU6Q, STM32U535CET6, STM32U535CET6Q, STM32U535CEU6, STM32U535CEU6Q, STM32U535JEY6QTR, STM32U535NCY6QTR, STM32U535NEY6QTR, STM32U535RBI6, STM32U535RBI6Q, STM32U535RBT6, STM32U535RBT6Q, STM32U535RCI6, STM32U535RCI6Q, STM32U535RCT6, STM32U535RCT6Q, STM32U535REI6, STM32U535REI6Q, STM32U535RET6, STM32U535RET6Q, STM32U535VCI6, STM32U535VCI6Q, STM32U535VCT6, STM32U535VCT6Q, STM32U535VEI6, STM32U535VEI6Q, STM32U535VET6, STM32U535VET6Q, STM32U545CET6, STM32U545CET6Q, STM32U545CEU6, STM32U545CEU6Q, STM32U545JEY6QTR, STM32U545NEY6QTR, STM32U545REI6, STM32U545REI6Q, STM32U545RET6, STM32U545RET6Q, STM32U545VEI6, STM32U545VEI6Q, STM32U545VET6, STM32U545VET6Q, STM32U595AIH6, STM32U595AIH6Q, STM32U595AJH6, STM32U595AJH6Q, STM32U595QII6, STM32U595QII6Q, STM32U595QJI6, STM32U595QJI6Q, STM32U595RIT6, STM32U595RIT6Q, STM32U595RJT6, STM32U595RJT6Q, STM32U595VIT6, STM32U595VIT6Q, STM32U595VJT6, STM32U595VJT6Q, STM32U595ZIT6, STM32U595ZIT6Q, STM32U595ZIY6QTR, STM32U595ZJT6, STM32U595ZJT6Q, STM32U595ZJY6QTR, STM32U599BJY6QTR, STM32U599NIH6Q, STM32U599NJH6Q, STM32U599VIT6Q, STM32U599VJT6, STM32U599VJT6Q, STM32U599ZIT6Q, STM32U599ZIY6QTR, STM32U599ZJT6Q, STM32U599ZJY6QTR, STM32U5A5AJH6, STM32U5A5AJH6Q, STM32U5A5QII3Q , STM32U5A5QJI6, STM32U5A5QJI6Q, STM32U5A5RJT6, STM32U5A5RJT6Q, STM32U5A5VJT6, STM32U5A5VJT6Q, STM32U5A5ZJT6, STM32U5A5ZJT6Q, STM32U5A5ZJY6QTR, STM32U5A9BJY6QTR, STM32U5A9J-DK, STM32U5A9NJH6Q, STM32U5A9VJT6Q, STM32U5A9ZJT6Q, STM32U5A9ZJY6QTR, STM32U5F7VIT6, STM32U5F7VIT6Q, STM32U5F7VJT6, STM32U5F7VJT6Q, STM32U5F9BJY6QTR, STM32U5F9NJH6Q, STM32U5F9VIT6Q, STM32U5F9VJT6Q, STM32U5F9ZIJ6QTR, STM32U5F9ZIT6Q, STM32U5F9ZJJ6QTR, STM32U5F9ZJT6Q, STM32U5G7VJT6, STM32U5G7VJT6Q, STM32U5G9BJY6QTR, STM32U5G9J-DK1, STM32U5G9J-DK2, STM32U5G9NJH6Q, STM32U5G9VJT6Q, STM32U5G9ZJJ6QTR, STM32U5G9ZJT6Q, STM32WB05KZV6TR, STM32WB05KZV7TR, STM32WB05TZF6TR, STM32WB05TZF7TR, STM32WB06CCF6TR, STM32WB06CCF7TR, STM32WB06CCV6TR, STM32WB06CCV7TR, STM32WB06KCV6TR, STM32WB06KCV7TR, STM32WB07CCF6TR, STM32WB07CCF7TR, STM32WB07CCV6TR, STM32WB07CCV7TR, STM32WB07KCV6TR, STM32WB07KCV7TR, STM32WB09KEV6TR, STM32WB09KEV7TR, STM32WB09TEF6TR, STM32WB09TEF7TR, STM32WB1MMCH6, STM32WBA50KGU6, STM32WBA50KGU6TR, STM32WBA52CEU6, STM32WBA52CEU6TR, STM32WBA52CEU7, STM32WBA52CEU7TR, STM32WBA52CGU6, STM32WBA52CGU6TR, STM32WBA52CGU6U, STM32WBA52CGU7, STM32WBA52CGU7TR, STM32WBA52KEU6, STM32WBA52KEU6TR, STM32WBA52KGU6, STM32WBA52KGU6TR, STM32WBA54CEU6, STM32WBA54CEU6TR, STM32WBA54CEU7, STM32WBA54CEU7TR, STM32WBA54CGU6, STM32WBA54CGU6TR, STM32WBA54CGU7, STM32WBA54CGU7TR, STM32WBA54KEU6, STM32WBA54KEU6TR, STM32WBA54KEU7, STM32WBA54KEU7TR, STM32WBA54KGU6, STM32WBA54KGU6TR, STM32WBA54KGU7, STM32WBA54KGU7TR, STM32WBA55CEU6, STM32WBA55CEU6TR, STM32WBA55CEU7, STM32WBA55CEU7TR, STM32WBA55CGU6, STM32WBA55CGU6TR, STM32WBA55CGU6U, STM32WBA55CGU7, STM32WBA55CGU7TR, STM32WBA55G-DK1, STM32WBA55HEF6, STM32WBA55HEF7, STM32WBA55HGF6, STM32WBA55HGF7, STM32WBA55UEI6, STM32WBA55UEI6TR, STM32WBA55UEI7, STM32WBA55UEI7TR, STM32WBA55UGI6, STM32WBA55UGI6TR, STM32WBA55UGI7, STM32WBA55UGI7TR, STM32WL5MOCH6, STM32WL5MOCH6TR]
2024-12-15 13:51:32,310 [INFO] DbMcus:218 - Found 4389 MCUs, 4389 are supported
2024-12-15 13:51:32,312 [INFO] ApiDb:423 - Load user favorites file C:\Users\leona/.stm32cubeide/favorites.mcus.txt: 0 item(s)
2024-12-15 13:51:32,313 [INFO] ApiDb:427 - User favorites MCUs=[]
2024-12-15 13:51:32,313 [INFO] DbMcus:224 - Set 0 / 0 favorites MCUs
2024-12-15 13:51:33,528 [INFO] BoardInfo:889 - No configuration file found for board P-NUCLEO-WB55
2024-12-15 13:51:33,529 [INFO] DbBoards:161 - Kit is not supported: P-NUCLEO-WB55
2024-12-15 13:51:33,539 [INFO] BoardInfo:889 - No configuration file found for board STEVAL-BFA001V1B
2024-12-15 13:51:33,541 [INFO] DbBoards:161 - Kit is not supported: STEVAL-BFA001V1B
2024-12-15 13:51:33,544 [INFO] BoardInfo:889 - No configuration file found for board STEVAL-BFA001V2B
2024-12-15 13:51:33,545 [INFO] DbBoards:161 - Kit is not supported: STEVAL-BFA001V2B
2024-12-15 13:51:33,887 [INFO] DbBoards:168 - Found 201 boards, 198 are supported
2024-12-15 13:51:33,888 [INFO] DbBoards:169 - Found 201 boards, 25 of them is supported for  Bsp
2024-12-15 13:51:33,892 [INFO] ApiDb:423 - Load user favorites file C:\Users\leona/.stm32cubeide/favorites.boards.txt: 0 item(s)
2024-12-15 13:51:33,893 [INFO] ApiDb:427 - User favorites Boards=[]
2024-12-15 13:51:33,893 [INFO] DbBoards:198 - Set 0 / 0 favorites Boards
2024-12-15 13:51:33,977 [INFO] UtilMem:75 - End LoadConfig() Used Memory: 923953272 Bytes (1073741824)
2024-12-15 13:51:34,327 [WARN] ThirdParty:833 - waiting for thirdparty lock release [change project]
2024-12-15 13:51:34,328 [INFO] ThirdParty:835 - entering critical section [change project]
2024-12-15 13:51:34,328 [INFO] ThirdParty:1030 - CMSIS Pack Vendor :STMicroelectronics USBPD 4.1
2024-12-15 13:51:34,328 [INFO] ThirdParty:1030 - CMSIS Pack Vendor :STMicroelectronics X-CUBE-AZRTOS-H7 3.3.0
2024-12-15 13:51:34,328 [INFO] ThirdParty:1030 - CMSIS Pack Vendor :STMicroelectronics X-CUBE-NFC9 1.0.0
2024-12-15 13:51:34,328 [INFO] ThirdParty:1030 - CMSIS Pack Vendor :STMicroelectronics USB_HOST 2.0.0
2024-12-15 13:51:34,328 [INFO] ThirdParty:1030 - CMSIS Pack Vendor :STMicroelectronics FP-SNS-MOTENVWB1 1.4.0
2024-12-15 13:51:34,328 [INFO] ThirdParty:1030 - CMSIS Pack Vendor :STMicroelectronics X-CUBE-AZRTOS-F4 1.1.0
2024-12-15 13:51:34,329 [INFO] ThirdParty:1030 - CMSIS Pack Vendor :STMicroelectronics LIBJPEG 8.0.0
2024-12-15 13:51:34,329 [INFO] ThirdParty:1030 - CMSIS Pack Vendor :STMicroelectronics FP-ATR-ASTRA1 2.0.1
2024-12-15 13:51:34,329 [INFO] ThirdParty:1030 - CMSIS Pack Vendor :STMicroelectronics X-CUBE-SMBUS 2.1.0
2024-12-15 13:51:34,329 [INFO] ThirdParty:1030 - CMSIS Pack Vendor :STMicroelectronics X-CUBE-WB05N 1.1.0
2024-12-15 13:51:34,329 [INFO] ThirdParty:1030 - CMSIS Pack Vendor :STMicroelectronics USB_DEVICE 3.0.0
2024-12-15 13:51:34,329 [INFO] ThirdParty:1030 - CMSIS Pack Vendor :STMicroelectronics X-CUBE-TCPP 4.1.0
2024-12-15 13:51:34,329 [INFO] ThirdParty:1030 - CMSIS Pack Vendor :STMicroelectronics X-CUBE-ISPU 2.1.0
2024-12-15 13:51:34,329 [INFO] ThirdParty:1030 - CMSIS Pack Vendor :STMicroelectronics X-CUBE-FREERTOS 1.2.0
2024-12-15 13:51:34,329 [INFO] ThirdParty:1030 - CMSIS Pack Vendor :STMicroelectronics X-CUBE-IPS 3.0.0
2024-12-15 13:51:34,330 [INFO] ThirdParty:1030 - CMSIS Pack Vendor :STMicroelectronics X-CUBE-AZRTOS-WB 2.0.0
2024-12-15 13:51:34,330 [INFO] ThirdParty:1030 - CMSIS Pack Vendor :STMicroelectronics X-CUBE-GNSS1 7.0.0
2024-12-15 13:51:34,330 [INFO] ThirdParty:1030 - CMSIS Pack Vendor :STMicroelectronics X-CUBE-AZRTOS-F7 1.1.0
2024-12-15 13:51:34,330 [INFO] ThirdParty:1030 - CMSIS Pack Vendor :STMicroelectronics X-CUBE-AZRTOS-L5 2.0.0
2024-12-15 13:51:34,330 [INFO] ThirdParty:1030 - CMSIS Pack Vendor :STMicroelectronics USB_DEVICE 2.0.0
2024-12-15 13:51:34,330 [INFO] ThirdParty:1030 - CMSIS Pack Vendor :STMicroelectronics X-CUBE-NFC6 3.1.0
2024-12-15 13:51:34,330 [INFO] ThirdParty:1030 - CMSIS Pack Vendor :STMicroelectronics FP-SNS-STBOX1 2.0.0
2024-12-15 13:51:34,331 [INFO] ThirdParty:1030 - CMSIS Pack Vendor :STMicroelectronics X-CUBE-MEMS1 11.0.0
2024-12-15 13:51:34,331 [INFO] ThirdParty:1030 - CMSIS Pack Vendor :STMicroelectronics FreeRTOS 0.0.1
2024-12-15 13:51:34,331 [INFO] ThirdParty:1030 - CMSIS Pack Vendor :STMicroelectronics X-CUBE-AZRTOS-G0 1.1.0
2024-12-15 13:51:34,331 [INFO] ThirdParty:1030 - CMSIS Pack Vendor :STMicroelectronics X-CUBE-SAFEA1 1.2.2
2024-12-15 13:51:34,331 [INFO] ThirdParty:1030 - CMSIS Pack Vendor :STMicroelectronics X-CUBE-NFC4 3.0.0
2024-12-15 13:51:34,331 [INFO] ThirdParty:1030 - CMSIS Pack Vendor :STMicroelectronics X-CUBE-DPower 1.2.0
2024-12-15 13:51:34,331 [INFO] ThirdParty:1030 - CMSIS Pack Vendor :STMicroelectronics X-CUBE-SUBG2 5.0.0
2024-12-15 13:51:34,331 [INFO] ThirdParty:1030 - CMSIS Pack Vendor :STMicroelectronics STM32_WPAN 1.0.0
2024-12-15 13:51:34,332 [INFO] ThirdParty:1030 - CMSIS Pack Vendor :EmbeddedOffice I-CUBE-FS-RTOS 1.0.1
2024-12-15 13:51:34,333 [INFO] ThirdParty:1030 - CMSIS Pack Vendor :STMicroelectronics lwIP 2.0.3
2024-12-15 13:51:34,333 [INFO] ThirdParty:1030 - CMSIS Pack Vendor :STMicroelectronics FP-SNS-FLIGHT1 5.0.2
2024-12-15 13:51:34,333 [INFO] ThirdParty:1030 - CMSIS Pack Vendor :Cesanta I-CUBE-Mongoose 7.13.0
2024-12-15 13:51:34,333 [INFO] ThirdParty:1030 - CMSIS Pack Vendor :STMicroelectronics USB_HOST 1.0.0
2024-12-15 13:51:34,333 [INFO] ThirdParty:1030 - CMSIS Pack Vendor :Infineon AIROC-Wi-Fi-Bluetooth-STM32 1.7.0
2024-12-15 13:51:34,333 [INFO] ThirdParty:1030 - CMSIS Pack Vendor :STMicroelectronics X-CUBE-AZRTOS-G4 2.0.0
2024-12-15 13:51:34,333 [INFO] ThirdParty:1030 - CMSIS Pack Vendor :STMicroelectronics PDM2PCM 3.1.0
2024-12-15 13:51:34,334 [INFO] ThirdParty:1030 - CMSIS Pack Vendor :STMicroelectronics PDM2PCM 3.3.0
2024-12-15 13:51:34,334 [INFO] ThirdParty:1030 - CMSIS Pack Vendor :STMicroelectronics X-CUBE-DISPLAY 3.0.0
2024-12-15 13:51:34,334 [INFO] ThirdParty:1030 - CMSIS Pack Vendor :RealThread X-CUBE-RT-Thread_Nano 4.1.1
2024-12-15 13:51:34,334 [INFO] ThirdParty:1030 - CMSIS Pack Vendor :STMicroelectronics X-CUBE-BLE1 7.0.0
2024-12-15 13:51:34,334 [INFO] ThirdParty:1030 - CMSIS Pack Vendor :STMicroelectronics FP-ATR-SIGFOX1 3.2.0
2024-12-15 13:51:34,334 [INFO] ThirdParty:1030 - CMSIS Pack Vendor :STMicroelectronics X-CUBE-NFC10 1.0.0
2024-12-15 13:51:34,334 [INFO] ThirdParty:1030 - CMSIS Pack Vendor :quantropi X-CUBE-qispace-sdk-base 1.9.3
2024-12-15 13:51:34,334 [INFO] ThirdParty:1030 - CMSIS Pack Vendor :STMicroelectronics X-CUBE-BLEMGR 4.0.0
2024-12-15 13:51:34,334 [INFO] ThirdParty:1030 - CMSIS Pack Vendor :STMicroelectronics X-CUBE-EEPRMA1 5.1.0
2024-12-15 13:51:34,334 [INFO] ThirdParty:1030 - CMSIS Pack Vendor :STMicroelectronics HAL Drivers 0.0.0
2024-12-15 13:51:34,335 [INFO] ThirdParty:1030 - CMSIS Pack Vendor :STMicroelectronics MBEDTLS 2.16.2
2024-12-15 13:51:34,335 [INFO] ThirdParty:1030 - CMSIS Pack Vendor :STMicroelectronics X-CUBE-ALS 1.0.2
2024-12-15 13:51:34,335 [INFO] ThirdParty:1030 - CMSIS Pack Vendor :emotas I-CUBE-CANOPEN 1.3.0
2024-12-15 13:51:34,335 [INFO] ThirdParty:1030 - CMSIS Pack Vendor :STMicroelectronics X-CUBE-FREERTOS 1.3.0
2024-12-15 13:51:34,335 [INFO] ThirdParty:1030 - CMSIS Pack Vendor :wolfSSL I-CUBE-wolfSSL 5.7.4
2024-12-15 13:51:34,335 [INFO] ThirdParty:1030 - CMSIS Pack Vendor :STMicroelectronics X-CUBE-NFC7 1.0.1
2024-12-15 13:51:34,335 [INFO] ThirdParty:1030 - CMSIS Pack Vendor :STMicroelectronics MBEDTLS 2.14.1
2024-12-15 13:51:34,335 [INFO] ThirdParty:1030 - CMSIS Pack Vendor :ITTIA_DB I-CUBE-ITTIADB 8.9.0
2024-12-15 13:51:34,335 [INFO] ThirdParty:1030 - CMSIS Pack Vendor :STMicroelectronics X-CUBE-TOUCHGFX 4.24.1
2024-12-15 13:51:34,336 [INFO] ThirdParty:1030 - CMSIS Pack Vendor :wolfSSL I-CUBE-wolfTPM 3.4.0
2024-12-15 13:51:34,336 [INFO] ThirdParty:1030 - CMSIS Pack Vendor :portGmbH I-Cube-SoM-uGOAL 1.1.0
2024-12-15 13:51:34,336 [INFO] ThirdParty:1030 - CMSIS Pack Vendor :STMicroelectronics ThreadX 1.0.0
2024-12-15 13:51:34,336 [INFO] ThirdParty:1030 - CMSIS Pack Vendor :STMicroelectronics FP-SNS-SMARTAG2 1.2.0
2024-12-15 13:51:34,336 [INFO] ThirdParty:1030 - CMSIS Pack Vendor :STMicroelectronics X-CUBE-AZRTOS-WL 2.0.0
2024-12-15 13:51:34,336 [INFO] ThirdParty:1030 - CMSIS Pack Vendor :SEGGER I-CUBE-embOS 1.3.1
2024-12-15 13:51:34,336 [INFO] ThirdParty:1030 - CMSIS Pack Vendor :STMicroelectronics X-CUBE-ALGOBUILD 1.4.0
2024-12-15 13:51:34,337 [INFO] ThirdParty:1030 - CMSIS Pack Vendor :STMicroelectronics FP-SNS-MOTENV1 5.0.0
2024-12-15 13:51:34,337 [INFO] ThirdParty:1030 - CMSIS Pack Vendor :STMicroelectronics USB_DEVICE 1.0.0
2024-12-15 13:51:34,337 [INFO] ThirdParty:1030 - CMSIS Pack Vendor :STMicroelectronics X-CUBE-AZRTOS-H7RS 1.0.0
2024-12-15 13:51:34,337 [INFO] ThirdParty:1030 - CMSIS Pack Vendor :wolfSSL I-CUBE-wolfMQTT 1.19.0
2024-12-15 13:51:34,337 [INFO] ThirdParty:1030 - CMSIS Pack Vendor :STMicroelectronics X-CUBE-AZRTOS-L4 2.0.0
2024-12-15 13:51:34,337 [INFO] ThirdParty:1030 - CMSIS Pack Vendor :STMicroelectronics ThreadX 0.0.2
2024-12-15 13:51:34,337 [INFO] ThirdParty:1030 - CMSIS Pack Vendor :WES I-CUBE-Cesium 1.3.0
2024-12-15 13:51:34,337 [INFO] ThirdParty:1030 - CMSIS Pack Vendor :STMicroelectronics lwIP 2.1.2
2024-12-15 13:51:34,338 [INFO] ThirdParty:1030 - CMSIS Pack Vendor :STMicroelectronics X-CUBE-SFXS2LP1 4.0.0
2024-12-15 13:51:34,338 [INFO] ThirdParty:1030 - CMSIS Pack Vendor :STMicroelectronics X-CUBE-BLE2 3.3.0
2024-12-15 13:51:34,338 [INFO] ThirdParty:1030 - CMSIS Pack Vendor :STMicroelectronics X-CUBE-TOF1 3.4.2
2024-12-15 13:51:34,338 [INFO] ThirdParty:1030 - CMSIS Pack Vendor :STMicroelectronics X-CUBE-AI 9.1.0
2024-12-15 13:51:34,338 [INFO] ThirdParty:1030 - CMSIS Pack Vendor :STMicroelectronics PDM2PCM 3.2.0
2024-12-15 13:51:34,338 [INFO] ThirdParty:1030 - CMSIS Pack Vendor :wolfSSL I-CUBE-wolfSSH 1.4.17
2024-12-15 13:51:34,339 [INFO] ThirdParty:841 - exiting critical section [change project]
2024-12-15 13:51:36,154 [INFO] PinOutPanel:1561 - setPackage(No Configuration,No Configuration)
2024-12-15 13:51:36,161 [INFO] PinOutPanel:1561 - setPackage(STM32G431CBUx,UFQFPN48)
2024-12-15 13:51:39,008 [INFO] UtilMem:75 - Before build in PCC Used Memory: 790664280 Bytes (1073741824)
2024-12-15 13:51:41,559 [INFO] UtilMem:75 - After build in PCC Used Memory: 915204216 Bytes (1073741824)
2024-12-15 13:51:41,888 [INFO] ApiDbMcu:508 - Load IP Config File for USB_Device
2024-12-15 13:51:41,889 [INFO] Middleware:612 - instanceName : USB_DEVICE bspName : BCD Detection check condition failed for : SEM_BCD_ENABLED
2024-12-15 13:51:41,889 [INFO] Middleware:612 - instanceName : USB_DEVICE bspName : BCD Detection check condition failed for : SEM_BCD_ENABLED
2024-12-15 13:51:41,889 [INFO] Middleware:612 - instanceName : USB_DEVICE bspName : BCD Detection check condition failed for : SEM_BCD_ENABLED
2024-12-15 13:51:41,889 [INFO] Middleware:612 - instanceName : USB_DEVICE bspName : BCD Detection check condition failed for : SEM_BCD_ENABLED
2024-12-15 13:51:41,890 [INFO] Middleware:612 - instanceName : USB_DEVICE bspName : BCD Detection check condition failed for : SEM_BCD_ENABLED
2024-12-15 13:51:41,890 [INFO] Middleware:612 - instanceName : USB_DEVICE bspName : BCD Detection check condition failed for : SEM_BCD_ENABLED
2024-12-15 13:51:41,890 [INFO] Middleware:612 - instanceName : USB_DEVICE bspName : BCD Detection check condition failed for : SEM_BCD_ENABLED
2024-12-15 13:51:41,890 [INFO] Middleware:612 - instanceName : USB_DEVICE bspName : BCD Detection check condition failed for : SEM_BCD_ENABLED
2024-12-15 13:51:41,890 [INFO] Middleware:612 - instanceName : USB_DEVICE bspName : BCD Detection check condition failed for : SEM_BCD_ENABLED
2024-12-15 13:51:41,890 [INFO] Middleware:612 - instanceName : USB_DEVICE bspName : BCD Detection check condition failed for : SEM_BCD_ENABLED
2024-12-15 13:51:41,890 [INFO] Middleware:612 - instanceName : USB_DEVICE bspName : BCD Detection check condition failed for : SEM_BCD_ENABLED
2024-12-15 13:51:41,891 [INFO] Middleware:612 - instanceName : USB_DEVICE bspName : BCD Detection check condition failed for : SEM_BCD_ENABLED
2024-12-15 13:51:41,891 [INFO] Middleware:612 - instanceName : USB_DEVICE bspName : BCD Detection check condition failed for : SEM_BCD_ENABLED
2024-12-15 13:51:41,891 [INFO] Middleware:612 - instanceName : USB_DEVICE bspName : BCD Detection check condition failed for : SEM_BCD_ENABLED
2024-12-15 13:51:41,891 [INFO] Middleware:612 - instanceName : USB_DEVICE bspName : BCD Detection check condition failed for : SEM_BCD_ENABLED
2024-12-15 13:51:41,891 [INFO] Middleware:612 - instanceName : USB_DEVICE bspName : BCD Detection check condition failed for : SEM_BCD_ENABLED
2024-12-15 13:51:42,075 [INFO] IPUIPlugin:80 - create IPUIPlugin
2024-12-15 13:51:42,075 [INFO] IPUIPlugin:80 - create IPUIPlugin
2024-12-15 13:51:42,076 [INFO] IPUIPlugin:80 - create IPUIPlugin
2024-12-15 13:51:42,076 [INFO] IPUIPlugin:80 - create IPUIPlugin
2024-12-15 13:51:42,076 [INFO] IPUIPlugin:80 - create IPUIPlugin
2024-12-15 13:51:42,078 [INFO] IPUIPlugin:80 - create IPUIPlugin
2024-12-15 13:51:42,079 [INFO] IPUIPlugin:80 - create IPUIPlugin
2024-12-15 13:51:42,080 [INFO] IPUIPlugin:80 - create IPUIPlugin
2024-12-15 13:51:42,080 [INFO] IPUIPlugin:80 - create IPUIPlugin
2024-12-15 13:51:42,081 [INFO] IPUIPlugin:80 - create IPUIPlugin
2024-12-15 13:51:42,082 [INFO] IPUIPlugin:80 - create IPUIPlugin
2024-12-15 13:51:42,083 [INFO] IPUIPlugin:80 - create IPUIPlugin
2024-12-15 13:51:42,083 [INFO] IPUIPlugin:80 - create IPUIPlugin
2024-12-15 13:51:42,083 [INFO] IPUIPlugin:80 - create IPUIPlugin
2024-12-15 13:51:42,084 [INFO] IPUIPlugin:80 - create IPUIPlugin
2024-12-15 13:51:42,085 [INFO] IPUIPlugin:80 - create IPUIPlugin
2024-12-15 13:51:42,085 [INFO] IPUIPlugin:80 - create IPUIPlugin
2024-12-15 13:51:42,086 [INFO] IPUIPlugin:80 - create IPUIPlugin
2024-12-15 13:51:42,086 [INFO] IPUIPlugin:80 - create IPUIPlugin
2024-12-15 13:51:42,087 [INFO] IPUIPlugin:80 - create IPUIPlugin
2024-12-15 13:51:42,087 [INFO] IPUIPlugin:80 - create IPUIPlugin
2024-12-15 13:51:42,088 [INFO] IPUIPlugin:80 - create IPUIPlugin
2024-12-15 13:51:42,089 [INFO] IPUIPlugin:80 - create IPUIPlugin
2024-12-15 13:51:42,090 [INFO] IPUIPlugin:80 - create IPUIPlugin
2024-12-15 13:51:42,091 [INFO] IPUIPlugin:80 - create IPUIPlugin
2024-12-15 13:51:42,091 [INFO] IPUIPlugin:80 - create IPUIPlugin
2024-12-15 13:51:42,092 [INFO] IPUIPlugin:80 - create IPUIPlugin
2024-12-15 13:51:42,092 [INFO] IPUIPlugin:80 - create IPUIPlugin
2024-12-15 13:51:42,093 [INFO] IPUIPlugin:80 - create IPUIPlugin
2024-12-15 13:51:42,096 [INFO] IPUIPlugin:80 - create IPUIPlugin
2024-12-15 13:51:42,098 [INFO] IPUIPlugin:80 - create IPUIPlugin
2024-12-15 13:51:42,099 [INFO] IPUIPlugin:80 - create IPUIPlugin
2024-12-15 13:51:42,100 [INFO] IPUIPlugin:80 - create IPUIPlugin
2024-12-15 13:51:42,101 [INFO] IPUIPlugin:80 - create IPUIPlugin
2024-12-15 13:51:42,102 [INFO] IPUIPlugin:80 - create IPUIPlugin
2024-12-15 13:51:42,103 [INFO] IPUIPlugin:80 - create IPUIPlugin
2024-12-15 13:51:42,104 [INFO] IPUIPlugin:80 - create IPUIPlugin
2024-12-15 13:51:42,105 [INFO] IPUIPlugin:80 - create IPUIPlugin
2024-12-15 13:51:42,106 [INFO] IPUIPlugin:80 - create IPUIPlugin
2024-12-15 13:51:42,107 [INFO] IPUIPlugin:80 - create IPUIPlugin
2024-12-15 13:51:42,107 [INFO] IPUIPlugin:80 - create IPUIPlugin
2024-12-15 13:51:42,108 [INFO] IPUIPlugin:80 - create IPUIPlugin
2024-12-15 13:51:42,109 [INFO] IPUIPlugin:80 - create IPUIPlugin
2024-12-15 13:51:42,112 [INFO] IPUIPlugin:80 - create IPUIPlugin
2024-12-15 13:51:42,114 [INFO] IPUIPlugin:80 - create IPUIPlugin
2024-12-15 13:51:42,115 [INFO] IPUIPlugin:80 - create IPUIPlugin
2024-12-15 13:51:42,116 [INFO] IPUIPlugin:80 - create IPUIPlugin
2024-12-15 13:51:42,117 [INFO] IPUIPlugin:80 - create IPUIPlugin
2024-12-15 13:51:42,118 [INFO] IPUIPlugin:80 - create IPUIPlugin
2024-12-15 13:51:42,119 [INFO] IPUIPlugin:80 - create IPUIPlugin
2024-12-15 13:51:42,120 [INFO] IPUIPlugin:80 - create IPUIPlugin
2024-12-15 13:51:42,121 [INFO] IPUIPlugin:80 - create IPUIPlugin
2024-12-15 13:51:42,122 [INFO] IPUIPlugin:80 - create IPUIPlugin
2024-12-15 13:51:42,123 [INFO] IPUIPlugin:80 - create IPUIPlugin
2024-12-15 13:51:42,124 [INFO] IPUIPlugin:80 - create IPUIPlugin
2024-12-15 13:51:42,126 [INFO] IPUIPlugin:80 - create IPUIPlugin
2024-12-15 13:51:42,129 [INFO] IPUIPlugin:80 - create IPUIPlugin
2024-12-15 13:51:42,131 [INFO] IPUIPlugin:80 - create IPUIPlugin
2024-12-15 13:51:42,153 [WARN] IP:2191 - MessageRAMOffset not found: check if there is a RefParameter without a condition.
2024-12-15 13:51:42,156 [WARN] IP:2191 - RxFifo0ElmtsNbr not found: check if there is a RefParameter without a condition.
2024-12-15 13:51:42,156 [WARN] IP:2191 - RxFifo0ElmtSize not found: check if there is a RefParameter without a condition.
2024-12-15 13:51:42,156 [WARN] IP:2191 - RxFifo1ElmtsNbr not found: check if there is a RefParameter without a condition.
2024-12-15 13:51:42,157 [WARN] IP:2191 - RxFifo1ElmtSize not found: check if there is a RefParameter without a condition.
2024-12-15 13:51:42,157 [WARN] IP:2191 - RxBuffersNbr not found: check if there is a RefParameter without a condition.
2024-12-15 13:51:42,157 [WARN] IP:2191 - RxBufferSize not found: check if there is a RefParameter without a condition.
2024-12-15 13:51:42,157 [WARN] IP:2191 - TxEventsNbr not found: check if there is a RefParameter without a condition.
2024-12-15 13:51:42,157 [WARN] IP:2191 - TxBuffersNbr not found: check if there is a RefParameter without a condition.
2024-12-15 13:51:42,157 [WARN] IP:2191 - TxFifoQueueElmtsNbr not found: check if there is a RefParameter without a condition.
2024-12-15 13:51:42,158 [WARN] IP:2191 - TxElmtSize not found: check if there is a RefParameter without a condition.
2024-12-15 13:51:42,158 [WARN] IP:2191 - ClockCalibrationCCU not found: check if there is a RefParameter without a condition.
2024-12-15 13:51:42,158 [WARN] IP:2191 - ClockDividerCCU not found: check if there is a RefParameter without a condition.
2024-12-15 13:51:42,158 [WARN] IP:2191 - MinOscClkPeriodsCCU not found: check if there is a RefParameter without a condition.
2024-12-15 13:51:42,159 [WARN] IP:2191 - TimeQuantaPerBitTimeCCU not found: check if there is a RefParameter without a condition.
2024-12-15 13:51:42,159 [WARN] IP:2191 - WatchdogStartValueCCU not found: check if there is a RefParameter without a condition.
2024-12-15 13:51:42,180 [INFO] LogOutputStream:77 - [STDOUT_REDIRECT] Nominal 
2024-12-15 13:51:42,181 [INFO] Can:71 - Can Add PropertyChangeListener com.st.microxplorer.plugins.ip.can.Can@1f869d38
2024-12-15 13:51:42,878 [INFO] CADModel:165 - CPN selected for project levelSTM32G431CBU3
2024-12-15 13:51:42,878 [INFO] CADModel:114 - Register for checkConnection events
2024-12-15 13:51:42,956 [INFO] OpenFileManager:363 - Restore cursor
2024-12-15 13:51:43,123 [INFO] Middleware:612 - instanceName : USB_DEVICE bspName : BCD Detection check condition failed for : SEM_BCD_ENABLED
2024-12-15 13:51:43,123 [INFO] Middleware:612 - instanceName : USB_DEVICE bspName : BCD Detection check condition failed for : SEM_BCD_ENABLED
2024-12-15 13:51:43,123 [INFO] Middleware:612 - instanceName : USB_DEVICE bspName : BCD Detection check condition failed for : SEM_BCD_ENABLED
2024-12-15 13:51:43,123 [INFO] Middleware:612 - instanceName : USB_DEVICE bspName : BCD Detection check condition failed for : SEM_BCD_ENABLED
2024-12-15 13:51:43,123 [INFO] Middleware:612 - instanceName : USB_DEVICE bspName : BCD Detection check condition failed for : SEM_BCD_ENABLED
2024-12-15 13:51:43,123 [INFO] Middleware:612 - instanceName : USB_DEVICE bspName : BCD Detection check condition failed for : SEM_BCD_ENABLED
2024-12-15 13:51:43,124 [INFO] Middleware:612 - instanceName : USB_DEVICE bspName : BCD Detection check condition failed for : SEM_BCD_ENABLED
2024-12-15 13:51:43,124 [INFO] Middleware:612 - instanceName : USB_DEVICE bspName : BCD Detection check condition failed for : SEM_BCD_ENABLED
2024-12-15 13:51:43,124 [INFO] Middleware:612 - instanceName : USB_DEVICE bspName : BCD Detection check condition failed for : SEM_BCD_ENABLED
2024-12-15 13:51:43,124 [INFO] Middleware:612 - instanceName : USB_DEVICE bspName : BCD Detection check condition failed for : SEM_BCD_ENABLED
2024-12-15 13:51:43,124 [INFO] Middleware:612 - instanceName : USB_DEVICE bspName : BCD Detection check condition failed for : SEM_BCD_ENABLED
2024-12-15 13:51:43,124 [INFO] Middleware:612 - instanceName : USB_DEVICE bspName : BCD Detection check condition failed for : SEM_BCD_ENABLED
2024-12-15 13:51:43,124 [INFO] Middleware:612 - instanceName : USB_DEVICE bspName : BCD Detection check condition failed for : SEM_BCD_ENABLED
2024-12-15 13:51:43,124 [INFO] Middleware:612 - instanceName : USB_DEVICE bspName : BCD Detection check condition failed for : SEM_BCD_ENABLED
2024-12-15 13:51:43,124 [INFO] Middleware:612 - instanceName : USB_DEVICE bspName : BCD Detection check condition failed for : SEM_BCD_ENABLED
2024-12-15 13:51:43,124 [INFO] Middleware:612 - instanceName : USB_DEVICE bspName : BCD Detection check condition failed for : SEM_BCD_ENABLED
2024-12-15 13:51:43,242 [WARN] IP:2191 - MessageRAMOffset not found: check if there is a RefParameter without a condition.
2024-12-15 13:51:43,242 [WARN] IP:2191 - RxFifo0ElmtsNbr not found: check if there is a RefParameter without a condition.
2024-12-15 13:51:43,242 [WARN] IP:2191 - RxFifo0ElmtSize not found: check if there is a RefParameter without a condition.
2024-12-15 13:51:43,243 [WARN] IP:2191 - RxFifo1ElmtsNbr not found: check if there is a RefParameter without a condition.
2024-12-15 13:51:43,243 [WARN] IP:2191 - RxFifo1ElmtSize not found: check if there is a RefParameter without a condition.
2024-12-15 13:51:43,243 [WARN] IP:2191 - RxBuffersNbr not found: check if there is a RefParameter without a condition.
2024-12-15 13:51:43,243 [WARN] IP:2191 - RxBufferSize not found: check if there is a RefParameter without a condition.
2024-12-15 13:51:43,243 [WARN] IP:2191 - TxEventsNbr not found: check if there is a RefParameter without a condition.
2024-12-15 13:51:43,243 [WARN] IP:2191 - TxBuffersNbr not found: check if there is a RefParameter without a condition.
2024-12-15 13:51:43,243 [WARN] IP:2191 - TxFifoQueueElmtsNbr not found: check if there is a RefParameter without a condition.
2024-12-15 13:51:43,243 [WARN] IP:2191 - TxElmtSize not found: check if there is a RefParameter without a condition.
2024-12-15 13:51:43,244 [WARN] IP:2191 - ClockCalibrationCCU not found: check if there is a RefParameter without a condition.
2024-12-15 13:51:43,245 [WARN] IP:2191 - ClockDividerCCU not found: check if there is a RefParameter without a condition.
2024-12-15 13:51:43,246 [WARN] IP:2191 - MinOscClkPeriodsCCU not found: check if there is a RefParameter without a condition.
2024-12-15 13:51:43,246 [WARN] IP:2191 - TimeQuantaPerBitTimeCCU not found: check if there is a RefParameter without a condition.
2024-12-15 13:51:43,246 [WARN] IP:2191 - WatchdogStartValueCCU not found: check if there is a RefParameter without a condition.
2024-12-15 13:52:22,023 [INFO] Middleware:612 - instanceName : USB_DEVICE bspName : BCD Detection check condition failed for : SEM_BCD_ENABLED
2024-12-15 13:52:22,023 [INFO] Middleware:612 - instanceName : USB_DEVICE bspName : BCD Detection check condition failed for : SEM_BCD_ENABLED
2024-12-15 13:52:22,023 [INFO] Middleware:612 - instanceName : USB_DEVICE bspName : BCD Detection check condition failed for : SEM_BCD_ENABLED
2024-12-15 13:52:22,023 [INFO] Middleware:612 - instanceName : USB_DEVICE bspName : BCD Detection check condition failed for : SEM_BCD_ENABLED
2024-12-15 13:52:22,023 [INFO] Middleware:612 - instanceName : USB_DEVICE bspName : BCD Detection check condition failed for : SEM_BCD_ENABLED
2024-12-15 13:52:22,023 [INFO] Middleware:612 - instanceName : USB_DEVICE bspName : BCD Detection check condition failed for : SEM_BCD_ENABLED
2024-12-15 13:52:22,024 [INFO] Middleware:612 - instanceName : USB_DEVICE bspName : BCD Detection check condition failed for : SEM_BCD_ENABLED
2024-12-15 13:52:22,024 [INFO] Middleware:612 - instanceName : USB_DEVICE bspName : BCD Detection check condition failed for : SEM_BCD_ENABLED
2024-12-15 13:52:22,024 [INFO] Middleware:612 - instanceName : USB_DEVICE bspName : BCD Detection check condition failed for : SEM_BCD_ENABLED
2024-12-15 13:52:22,024 [INFO] Middleware:612 - instanceName : USB_DEVICE bspName : BCD Detection check condition failed for : SEM_BCD_ENABLED
2024-12-15 13:52:22,024 [INFO] Middleware:612 - instanceName : USB_DEVICE bspName : BCD Detection check condition failed for : SEM_BCD_ENABLED
2024-12-15 13:52:22,024 [INFO] Middleware:612 - instanceName : USB_DEVICE bspName : BCD Detection check condition failed for : SEM_BCD_ENABLED
2024-12-15 13:52:22,024 [INFO] Middleware:612 - instanceName : USB_DEVICE bspName : BCD Detection check condition failed for : SEM_BCD_ENABLED
2024-12-15 13:52:22,024 [INFO] Middleware:612 - instanceName : USB_DEVICE bspName : BCD Detection check condition failed for : SEM_BCD_ENABLED
2024-12-15 13:52:22,024 [INFO] Middleware:612 - instanceName : USB_DEVICE bspName : BCD Detection check condition failed for : SEM_BCD_ENABLED
2024-12-15 13:52:22,024 [INFO] Middleware:612 - instanceName : USB_DEVICE bspName : BCD Detection check condition failed for : SEM_BCD_ENABLED
2024-12-15 13:52:22,124 [WARN] IP:2191 - MessageRAMOffset not found: check if there is a RefParameter without a condition.
2024-12-15 13:52:22,124 [WARN] IP:2191 - RxFifo0ElmtsNbr not found: check if there is a RefParameter without a condition.
2024-12-15 13:52:22,124 [WARN] IP:2191 - RxFifo0ElmtSize not found: check if there is a RefParameter without a condition.
2024-12-15 13:52:22,125 [WARN] IP:2191 - RxFifo1ElmtsNbr not found: check if there is a RefParameter without a condition.
2024-12-15 13:52:22,125 [WARN] IP:2191 - RxFifo1ElmtSize not found: check if there is a RefParameter without a condition.
2024-12-15 13:52:22,125 [WARN] IP:2191 - RxBuffersNbr not found: check if there is a RefParameter without a condition.
2024-12-15 13:52:22,125 [WARN] IP:2191 - RxBufferSize not found: check if there is a RefParameter without a condition.
2024-12-15 13:52:22,125 [WARN] IP:2191 - TxEventsNbr not found: check if there is a RefParameter without a condition.
2024-12-15 13:52:22,125 [WARN] IP:2191 - TxBuffersNbr not found: check if there is a RefParameter without a condition.
2024-12-15 13:52:22,125 [WARN] IP:2191 - TxFifoQueueElmtsNbr not found: check if there is a RefParameter without a condition.
2024-12-15 13:52:22,125 [WARN] IP:2191 - TxElmtSize not found: check if there is a RefParameter without a condition.
2024-12-15 13:52:22,125 [WARN] IP:2191 - ClockCalibrationCCU not found: check if there is a RefParameter without a condition.
2024-12-15 13:52:22,125 [WARN] IP:2191 - ClockDividerCCU not found: check if there is a RefParameter without a condition.
2024-12-15 13:52:22,126 [WARN] IP:2191 - MinOscClkPeriodsCCU not found: check if there is a RefParameter without a condition.
2024-12-15 13:52:22,126 [WARN] IP:2191 - TimeQuantaPerBitTimeCCU not found: check if there is a RefParameter without a condition.
2024-12-15 13:52:22,126 [WARN] IP:2191 - WatchdogStartValueCCU not found: check if there is a RefParameter without a condition.
2024-12-15 13:52:22,150 [INFO] Middleware:612 - instanceName : USB_DEVICE bspName : BCD Detection check condition failed for : SEM_BCD_ENABLED
2024-12-15 13:52:22,150 [INFO] Middleware:612 - instanceName : USB_DEVICE bspName : BCD Detection check condition failed for : SEM_BCD_ENABLED
2024-12-15 13:52:22,150 [INFO] Middleware:612 - instanceName : USB_DEVICE bspName : BCD Detection check condition failed for : SEM_BCD_ENABLED
2024-12-15 13:52:22,150 [INFO] Middleware:612 - instanceName : USB_DEVICE bspName : BCD Detection check condition failed for : SEM_BCD_ENABLED
2024-12-15 13:52:22,150 [INFO] Middleware:612 - instanceName : USB_DEVICE bspName : BCD Detection check condition failed for : SEM_BCD_ENABLED
2024-12-15 13:52:22,150 [INFO] Middleware:612 - instanceName : USB_DEVICE bspName : BCD Detection check condition failed for : SEM_BCD_ENABLED
2024-12-15 13:52:22,150 [INFO] Middleware:612 - instanceName : USB_DEVICE bspName : BCD Detection check condition failed for : SEM_BCD_ENABLED
2024-12-15 13:52:22,150 [INFO] Middleware:612 - instanceName : USB_DEVICE bspName : BCD Detection check condition failed for : SEM_BCD_ENABLED
2024-12-15 13:52:22,150 [INFO] Middleware:612 - instanceName : USB_DEVICE bspName : BCD Detection check condition failed for : SEM_BCD_ENABLED
2024-12-15 13:52:22,151 [INFO] Middleware:612 - instanceName : USB_DEVICE bspName : BCD Detection check condition failed for : SEM_BCD_ENABLED
2024-12-15 13:52:22,151 [INFO] Middleware:612 - instanceName : USB_DEVICE bspName : BCD Detection check condition failed for : SEM_BCD_ENABLED
2024-12-15 13:52:22,151 [INFO] Middleware:612 - instanceName : USB_DEVICE bspName : BCD Detection check condition failed for : SEM_BCD_ENABLED
2024-12-15 13:52:22,151 [INFO] Middleware:612 - instanceName : USB_DEVICE bspName : BCD Detection check condition failed for : SEM_BCD_ENABLED
2024-12-15 13:52:22,151 [INFO] Middleware:612 - instanceName : USB_DEVICE bspName : BCD Detection check condition failed for : SEM_BCD_ENABLED
2024-12-15 13:52:22,151 [INFO] Middleware:612 - instanceName : USB_DEVICE bspName : BCD Detection check condition failed for : SEM_BCD_ENABLED
2024-12-15 13:52:22,151 [INFO] Middleware:612 - instanceName : USB_DEVICE bspName : BCD Detection check condition failed for : SEM_BCD_ENABLED
2024-12-15 13:52:22,196 [WARN] IP:2191 - MessageRAMOffset not found: check if there is a RefParameter without a condition.
2024-12-15 13:52:22,197 [WARN] IP:2191 - RxFifo0ElmtsNbr not found: check if there is a RefParameter without a condition.
2024-12-15 13:52:22,197 [WARN] IP:2191 - RxFifo0ElmtSize not found: check if there is a RefParameter without a condition.
2024-12-15 13:52:22,197 [WARN] IP:2191 - RxFifo1ElmtsNbr not found: check if there is a RefParameter without a condition.
2024-12-15 13:52:22,197 [WARN] IP:2191 - RxFifo1ElmtSize not found: check if there is a RefParameter without a condition.
2024-12-15 13:52:22,197 [WARN] IP:2191 - RxBuffersNbr not found: check if there is a RefParameter without a condition.
2024-12-15 13:52:22,198 [WARN] IP:2191 - RxBufferSize not found: check if there is a RefParameter without a condition.
2024-12-15 13:52:22,198 [WARN] IP:2191 - TxEventsNbr not found: check if there is a RefParameter without a condition.
2024-12-15 13:52:22,198 [WARN] IP:2191 - TxBuffersNbr not found: check if there is a RefParameter without a condition.
2024-12-15 13:52:22,198 [WARN] IP:2191 - TxFifoQueueElmtsNbr not found: check if there is a RefParameter without a condition.
2024-12-15 13:52:22,199 [WARN] IP:2191 - TxElmtSize not found: check if there is a RefParameter without a condition.
2024-12-15 13:52:22,199 [WARN] IP:2191 - ClockCalibrationCCU not found: check if there is a RefParameter without a condition.
2024-12-15 13:52:22,199 [WARN] IP:2191 - ClockDividerCCU not found: check if there is a RefParameter without a condition.
2024-12-15 13:52:22,199 [WARN] IP:2191 - MinOscClkPeriodsCCU not found: check if there is a RefParameter without a condition.
2024-12-15 13:52:22,199 [WARN] IP:2191 - TimeQuantaPerBitTimeCCU not found: check if there is a RefParameter without a condition.
2024-12-15 13:52:22,199 [WARN] IP:2191 - WatchdogStartValueCCU not found: check if there is a RefParameter without a condition.
2024-12-15 13:52:22,216 [INFO] Middleware:612 - instanceName : USB_DEVICE bspName : BCD Detection check condition failed for : SEM_BCD_ENABLED
2024-12-15 13:52:22,216 [INFO] Middleware:612 - instanceName : USB_DEVICE bspName : BCD Detection check condition failed for : SEM_BCD_ENABLED
2024-12-15 13:52:22,216 [INFO] Middleware:612 - instanceName : USB_DEVICE bspName : BCD Detection check condition failed for : SEM_BCD_ENABLED
2024-12-15 13:52:22,216 [INFO] Middleware:612 - instanceName : USB_DEVICE bspName : BCD Detection check condition failed for : SEM_BCD_ENABLED
2024-12-15 13:52:22,216 [INFO] Middleware:612 - instanceName : USB_DEVICE bspName : BCD Detection check condition failed for : SEM_BCD_ENABLED
2024-12-15 13:52:22,216 [INFO] Middleware:612 - instanceName : USB_DEVICE bspName : BCD Detection check condition failed for : SEM_BCD_ENABLED
2024-12-15 13:52:22,216 [INFO] Middleware:612 - instanceName : USB_DEVICE bspName : BCD Detection check condition failed for : SEM_BCD_ENABLED
2024-12-15 13:52:22,216 [INFO] Middleware:612 - instanceName : USB_DEVICE bspName : BCD Detection check condition failed for : SEM_BCD_ENABLED
2024-12-15 13:52:22,217 [INFO] Middleware:612 - instanceName : USB_DEVICE bspName : BCD Detection check condition failed for : SEM_BCD_ENABLED
2024-12-15 13:52:22,217 [INFO] Middleware:612 - instanceName : USB_DEVICE bspName : BCD Detection check condition failed for : SEM_BCD_ENABLED
2024-12-15 13:52:22,217 [INFO] Middleware:612 - instanceName : USB_DEVICE bspName : BCD Detection check condition failed for : SEM_BCD_ENABLED
2024-12-15 13:52:22,217 [INFO] Middleware:612 - instanceName : USB_DEVICE bspName : BCD Detection check condition failed for : SEM_BCD_ENABLED
2024-12-15 13:52:22,217 [INFO] Middleware:612 - instanceName : USB_DEVICE bspName : BCD Detection check condition failed for : SEM_BCD_ENABLED
2024-12-15 13:52:22,217 [INFO] Middleware:612 - instanceName : USB_DEVICE bspName : BCD Detection check condition failed for : SEM_BCD_ENABLED
2024-12-15 13:52:22,217 [INFO] Middleware:612 - instanceName : USB_DEVICE bspName : BCD Detection check condition failed for : SEM_BCD_ENABLED
2024-12-15 13:52:22,217 [INFO] Middleware:612 - instanceName : USB_DEVICE bspName : BCD Detection check condition failed for : SEM_BCD_ENABLED
2024-12-15 13:52:22,270 [WARN] IP:2191 - MessageRAMOffset not found: check if there is a RefParameter without a condition.
2024-12-15 13:52:22,270 [WARN] IP:2191 - RxFifo0ElmtsNbr not found: check if there is a RefParameter without a condition.
2024-12-15 13:52:22,270 [WARN] IP:2191 - RxFifo0ElmtSize not found: check if there is a RefParameter without a condition.
2024-12-15 13:52:22,270 [WARN] IP:2191 - RxFifo1ElmtsNbr not found: check if there is a RefParameter without a condition.
2024-12-15 13:52:22,270 [WARN] IP:2191 - RxFifo1ElmtSize not found: check if there is a RefParameter without a condition.
2024-12-15 13:52:22,270 [WARN] IP:2191 - RxBuffersNbr not found: check if there is a RefParameter without a condition.
2024-12-15 13:52:22,270 [WARN] IP:2191 - RxBufferSize not found: check if there is a RefParameter without a condition.
2024-12-15 13:52:22,270 [WARN] IP:2191 - TxEventsNbr not found: check if there is a RefParameter without a condition.
2024-12-15 13:52:22,270 [WARN] IP:2191 - TxBuffersNbr not found: check if there is a RefParameter without a condition.
2024-12-15 13:52:22,271 [WARN] IP:2191 - TxFifoQueueElmtsNbr not found: check if there is a RefParameter without a condition.
2024-12-15 13:52:22,271 [WARN] IP:2191 - TxElmtSize not found: check if there is a RefParameter without a condition.
2024-12-15 13:52:22,271 [WARN] IP:2191 - ClockCalibrationCCU not found: check if there is a RefParameter without a condition.
2024-12-15 13:52:22,271 [WARN] IP:2191 - ClockDividerCCU not found: check if there is a RefParameter without a condition.
2024-12-15 13:52:22,271 [WARN] IP:2191 - MinOscClkPeriodsCCU not found: check if there is a RefParameter without a condition.
2024-12-15 13:52:22,271 [WARN] IP:2191 - TimeQuantaPerBitTimeCCU not found: check if there is a RefParameter without a condition.
2024-12-15 13:52:22,271 [WARN] IP:2191 - WatchdogStartValueCCU not found: check if there is a RefParameter without a condition.
2024-12-15 13:52:22,359 [INFO] Middleware:612 - instanceName : USB_DEVICE bspName : BCD Detection check condition failed for : SEM_BCD_ENABLED
2024-12-15 13:52:22,359 [INFO] Middleware:612 - instanceName : USB_DEVICE bspName : BCD Detection check condition failed for : SEM_BCD_ENABLED
2024-12-15 13:52:22,359 [INFO] Middleware:612 - instanceName : USB_DEVICE bspName : BCD Detection check condition failed for : SEM_BCD_ENABLED
2024-12-15 13:52:22,359 [INFO] Middleware:612 - instanceName : USB_DEVICE bspName : BCD Detection check condition failed for : SEM_BCD_ENABLED
2024-12-15 13:52:22,359 [INFO] Middleware:612 - instanceName : USB_DEVICE bspName : BCD Detection check condition failed for : SEM_BCD_ENABLED
2024-12-15 13:52:22,359 [INFO] Middleware:612 - instanceName : USB_DEVICE bspName : BCD Detection check condition failed for : SEM_BCD_ENABLED
2024-12-15 13:52:22,359 [INFO] Middleware:612 - instanceName : USB_DEVICE bspName : BCD Detection check condition failed for : SEM_BCD_ENABLED
2024-12-15 13:52:22,360 [INFO] Middleware:612 - instanceName : USB_DEVICE bspName : BCD Detection check condition failed for : SEM_BCD_ENABLED
2024-12-15 13:52:22,360 [INFO] Middleware:612 - instanceName : USB_DEVICE bspName : BCD Detection check condition failed for : SEM_BCD_ENABLED
2024-12-15 13:52:22,360 [INFO] Middleware:612 - instanceName : USB_DEVICE bspName : BCD Detection check condition failed for : SEM_BCD_ENABLED
2024-12-15 13:52:22,360 [INFO] Middleware:612 - instanceName : USB_DEVICE bspName : BCD Detection check condition failed for : SEM_BCD_ENABLED
2024-12-15 13:52:22,360 [INFO] Middleware:612 - instanceName : USB_DEVICE bspName : BCD Detection check condition failed for : SEM_BCD_ENABLED
2024-12-15 13:52:22,360 [INFO] Middleware:612 - instanceName : USB_DEVICE bspName : BCD Detection check condition failed for : SEM_BCD_ENABLED
2024-12-15 13:52:22,360 [INFO] Middleware:612 - instanceName : USB_DEVICE bspName : BCD Detection check condition failed for : SEM_BCD_ENABLED
2024-12-15 13:52:22,360 [INFO] Middleware:612 - instanceName : USB_DEVICE bspName : BCD Detection check condition failed for : SEM_BCD_ENABLED
2024-12-15 13:52:22,360 [INFO] Middleware:612 - instanceName : USB_DEVICE bspName : BCD Detection check condition failed for : SEM_BCD_ENABLED
2024-12-15 13:52:27,986 [INFO] Middleware:612 - instanceName : USB_DEVICE bspName : BCD Detection check condition failed for : SEM_BCD_ENABLED
2024-12-15 13:52:27,986 [INFO] Middleware:612 - instanceName : USB_DEVICE bspName : BCD Detection check condition failed for : SEM_BCD_ENABLED
2024-12-15 13:52:27,986 [INFO] Middleware:612 - instanceName : USB_DEVICE bspName : BCD Detection check condition failed for : SEM_BCD_ENABLED
2024-12-15 13:52:27,986 [INFO] Middleware:612 - instanceName : USB_DEVICE bspName : BCD Detection check condition failed for : SEM_BCD_ENABLED
2024-12-15 13:52:27,986 [INFO] Middleware:612 - instanceName : USB_DEVICE bspName : BCD Detection check condition failed for : SEM_BCD_ENABLED
2024-12-15 13:52:27,986 [INFO] Middleware:612 - instanceName : USB_DEVICE bspName : BCD Detection check condition failed for : SEM_BCD_ENABLED
2024-12-15 13:52:27,986 [INFO] Middleware:612 - instanceName : USB_DEVICE bspName : BCD Detection check condition failed for : SEM_BCD_ENABLED
2024-12-15 13:52:27,986 [INFO] Middleware:612 - instanceName : USB_DEVICE bspName : BCD Detection check condition failed for : SEM_BCD_ENABLED
2024-12-15 13:52:27,987 [INFO] Middleware:612 - instanceName : USB_DEVICE bspName : BCD Detection check condition failed for : SEM_BCD_ENABLED
2024-12-15 13:52:27,987 [INFO] Middleware:612 - instanceName : USB_DEVICE bspName : BCD Detection check condition failed for : SEM_BCD_ENABLED
2024-12-15 13:52:27,987 [INFO] Middleware:612 - instanceName : USB_DEVICE bspName : BCD Detection check condition failed for : SEM_BCD_ENABLED
2024-12-15 13:52:27,987 [INFO] Middleware:612 - instanceName : USB_DEVICE bspName : BCD Detection check condition failed for : SEM_BCD_ENABLED
2024-12-15 13:52:27,987 [INFO] Middleware:612 - instanceName : USB_DEVICE bspName : BCD Detection check condition failed for : SEM_BCD_ENABLED
2024-12-15 13:52:27,987 [INFO] Middleware:612 - instanceName : USB_DEVICE bspName : BCD Detection check condition failed for : SEM_BCD_ENABLED
2024-12-15 13:52:27,987 [INFO] Middleware:612 - instanceName : USB_DEVICE bspName : BCD Detection check condition failed for : SEM_BCD_ENABLED
2024-12-15 13:52:27,987 [INFO] Middleware:612 - instanceName : USB_DEVICE bspName : BCD Detection check condition failed for : SEM_BCD_ENABLED
2024-12-15 13:52:28,130 [INFO] Middleware:612 - instanceName : USB_DEVICE bspName : BCD Detection check condition failed for : SEM_BCD_ENABLED
2024-12-15 13:52:28,131 [INFO] Middleware:612 - instanceName : USB_DEVICE bspName : BCD Detection check condition failed for : SEM_BCD_ENABLED
2024-12-15 13:52:28,131 [INFO] Middleware:612 - instanceName : USB_DEVICE bspName : BCD Detection check condition failed for : SEM_BCD_ENABLED
2024-12-15 13:52:28,131 [INFO] Middleware:612 - instanceName : USB_DEVICE bspName : BCD Detection check condition failed for : SEM_BCD_ENABLED
2024-12-15 13:52:28,131 [INFO] Middleware:612 - instanceName : USB_DEVICE bspName : BCD Detection check condition failed for : SEM_BCD_ENABLED
2024-12-15 13:52:28,131 [INFO] Middleware:612 - instanceName : USB_DEVICE bspName : BCD Detection check condition failed for : SEM_BCD_ENABLED
2024-12-15 13:52:28,131 [INFO] Middleware:612 - instanceName : USB_DEVICE bspName : BCD Detection check condition failed for : SEM_BCD_ENABLED
2024-12-15 13:52:28,131 [INFO] Middleware:612 - instanceName : USB_DEVICE bspName : BCD Detection check condition failed for : SEM_BCD_ENABLED
2024-12-15 13:52:28,131 [INFO] Middleware:612 - instanceName : USB_DEVICE bspName : BCD Detection check condition failed for : SEM_BCD_ENABLED
2024-12-15 13:52:28,131 [INFO] Middleware:612 - instanceName : USB_DEVICE bspName : BCD Detection check condition failed for : SEM_BCD_ENABLED
2024-12-15 13:52:28,131 [INFO] Middleware:612 - instanceName : USB_DEVICE bspName : BCD Detection check condition failed for : SEM_BCD_ENABLED
2024-12-15 13:52:28,131 [INFO] Middleware:612 - instanceName : USB_DEVICE bspName : BCD Detection check condition failed for : SEM_BCD_ENABLED
2024-12-15 13:52:28,132 [INFO] Middleware:612 - instanceName : USB_DEVICE bspName : BCD Detection check condition failed for : SEM_BCD_ENABLED
2024-12-15 13:52:28,132 [INFO] Middleware:612 - instanceName : USB_DEVICE bspName : BCD Detection check condition failed for : SEM_BCD_ENABLED
2024-12-15 13:52:28,132 [INFO] Middleware:612 - instanceName : USB_DEVICE bspName : BCD Detection check condition failed for : SEM_BCD_ENABLED
2024-12-15 13:52:28,132 [INFO] Middleware:612 - instanceName : USB_DEVICE bspName : BCD Detection check condition failed for : SEM_BCD_ENABLED
2024-12-15 13:52:28,233 [WARN] IP:2191 - MessageRAMOffset not found: check if there is a RefParameter without a condition.
2024-12-15 13:52:28,234 [WARN] IP:2191 - RxFifo0ElmtsNbr not found: check if there is a RefParameter without a condition.
2024-12-15 13:52:28,234 [WARN] IP:2191 - RxFifo0ElmtSize not found: check if there is a RefParameter without a condition.
2024-12-15 13:52:28,234 [WARN] IP:2191 - RxFifo1ElmtsNbr not found: check if there is a RefParameter without a condition.
2024-12-15 13:52:28,234 [WARN] IP:2191 - RxFifo1ElmtSize not found: check if there is a RefParameter without a condition.
2024-12-15 13:52:28,234 [WARN] IP:2191 - RxBuffersNbr not found: check if there is a RefParameter without a condition.
2024-12-15 13:52:28,234 [WARN] IP:2191 - RxBufferSize not found: check if there is a RefParameter without a condition.
2024-12-15 13:52:28,234 [WARN] IP:2191 - TxEventsNbr not found: check if there is a RefParameter without a condition.
2024-12-15 13:52:28,234 [WARN] IP:2191 - TxBuffersNbr not found: check if there is a RefParameter without a condition.
2024-12-15 13:52:28,234 [WARN] IP:2191 - TxFifoQueueElmtsNbr not found: check if there is a RefParameter without a condition.
2024-12-15 13:52:28,234 [WARN] IP:2191 - TxElmtSize not found: check if there is a RefParameter without a condition.
2024-12-15 13:52:28,234 [WARN] IP:2191 - ClockCalibrationCCU not found: check if there is a RefParameter without a condition.
2024-12-15 13:52:28,235 [WARN] IP:2191 - ClockDividerCCU not found: check if there is a RefParameter without a condition.
2024-12-15 13:52:28,235 [WARN] IP:2191 - MinOscClkPeriodsCCU not found: check if there is a RefParameter without a condition.
2024-12-15 13:52:28,235 [WARN] IP:2191 - TimeQuantaPerBitTimeCCU not found: check if there is a RefParameter without a condition.
2024-12-15 13:52:28,235 [WARN] IP:2191 - WatchdogStartValueCCU not found: check if there is a RefParameter without a condition.
2024-12-15 13:52:28,252 [INFO] Middleware:612 - instanceName : USB_DEVICE bspName : BCD Detection check condition failed for : SEM_BCD_ENABLED
2024-12-15 13:52:28,252 [INFO] Middleware:612 - instanceName : USB_DEVICE bspName : BCD Detection check condition failed for : SEM_BCD_ENABLED
2024-12-15 13:52:28,252 [INFO] Middleware:612 - instanceName : USB_DEVICE bspName : BCD Detection check condition failed for : SEM_BCD_ENABLED
2024-12-15 13:52:28,252 [INFO] Middleware:612 - instanceName : USB_DEVICE bspName : BCD Detection check condition failed for : SEM_BCD_ENABLED
2024-12-15 13:52:28,252 [INFO] Middleware:612 - instanceName : USB_DEVICE bspName : BCD Detection check condition failed for : SEM_BCD_ENABLED
2024-12-15 13:52:28,253 [INFO] Middleware:612 - instanceName : USB_DEVICE bspName : BCD Detection check condition failed for : SEM_BCD_ENABLED
2024-12-15 13:52:28,253 [INFO] Middleware:612 - instanceName : USB_DEVICE bspName : BCD Detection check condition failed for : SEM_BCD_ENABLED
2024-12-15 13:52:28,253 [INFO] Middleware:612 - instanceName : USB_DEVICE bspName : BCD Detection check condition failed for : SEM_BCD_ENABLED
2024-12-15 13:52:28,253 [INFO] Middleware:612 - instanceName : USB_DEVICE bspName : BCD Detection check condition failed for : SEM_BCD_ENABLED
2024-12-15 13:52:28,253 [INFO] Middleware:612 - instanceName : USB_DEVICE bspName : BCD Detection check condition failed for : SEM_BCD_ENABLED
2024-12-15 13:52:28,253 [INFO] Middleware:612 - instanceName : USB_DEVICE bspName : BCD Detection check condition failed for : SEM_BCD_ENABLED
2024-12-15 13:52:28,253 [INFO] Middleware:612 - instanceName : USB_DEVICE bspName : BCD Detection check condition failed for : SEM_BCD_ENABLED
2024-12-15 13:52:28,253 [INFO] Middleware:612 - instanceName : USB_DEVICE bspName : BCD Detection check condition failed for : SEM_BCD_ENABLED
2024-12-15 13:52:28,253 [INFO] Middleware:612 - instanceName : USB_DEVICE bspName : BCD Detection check condition failed for : SEM_BCD_ENABLED
2024-12-15 13:52:28,253 [INFO] Middleware:612 - instanceName : USB_DEVICE bspName : BCD Detection check condition failed for : SEM_BCD_ENABLED
2024-12-15 13:52:28,253 [INFO] Middleware:612 - instanceName : USB_DEVICE bspName : BCD Detection check condition failed for : SEM_BCD_ENABLED
2024-12-15 13:52:28,300 [WARN] IP:2191 - MessageRAMOffset not found: check if there is a RefParameter without a condition.
2024-12-15 13:52:28,300 [WARN] IP:2191 - RxFifo0ElmtsNbr not found: check if there is a RefParameter without a condition.
2024-12-15 13:52:28,301 [WARN] IP:2191 - RxFifo0ElmtSize not found: check if there is a RefParameter without a condition.
2024-12-15 13:52:28,301 [WARN] IP:2191 - RxFifo1ElmtsNbr not found: check if there is a RefParameter without a condition.
2024-12-15 13:52:28,301 [WARN] IP:2191 - RxFifo1ElmtSize not found: check if there is a RefParameter without a condition.
2024-12-15 13:52:28,301 [WARN] IP:2191 - RxBuffersNbr not found: check if there is a RefParameter without a condition.
2024-12-15 13:52:28,301 [WARN] IP:2191 - RxBufferSize not found: check if there is a RefParameter without a condition.
2024-12-15 13:52:28,301 [WARN] IP:2191 - TxEventsNbr not found: check if there is a RefParameter without a condition.
2024-12-15 13:52:28,301 [WARN] IP:2191 - TxBuffersNbr not found: check if there is a RefParameter without a condition.
2024-12-15 13:52:28,301 [WARN] IP:2191 - TxFifoQueueElmtsNbr not found: check if there is a RefParameter without a condition.
2024-12-15 13:52:28,301 [WARN] IP:2191 - TxElmtSize not found: check if there is a RefParameter without a condition.
2024-12-15 13:52:28,301 [WARN] IP:2191 - ClockCalibrationCCU not found: check if there is a RefParameter without a condition.
2024-12-15 13:52:28,302 [WARN] IP:2191 - ClockDividerCCU not found: check if there is a RefParameter without a condition.
2024-12-15 13:52:28,302 [WARN] IP:2191 - MinOscClkPeriodsCCU not found: check if there is a RefParameter without a condition.
2024-12-15 13:52:28,302 [WARN] IP:2191 - TimeQuantaPerBitTimeCCU not found: check if there is a RefParameter without a condition.
2024-12-15 13:52:28,302 [WARN] IP:2191 - WatchdogStartValueCCU not found: check if there is a RefParameter without a condition.
2024-12-15 13:52:28,334 [INFO] Middleware:612 - instanceName : USB_DEVICE bspName : BCD Detection check condition failed for : SEM_BCD_ENABLED
2024-12-15 13:52:28,334 [INFO] Middleware:612 - instanceName : USB_DEVICE bspName : BCD Detection check condition failed for : SEM_BCD_ENABLED
2024-12-15 13:52:28,334 [INFO] Middleware:612 - instanceName : USB_DEVICE bspName : BCD Detection check condition failed for : SEM_BCD_ENABLED
2024-12-15 13:52:28,334 [INFO] Middleware:612 - instanceName : USB_DEVICE bspName : BCD Detection check condition failed for : SEM_BCD_ENABLED
2024-12-15 13:52:28,335 [INFO] Middleware:612 - instanceName : USB_DEVICE bspName : BCD Detection check condition failed for : SEM_BCD_ENABLED
2024-12-15 13:52:28,335 [INFO] Middleware:612 - instanceName : USB_DEVICE bspName : BCD Detection check condition failed for : SEM_BCD_ENABLED
2024-12-15 13:52:28,335 [INFO] Middleware:612 - instanceName : USB_DEVICE bspName : BCD Detection check condition failed for : SEM_BCD_ENABLED
2024-12-15 13:52:28,335 [INFO] Middleware:612 - instanceName : USB_DEVICE bspName : BCD Detection check condition failed for : SEM_BCD_ENABLED
2024-12-15 13:52:28,335 [INFO] Middleware:612 - instanceName : USB_DEVICE bspName : BCD Detection check condition failed for : SEM_BCD_ENABLED
2024-12-15 13:52:28,335 [INFO] Middleware:612 - instanceName : USB_DEVICE bspName : BCD Detection check condition failed for : SEM_BCD_ENABLED
2024-12-15 13:52:28,335 [INFO] Middleware:612 - instanceName : USB_DEVICE bspName : BCD Detection check condition failed for : SEM_BCD_ENABLED
2024-12-15 13:52:28,335 [INFO] Middleware:612 - instanceName : USB_DEVICE bspName : BCD Detection check condition failed for : SEM_BCD_ENABLED
2024-12-15 13:52:28,335 [INFO] Middleware:612 - instanceName : USB_DEVICE bspName : BCD Detection check condition failed for : SEM_BCD_ENABLED
2024-12-15 13:52:28,338 [INFO] Middleware:612 - instanceName : USB_DEVICE bspName : BCD Detection check condition failed for : SEM_BCD_ENABLED
2024-12-15 13:52:28,346 [INFO] Middleware:612 - instanceName : USB_DEVICE bspName : BCD Detection check condition failed for : SEM_BCD_ENABLED
2024-12-15 13:52:28,349 [INFO] Middleware:612 - instanceName : USB_DEVICE bspName : BCD Detection check condition failed for : SEM_BCD_ENABLED
2024-12-15 13:52:28,400 [WARN] IP:2191 - MessageRAMOffset not found: check if there is a RefParameter without a condition.
2024-12-15 13:52:28,401 [WARN] IP:2191 - RxFifo0ElmtsNbr not found: check if there is a RefParameter without a condition.
2024-12-15 13:52:28,401 [WARN] IP:2191 - RxFifo0ElmtSize not found: check if there is a RefParameter without a condition.
2024-12-15 13:52:28,401 [WARN] IP:2191 - RxFifo1ElmtsNbr not found: check if there is a RefParameter without a condition.
2024-12-15 13:52:28,401 [WARN] IP:2191 - RxFifo1ElmtSize not found: check if there is a RefParameter without a condition.
2024-12-15 13:52:28,401 [WARN] IP:2191 - RxBuffersNbr not found: check if there is a RefParameter without a condition.
2024-12-15 13:52:28,401 [WARN] IP:2191 - RxBufferSize not found: check if there is a RefParameter without a condition.
2024-12-15 13:52:28,401 [WARN] IP:2191 - TxEventsNbr not found: check if there is a RefParameter without a condition.
2024-12-15 13:52:28,401 [WARN] IP:2191 - TxBuffersNbr not found: check if there is a RefParameter without a condition.
2024-12-15 13:52:28,401 [WARN] IP:2191 - TxFifoQueueElmtsNbr not found: check if there is a RefParameter without a condition.
2024-12-15 13:52:28,401 [WARN] IP:2191 - TxElmtSize not found: check if there is a RefParameter without a condition.
2024-12-15 13:52:28,401 [WARN] IP:2191 - ClockCalibrationCCU not found: check if there is a RefParameter without a condition.
2024-12-15 13:52:28,402 [WARN] IP:2191 - ClockDividerCCU not found: check if there is a RefParameter without a condition.
2024-12-15 13:52:28,402 [WARN] IP:2191 - MinOscClkPeriodsCCU not found: check if there is a RefParameter without a condition.
2024-12-15 13:52:28,402 [WARN] IP:2191 - TimeQuantaPerBitTimeCCU not found: check if there is a RefParameter without a condition.
2024-12-15 13:52:28,402 [WARN] IP:2191 - WatchdogStartValueCCU not found: check if there is a RefParameter without a condition.
2024-12-15 13:52:30,329 [INFO] UtilMem:75 - End SaveConfig() Used Memory: 784328352 Bytes (1073741824)
2024-12-15 13:52:31,879 [INFO] UtilMem:75 - End SaveConfig() Used Memory: 815785632 Bytes (1073741824)
2024-12-15 13:52:33,470 [INFO] UtilMem:75 - End SaveConfig() Used Memory: 903499232 Bytes (1073741824)
2024-12-15 13:52:35,324 [INFO] BlockDiagram:2766 - set Specific Code input for plugin: USB_Device
2024-12-15 13:52:35,324 [INFO] BlockDiagram:2766 - set Specific Code input for plugin: SYS
2024-12-15 13:52:35,324 [INFO] BlockDiagram:2766 - set Specific Code input for plugin: RCC
2024-12-15 13:52:35,324 [INFO] BlockDiagram:2766 - set Specific Code input for plugin: NVIC
2024-12-15 13:52:35,324 [INFO] BlockDiagram:2766 - set Specific Code input for plugin: USB
2024-12-15 13:52:35,325 [INFO] BlockDiagram:2766 - set Specific Code input for plugin: GPIO
2024-12-15 13:52:35,325 [INFO] BlockDiagram:2766 - set Specific Code input for plugin: FDCAN
2024-12-15 13:52:35,328 [INFO] CodeGenerator:807 - code generatio: config db path: C:\ST\STM32CubeIDE_1.16.1\STM32CubeIDE\plugins\com.st.stm32cube.common.mx_6.12.1.202409122256\\db\
2024-12-15 13:52:35,348 [WARN] IP:2191 - MessageRAMOffset not found: check if there is a RefParameter without a condition.
2024-12-15 13:52:35,349 [WARN] IP:2191 - RxFifo0ElmtsNbr not found: check if there is a RefParameter without a condition.
2024-12-15 13:52:35,349 [WARN] IP:2191 - RxFifo0ElmtSize not found: check if there is a RefParameter without a condition.
2024-12-15 13:52:35,349 [WARN] IP:2191 - RxFifo1ElmtsNbr not found: check if there is a RefParameter without a condition.
2024-12-15 13:52:35,349 [WARN] IP:2191 - RxFifo1ElmtSize not found: check if there is a RefParameter without a condition.
2024-12-15 13:52:35,350 [WARN] IP:2191 - RxBuffersNbr not found: check if there is a RefParameter without a condition.
2024-12-15 13:52:35,350 [WARN] IP:2191 - RxBufferSize not found: check if there is a RefParameter without a condition.
2024-12-15 13:52:35,350 [WARN] IP:2191 - TxEventsNbr not found: check if there is a RefParameter without a condition.
2024-12-15 13:52:35,350 [WARN] IP:2191 - TxBuffersNbr not found: check if there is a RefParameter without a condition.
2024-12-15 13:52:35,350 [WARN] IP:2191 - TxFifoQueueElmtsNbr not found: check if there is a RefParameter without a condition.
2024-12-15 13:52:35,350 [WARN] IP:2191 - TxElmtSize not found: check if there is a RefParameter without a condition.
2024-12-15 13:52:35,350 [WARN] IP:2191 - ClockCalibrationCCU not found: check if there is a RefParameter without a condition.
2024-12-15 13:52:35,351 [WARN] IP:2191 - ClockDividerCCU not found: check if there is a RefParameter without a condition.
2024-12-15 13:52:35,351 [WARN] IP:2191 - MinOscClkPeriodsCCU not found: check if there is a RefParameter without a condition.
2024-12-15 13:52:35,352 [WARN] IP:2191 - TimeQuantaPerBitTimeCCU not found: check if there is a RefParameter without a condition.
2024-12-15 13:52:35,352 [WARN] IP:2191 - WatchdogStartValueCCU not found: check if there is a RefParameter without a condition.
2024-12-15 13:52:35,829 [INFO] CodeEngine:255 - oldGeneratedFile, C:\Users\leona\Documents\UBM\GitLab\Precharge_Control\ST\USB2CAN\MXTmpFiles\license.tmp_save
2024-12-15 13:52:36,931 [INFO] CodeEngine:279 - Generated code: C:\Users\leona\Documents\UBM\GitLab\Precharge_Control\ST\USB2CAN\MXTmpFiles\license.tmp
2024-12-15 13:52:37,162 [INFO] CodeEngine:255 - oldGeneratedFile, C:\Users\leona\Documents\UBM\GitLab\Precharge_Control\ST\USB2CAN\Core\Src\gpio.c_save
2024-12-15 13:52:37,608 [INFO] CodeEngine:279 - Generated code: C:\Users\leona\Documents\UBM\GitLab\Precharge_Control\ST\USB2CAN\Core\Src\gpio.c
2024-12-15 13:52:37,624 [INFO] CodeEngine:255 - oldGeneratedFile, C:\Users\leona\Documents\UBM\GitLab\Precharge_Control\ST\USB2CAN\Core\Inc\gpio.h_save
2024-12-15 13:52:38,008 [INFO] CodeEngine:279 - Generated code: C:\Users\leona\Documents\UBM\GitLab\Precharge_Control\ST\USB2CAN\Core\Inc\gpio.h
2024-12-15 13:52:38,220 [INFO] CodeEngine:255 - oldGeneratedFile, C:\Users\leona\Documents\UBM\GitLab\Precharge_Control\ST\USB2CAN\MXTmpFiles\usb_vars.tmp_save
2024-12-15 13:52:38,452 [INFO] CodeEngine:279 - Generated code: C:\Users\leona\Documents\UBM\GitLab\Precharge_Control\ST\USB2CAN\MXTmpFiles\usb_vars.tmp
2024-12-15 13:52:38,461 [INFO] CodeEngine:255 - oldGeneratedFile, C:\Users\leona\Documents\UBM\GitLab\Precharge_Control\ST\USB2CAN\MXTmpFiles\usb_inc.tmp_save
2024-12-15 13:52:38,661 [INFO] CodeEngine:279 - Generated code: C:\Users\leona\Documents\UBM\GitLab\Precharge_Control\ST\USB2CAN\MXTmpFiles\usb_inc.tmp
2024-12-15 13:52:38,673 [INFO] CodeEngine:255 - oldGeneratedFile, C:\Users\leona\Documents\UBM\GitLab\Precharge_Control\ST\USB2CAN\MXTmpFiles\usb_HalInit.tmp_save
2024-12-15 13:52:39,008 [INFO] CodeEngine:279 - Generated code: C:\Users\leona\Documents\UBM\GitLab\Precharge_Control\ST\USB2CAN\MXTmpFiles\usb_HalInit.tmp
2024-12-15 13:52:39,018 [INFO] CodeEngine:255 - oldGeneratedFile, C:\Users\leona\Documents\UBM\GitLab\Precharge_Control\ST\USB2CAN\MXTmpFiles\usb_Msp.tmp_save
2024-12-15 13:52:39,301 [INFO] CodeEngine:279 - Generated code: C:\Users\leona\Documents\UBM\GitLab\Precharge_Control\ST\USB2CAN\MXTmpFiles\usb_Msp.tmp
2024-12-15 13:52:39,648 [INFO] Middleware:1439 - No code input for Bsp Dependency
2024-12-15 13:52:39,676 [INFO] CodeEngine:255 - oldGeneratedFile, C:\Users\leona\Documents\UBM\GitLab\Precharge_Control\ST\USB2CAN\Core\Src\fdcan.c_save
2024-12-15 13:52:40,184 [INFO] CodeEngine:279 - Generated code: C:\Users\leona\Documents\UBM\GitLab\Precharge_Control\ST\USB2CAN\Core\Src\fdcan.c
2024-12-15 13:52:40,206 [INFO] CodeEngine:255 - oldGeneratedFile, C:\Users\leona\Documents\UBM\GitLab\Precharge_Control\ST\USB2CAN\Core\Inc\fdcan.h_save
2024-12-15 13:52:40,506 [INFO] CodeEngine:279 - Generated code: C:\Users\leona\Documents\UBM\GitLab\Precharge_Control\ST\USB2CAN\Core\Inc\fdcan.h
2024-12-15 13:52:40,551 [INFO] Middleware:1439 - No code input for Bsp Dependency
2024-12-15 13:52:40,578 [INFO] CodeEngine:255 - oldGeneratedFile, C:\Users\leona\Documents\UBM\GitLab\Precharge_Control\ST\USB2CAN\USB_Device\App\usb_device.c_save
2024-12-15 13:52:40,883 [INFO] CodeEngine:279 - Generated code: C:\Users\leona\Documents\UBM\GitLab\Precharge_Control\ST\USB2CAN\USB_Device\App\usb_device.c
2024-12-15 13:52:40,901 [INFO] CodeEngine:255 - oldGeneratedFile, C:\Users\leona\Documents\UBM\GitLab\Precharge_Control\ST\USB2CAN\USB_Device\App\usb_device.h_save
2024-12-15 13:52:41,139 [INFO] CodeEngine:279 - Generated code: C:\Users\leona\Documents\UBM\GitLab\Precharge_Control\ST\USB2CAN\USB_Device\App\usb_device.h
2024-12-15 13:52:41,159 [INFO] CodeEngine:255 - oldGeneratedFile, C:\Users\leona\Documents\UBM\GitLab\Precharge_Control\ST\USB2CAN\USB_Device\Target\usbd_conf.h_save
2024-12-15 13:52:41,396 [INFO] CodeEngine:279 - Generated code: C:\Users\leona\Documents\UBM\GitLab\Precharge_Control\ST\USB2CAN\USB_Device\Target\usbd_conf.h
2024-12-15 13:52:41,414 [INFO] CodeEngine:255 - oldGeneratedFile, C:\Users\leona\Documents\UBM\GitLab\Precharge_Control\ST\USB2CAN\USB_Device\Target\usbd_conf.c_save
2024-12-15 13:52:41,716 [INFO] CodeEngine:279 - Generated code: C:\Users\leona\Documents\UBM\GitLab\Precharge_Control\ST\USB2CAN\USB_Device\Target\usbd_conf.c
2024-12-15 13:52:41,737 [INFO] CodeEngine:255 - oldGeneratedFile, C:\Users\leona\Documents\UBM\GitLab\Precharge_Control\ST\USB2CAN\USB_Device\App\usbd_desc.h_save
2024-12-15 13:52:41,985 [INFO] CodeEngine:279 - Generated code: C:\Users\leona\Documents\UBM\GitLab\Precharge_Control\ST\USB2CAN\USB_Device\App\usbd_desc.h
2024-12-15 13:52:41,998 [INFO] CodeEngine:255 - oldGeneratedFile, C:\Users\leona\Documents\UBM\GitLab\Precharge_Control\ST\USB2CAN\USB_Device\App\usbd_desc.c_save
2024-12-15 13:52:42,179 [INFO] CodeEngine:279 - Generated code: C:\Users\leona\Documents\UBM\GitLab\Precharge_Control\ST\USB2CAN\USB_Device\App\usbd_desc.c
2024-12-15 13:52:42,194 [INFO] CodeEngine:255 - oldGeneratedFile, C:\Users\leona\Documents\UBM\GitLab\Precharge_Control\ST\USB2CAN\USB_Device\App\usbd_cdc_if.h_save
2024-12-15 13:52:42,346 [INFO] CodeEngine:279 - Generated code: C:\Users\leona\Documents\UBM\GitLab\Precharge_Control\ST\USB2CAN\USB_Device\App\usbd_cdc_if.h
2024-12-15 13:52:42,361 [INFO] CodeEngine:255 - oldGeneratedFile, C:\Users\leona\Documents\UBM\GitLab\Precharge_Control\ST\USB2CAN\USB_Device\App\usbd_cdc_if.c_save
2024-12-15 13:52:42,510 [INFO] CodeEngine:279 - Generated code: C:\Users\leona\Documents\UBM\GitLab\Precharge_Control\ST\USB2CAN\USB_Device\App\usbd_cdc_if.c
2024-12-15 13:52:42,539 [INFO] CodeEngine:255 - oldGeneratedFile, C:\Users\leona\Documents\UBM\GitLab\Precharge_Control\ST\USB2CAN\Core\Src\stm32g4xx_it.c_save
2024-12-15 13:52:42,718 [INFO] CodeEngine:279 - Generated code: C:\Users\leona\Documents\UBM\GitLab\Precharge_Control\ST\USB2CAN\Core\Src\stm32g4xx_it.c
2024-12-15 13:52:42,732 [INFO] CodeEngine:255 - oldGeneratedFile, C:\Users\leona\Documents\UBM\GitLab\Precharge_Control\ST\USB2CAN\Core\Inc\stm32g4xx_it.h_save
2024-12-15 13:52:42,865 [INFO] CodeEngine:279 - Generated code: C:\Users\leona\Documents\UBM\GitLab\Precharge_Control\ST\USB2CAN\Core\Inc\stm32g4xx_it.h
2024-12-15 13:52:42,901 [INFO] CodeEngine:255 - oldGeneratedFile, C:\Users\leona\Documents\UBM\GitLab\Precharge_Control\ST\USB2CAN\Core\Src\stm32g4xx_hal_msp.c_save
2024-12-15 13:52:43,183 [INFO] CodeEngine:279 - Generated code: C:\Users\leona\Documents\UBM\GitLab\Precharge_Control\ST\USB2CAN\Core\Src\stm32g4xx_hal_msp.c
2024-12-15 13:52:43,195 [INFO] CodeEngine:255 - oldGeneratedFile, C:\Users\leona\Documents\UBM\GitLab\Precharge_Control\ST\USB2CAN\MXTmpFiles\system.tmp_save
2024-12-15 13:52:43,334 [INFO] CodeEngine:279 - Generated code: C:\Users\leona\Documents\UBM\GitLab\Precharge_Control\ST\USB2CAN\MXTmpFiles\system.tmp
2024-12-15 13:52:43,362 [INFO] CodeEngine:311 - oldGeneratedFile, C:\Users\leona\Documents\UBM\GitLab\Precharge_Control\ST\USB2CAN\Core\Inc\stm32g4xx_hal_conf.h_save
2024-12-15 13:52:43,494 [INFO] CodeEngine:335 - Generated code: C:\Users\leona\Documents\UBM\GitLab\Precharge_Control\ST\USB2CAN\Core\Inc\stm32g4xx_hal_conf.h
2024-12-15 13:52:43,574 [WARN] IPConfigManager:3005 - Warning: the RefConfig RCC_CommonPeriphClockConfig is not available in your config.xml file
2024-12-15 13:52:43,633 [INFO] CodeEngine:255 - oldGeneratedFile, C:\Users\leona\Documents\UBM\GitLab\Precharge_Control\ST\USB2CAN\Core\Inc\main.h_save
2024-12-15 13:52:43,940 [INFO] CodeEngine:279 - Generated code: C:\Users\leona\Documents\UBM\GitLab\Precharge_Control\ST\USB2CAN\Core\Inc\main.h
2024-12-15 13:52:43,956 [INFO] CodeEngine:255 - oldGeneratedFile, C:\Users\leona\Documents\UBM\GitLab\Precharge_Control\ST\USB2CAN\Core\Src\main.c_save
2024-12-15 13:52:44,330 [INFO] CodeEngine:279 - Generated code: C:\Users\leona\Documents\UBM\GitLab\Precharge_Control\ST\USB2CAN\Core\Src\main.c
2024-12-15 13:52:45,225 [INFO] ProjectBuilder:3249 - Time for Copy HAL[1] : 354mS.
2024-12-15 13:52:45,252 [INFO] ProjectBuilder:4828 - Project Generator version: 4.5.0-B34
2024-12-15 13:52:45,525 [INFO] ConfigFileManager:1531 - The Die is : DIE468
2024-12-15 13:52:45,531 [INFO] ApiDbMcu:508 - Load IP Config File for FATFS
2024-12-15 13:52:45,538 [INFO] ApiDbMcu:508 - Load IP Config File for FREERTOS
2024-12-15 13:52:45,553 [INFO] ApiDbMcu:508 - Load IP Config File for USBPD
2024-12-15 13:52:46,638 [INFO] LogOutputStream:77 - [STDOUT_REDIRECT] 
2024-12-15 13:52:50,256 [INFO] ProjectBuilder:5097 - Time for Generating toolchain IDE Files: 5004mS.
2024-12-15 13:52:50,259 [INFO] ProjectBuilder:3107 - Time for Copy CMSIS : 3mS.
2024-12-15 13:52:50,282 [INFO] ProjectBuilder:3107 - Time for Copy CMSIS : 0mS.
2024-12-15 13:57:37,434 [INFO] NvicIntPanel:101 - NVIC parent = com.st.microxplorer.plugins.ip.nvic.MultiNvicIntPanel[,0,0,0x0,invalid,layout=javax.swing.BoxLayout,alignmentX=0.0,alignmentY=0.0,border=,flags=9,maximumSize=,minimumSize=,preferredSize=]
2024-12-15 13:58:16,284 [INFO] UtilMem:75 - End SaveConfig() Used Memory: 752237048 Bytes (1073741824)
2024-12-15 13:58:18,163 [INFO] UtilMem:75 - End SaveConfig() Used Memory: 776354296 Bytes (1073741824)
2024-12-15 13:58:19,413 [INFO] UtilMem:75 - End SaveConfig() Used Memory: 859930696 Bytes (1073741824)
2024-12-15 13:58:20,034 [INFO] BlockDiagram:2766 - set Specific Code input for plugin: USB_Device
2024-12-15 13:58:20,034 [INFO] BlockDiagram:2766 - set Specific Code input for plugin: SYS
2024-12-15 13:58:20,034 [INFO] BlockDiagram:2766 - set Specific Code input for plugin: RCC
2024-12-15 13:58:20,034 [INFO] BlockDiagram:2766 - set Specific Code input for plugin: NVIC
2024-12-15 13:58:20,035 [INFO] BlockDiagram:2766 - set Specific Code input for plugin: USB
2024-12-15 13:58:20,035 [INFO] BlockDiagram:2766 - set Specific Code input for plugin: GPIO
2024-12-15 13:58:20,036 [INFO] BlockDiagram:2766 - set Specific Code input for plugin: FDCAN
2024-12-15 13:58:20,037 [INFO] CodeGenerator:807 - code generatio: config db path: C:\ST\STM32CubeIDE_1.16.1\STM32CubeIDE\plugins\com.st.stm32cube.common.mx_6.12.1.202409122256\\db\
2024-12-15 13:58:20,043 [WARN] IP:2191 - MessageRAMOffset not found: check if there is a RefParameter without a condition.
2024-12-15 13:58:20,043 [WARN] IP:2191 - RxFifo0ElmtsNbr not found: check if there is a RefParameter without a condition.
2024-12-15 13:58:20,043 [WARN] IP:2191 - RxFifo0ElmtSize not found: check if there is a RefParameter without a condition.
2024-12-15 13:58:20,043 [WARN] IP:2191 - RxFifo1ElmtsNbr not found: check if there is a RefParameter without a condition.
2024-12-15 13:58:20,043 [WARN] IP:2191 - RxFifo1ElmtSize not found: check if there is a RefParameter without a condition.
2024-12-15 13:58:20,043 [WARN] IP:2191 - RxBuffersNbr not found: check if there is a RefParameter without a condition.
2024-12-15 13:58:20,044 [WARN] IP:2191 - RxBufferSize not found: check if there is a RefParameter without a condition.
2024-12-15 13:58:20,044 [WARN] IP:2191 - TxEventsNbr not found: check if there is a RefParameter without a condition.
2024-12-15 13:58:20,044 [WARN] IP:2191 - TxBuffersNbr not found: check if there is a RefParameter without a condition.
2024-12-15 13:58:20,044 [WARN] IP:2191 - TxFifoQueueElmtsNbr not found: check if there is a RefParameter without a condition.
2024-12-15 13:58:20,044 [WARN] IP:2191 - TxElmtSize not found: check if there is a RefParameter without a condition.
2024-12-15 13:58:20,044 [WARN] IP:2191 - ClockCalibrationCCU not found: check if there is a RefParameter without a condition.
2024-12-15 13:58:20,044 [WARN] IP:2191 - ClockDividerCCU not found: check if there is a RefParameter without a condition.
2024-12-15 13:58:20,045 [WARN] IP:2191 - MinOscClkPeriodsCCU not found: check if there is a RefParameter without a condition.
2024-12-15 13:58:20,045 [WARN] IP:2191 - TimeQuantaPerBitTimeCCU not found: check if there is a RefParameter without a condition.
2024-12-15 13:58:20,045 [WARN] IP:2191 - WatchdogStartValueCCU not found: check if there is a RefParameter without a condition.
2024-12-15 13:58:20,330 [INFO] CodeEngine:255 - oldGeneratedFile, C:\Users\leona\Documents\UBM\GitLab\Precharge_Control\ST\USB2CAN\MXTmpFiles\license.tmp_save
2024-12-15 13:58:20,497 [INFO] CodeEngine:279 - Generated code: C:\Users\leona\Documents\UBM\GitLab\Precharge_Control\ST\USB2CAN\MXTmpFiles\license.tmp
2024-12-15 13:58:20,559 [INFO] CodeEngine:255 - oldGeneratedFile, C:\Users\leona\Documents\UBM\GitLab\Precharge_Control\ST\USB2CAN\Core\Src\gpio.c_save
2024-12-15 13:58:20,777 [INFO] CodeEngine:279 - Generated code: C:\Users\leona\Documents\UBM\GitLab\Precharge_Control\ST\USB2CAN\Core\Src\gpio.c
2024-12-15 13:58:20,790 [INFO] CodeEngine:255 - oldGeneratedFile, C:\Users\leona\Documents\UBM\GitLab\Precharge_Control\ST\USB2CAN\Core\Inc\gpio.h_save
2024-12-15 13:58:20,937 [INFO] CodeEngine:279 - Generated code: C:\Users\leona\Documents\UBM\GitLab\Precharge_Control\ST\USB2CAN\Core\Inc\gpio.h
2024-12-15 13:58:21,050 [INFO] CodeEngine:255 - oldGeneratedFile, C:\Users\leona\Documents\UBM\GitLab\Precharge_Control\ST\USB2CAN\MXTmpFiles\usb_vars.tmp_save
2024-12-15 13:58:21,205 [INFO] CodeEngine:279 - Generated code: C:\Users\leona\Documents\UBM\GitLab\Precharge_Control\ST\USB2CAN\MXTmpFiles\usb_vars.tmp
2024-12-15 13:58:21,217 [INFO] CodeEngine:255 - oldGeneratedFile, C:\Users\leona\Documents\UBM\GitLab\Precharge_Control\ST\USB2CAN\MXTmpFiles\usb_inc.tmp_save
2024-12-15 13:58:21,383 [INFO] CodeEngine:279 - Generated code: C:\Users\leona\Documents\UBM\GitLab\Precharge_Control\ST\USB2CAN\MXTmpFiles\usb_inc.tmp
2024-12-15 13:58:21,393 [INFO] CodeEngine:255 - oldGeneratedFile, C:\Users\leona\Documents\UBM\GitLab\Precharge_Control\ST\USB2CAN\MXTmpFiles\usb_HalInit.tmp_save
2024-12-15 13:58:21,534 [INFO] CodeEngine:279 - Generated code: C:\Users\leona\Documents\UBM\GitLab\Precharge_Control\ST\USB2CAN\MXTmpFiles\usb_HalInit.tmp
2024-12-15 13:58:21,548 [INFO] CodeEngine:255 - oldGeneratedFile, C:\Users\leona\Documents\UBM\GitLab\Precharge_Control\ST\USB2CAN\MXTmpFiles\usb_Msp.tmp_save
2024-12-15 13:58:21,736 [INFO] CodeEngine:279 - Generated code: C:\Users\leona\Documents\UBM\GitLab\Precharge_Control\ST\USB2CAN\MXTmpFiles\usb_Msp.tmp
2024-12-15 13:58:21,930 [INFO] Middleware:1439 - No code input for Bsp Dependency
2024-12-15 13:58:21,953 [INFO] CodeEngine:255 - oldGeneratedFile, C:\Users\leona\Documents\UBM\GitLab\Precharge_Control\ST\USB2CAN\Core\Src\fdcan.c_save
2024-12-15 13:58:22,182 [INFO] CodeEngine:279 - Generated code: C:\Users\leona\Documents\UBM\GitLab\Precharge_Control\ST\USB2CAN\Core\Src\fdcan.c
2024-12-15 13:58:22,200 [INFO] CodeEngine:255 - oldGeneratedFile, C:\Users\leona\Documents\UBM\GitLab\Precharge_Control\ST\USB2CAN\Core\Inc\fdcan.h_save
2024-12-15 13:58:22,336 [INFO] CodeEngine:279 - Generated code: C:\Users\leona\Documents\UBM\GitLab\Precharge_Control\ST\USB2CAN\Core\Inc\fdcan.h
2024-12-15 13:58:22,367 [INFO] Middleware:1439 - No code input for Bsp Dependency
2024-12-15 13:58:22,390 [INFO] CodeEngine:255 - oldGeneratedFile, C:\Users\leona\Documents\UBM\GitLab\Precharge_Control\ST\USB2CAN\USB_Device\App\usb_device.c_save
2024-12-15 13:58:22,518 [INFO] CodeEngine:279 - Generated code: C:\Users\leona\Documents\UBM\GitLab\Precharge_Control\ST\USB2CAN\USB_Device\App\usb_device.c
2024-12-15 13:58:22,530 [INFO] CodeEngine:255 - oldGeneratedFile, C:\Users\leona\Documents\UBM\GitLab\Precharge_Control\ST\USB2CAN\USB_Device\App\usb_device.h_save
2024-12-15 13:58:22,636 [INFO] CodeEngine:279 - Generated code: C:\Users\leona\Documents\UBM\GitLab\Precharge_Control\ST\USB2CAN\USB_Device\App\usb_device.h
2024-12-15 13:58:22,648 [INFO] CodeEngine:255 - oldGeneratedFile, C:\Users\leona\Documents\UBM\GitLab\Precharge_Control\ST\USB2CAN\USB_Device\Target\usbd_conf.h_save
2024-12-15 13:58:22,753 [INFO] CodeEngine:279 - Generated code: C:\Users\leona\Documents\UBM\GitLab\Precharge_Control\ST\USB2CAN\USB_Device\Target\usbd_conf.h
2024-12-15 13:58:22,765 [INFO] CodeEngine:255 - oldGeneratedFile, C:\Users\leona\Documents\UBM\GitLab\Precharge_Control\ST\USB2CAN\USB_Device\Target\usbd_conf.c_save
2024-12-15 13:58:22,957 [INFO] CodeEngine:279 - Generated code: C:\Users\leona\Documents\UBM\GitLab\Precharge_Control\ST\USB2CAN\USB_Device\Target\usbd_conf.c
2024-12-15 13:58:22,972 [INFO] CodeEngine:255 - oldGeneratedFile, C:\Users\leona\Documents\UBM\GitLab\Precharge_Control\ST\USB2CAN\USB_Device\App\usbd_desc.h_save
2024-12-15 13:58:23,079 [INFO] CodeEngine:279 - Generated code: C:\Users\leona\Documents\UBM\GitLab\Precharge_Control\ST\USB2CAN\USB_Device\App\usbd_desc.h
2024-12-15 13:58:23,089 [INFO] CodeEngine:255 - oldGeneratedFile, C:\Users\leona\Documents\UBM\GitLab\Precharge_Control\ST\USB2CAN\USB_Device\App\usbd_desc.c_save
2024-12-15 13:58:23,207 [INFO] CodeEngine:279 - Generated code: C:\Users\leona\Documents\UBM\GitLab\Precharge_Control\ST\USB2CAN\USB_Device\App\usbd_desc.c
2024-12-15 13:58:23,218 [INFO] CodeEngine:255 - oldGeneratedFile, C:\Users\leona\Documents\UBM\GitLab\Precharge_Control\ST\USB2CAN\USB_Device\App\usbd_cdc_if.h_save
2024-12-15 13:58:23,328 [INFO] CodeEngine:279 - Generated code: C:\Users\leona\Documents\UBM\GitLab\Precharge_Control\ST\USB2CAN\USB_Device\App\usbd_cdc_if.h
2024-12-15 13:58:23,338 [INFO] CodeEngine:255 - oldGeneratedFile, C:\Users\leona\Documents\UBM\GitLab\Precharge_Control\ST\USB2CAN\USB_Device\App\usbd_cdc_if.c_save
2024-12-15 13:58:23,481 [INFO] CodeEngine:279 - Generated code: C:\Users\leona\Documents\UBM\GitLab\Precharge_Control\ST\USB2CAN\USB_Device\App\usbd_cdc_if.c
2024-12-15 13:58:23,506 [INFO] CodeEngine:255 - oldGeneratedFile, C:\Users\leona\Documents\UBM\GitLab\Precharge_Control\ST\USB2CAN\Core\Src\stm32g4xx_it.c_save
2024-12-15 13:58:23,640 [INFO] CodeEngine:279 - Generated code: C:\Users\leona\Documents\UBM\GitLab\Precharge_Control\ST\USB2CAN\Core\Src\stm32g4xx_it.c
2024-12-15 13:58:23,653 [INFO] CodeEngine:255 - oldGeneratedFile, C:\Users\leona\Documents\UBM\GitLab\Precharge_Control\ST\USB2CAN\Core\Inc\stm32g4xx_it.h_save
2024-12-15 13:58:23,796 [INFO] CodeEngine:279 - Generated code: C:\Users\leona\Documents\UBM\GitLab\Precharge_Control\ST\USB2CAN\Core\Inc\stm32g4xx_it.h
2024-12-15 13:58:23,826 [INFO] CodeEngine:255 - oldGeneratedFile, C:\Users\leona\Documents\UBM\GitLab\Precharge_Control\ST\USB2CAN\Core\Src\stm32g4xx_hal_msp.c_save
2024-12-15 13:58:24,018 [INFO] CodeEngine:279 - Generated code: C:\Users\leona\Documents\UBM\GitLab\Precharge_Control\ST\USB2CAN\Core\Src\stm32g4xx_hal_msp.c
2024-12-15 13:58:24,027 [INFO] CodeEngine:255 - oldGeneratedFile, C:\Users\leona\Documents\UBM\GitLab\Precharge_Control\ST\USB2CAN\MXTmpFiles\system.tmp_save
2024-12-15 13:58:24,181 [INFO] CodeEngine:279 - Generated code: C:\Users\leona\Documents\UBM\GitLab\Precharge_Control\ST\USB2CAN\MXTmpFiles\system.tmp
2024-12-15 13:58:24,207 [INFO] CodeEngine:311 - oldGeneratedFile, C:\Users\leona\Documents\UBM\GitLab\Precharge_Control\ST\USB2CAN\Core\Inc\stm32g4xx_hal_conf.h_save
2024-12-15 13:58:24,403 [INFO] CodeEngine:335 - Generated code: C:\Users\leona\Documents\UBM\GitLab\Precharge_Control\ST\USB2CAN\Core\Inc\stm32g4xx_hal_conf.h
2024-12-15 13:58:24,449 [WARN] IPConfigManager:3005 - Warning: the RefConfig RCC_CommonPeriphClockConfig is not available in your config.xml file
2024-12-15 13:58:24,485 [INFO] CodeEngine:255 - oldGeneratedFile, C:\Users\leona\Documents\UBM\GitLab\Precharge_Control\ST\USB2CAN\Core\Inc\main.h_save
2024-12-15 13:58:24,684 [INFO] CodeEngine:279 - Generated code: C:\Users\leona\Documents\UBM\GitLab\Precharge_Control\ST\USB2CAN\Core\Inc\main.h
2024-12-15 13:58:24,698 [INFO] CodeEngine:255 - oldGeneratedFile, C:\Users\leona\Documents\UBM\GitLab\Precharge_Control\ST\USB2CAN\Core\Src\main.c_save
2024-12-15 13:58:24,899 [INFO] CodeEngine:279 - Generated code: C:\Users\leona\Documents\UBM\GitLab\Precharge_Control\ST\USB2CAN\Core\Src\main.c
2024-12-15 13:58:25,767 [INFO] ProjectBuilder:3249 - Time for Copy HAL[1] : 401mS.
2024-12-15 13:58:25,785 [INFO] ProjectBuilder:4828 - Project Generator version: 4.5.0-B34
2024-12-15 13:58:26,049 [INFO] ConfigFileManager:1531 - The Die is : DIE468
2024-12-15 13:58:29,458 [INFO] ProjectBuilder:5097 - Time for Generating toolchain IDE Files: 3673mS.
2024-12-15 13:58:29,460 [INFO] ProjectBuilder:3107 - Time for Copy CMSIS : 1mS.
2024-12-15 13:58:29,595 [INFO] ProjectBuilder:3107 - Time for Copy CMSIS : 1mS.
2024-12-15 14:23:34,574 [ERROR] ConfigurationRetriever:142 - IOException on connection: Read timed out
2024-12-15 14:35:10,187 [ERROR] ConfigurationRetriever:142 - IOException on connection: Read timed out
2024-12-15 14:35:12,693 [ERROR] ConfigurationRetriever:142 - IOException on connection: Read timed out
2024-12-15 15:23:09,438 [ERROR] LogOutputStream:75 - [STDERR_REDIRECT] 
2024-12-15 15:42:20,626 [INFO] Activator:176 - 


2024-12-15 15:42:20,632 [INFO] Activator:177 - !SESSION log4j initialized
2024-12-15 15:42:33,001 [INFO] LogOutputStream:77 - [STDOUT_REDIRECT] 
2024-12-15 15:42:40,219 [INFO] ApplicationProperties:184 - Using Application install path: C:\ST\STM32CubeIDE_1.16.1\STM32CubeIDE\plugins\com.st.stm32cube.common.mx_6.12.1.202409122256
2024-12-15 15:42:40,253 [INFO] DbMcusXml:78 - Set database path to: C:\ST\STM32CubeIDE_1.16.1\STM32CubeIDE\plugins\com.st.stm32cube.common.mx_6.12.1.202409122256\\db\/mcu/
2024-12-15 15:42:40,254 [INFO] ApiDb:274 - Set plugin database path to: C:\ST\STM32CubeIDE_1.16.1\STM32CubeIDE\plugins\com.st.stm32cube.common.mx_6.12.1.202409122256\\db\/plugins/boardmanager/
2024-12-15 15:42:40,254 [WARN] ApiDb:259 - Overriding images path with different value:  => C:\ST\STM32CubeIDE_1.16.1\STM32CubeIDE\plugins\com.st.stm32cube.common.mx_6.12.1.202409122256\\db\/plugins/mcufinder/images/
2024-12-15 15:42:40,267 [INFO] ApiDb:250 - Set database path to: C:\Users\leona\.stmcufinder\plugins\mcufinder//mcu/
2024-12-15 15:42:40,269 [INFO] DbMcusAds:125 - Set database path to: C:\Users\leona\.stmcufinder\plugins\mcufinder//mcu/
2024-12-15 15:42:40,274 [INFO] CrossReferenceDbSqlite:203 - Set database path to: C:\Users\leona\.stmcufinder\plugins\mcufinder//mcu/cs/
2024-12-15 15:42:40,503 [INFO] RulesReader:64 - Compatibility file has been processed (297 Rules)
2024-12-15 15:42:40,651 [INFO] DbMcusXml:78 - Set database path to: C:\ST\STM32CubeIDE_1.16.1\STM32CubeIDE\plugins\com.st.stm32cube.common.mx_6.12.1.202409122256\\db\/mcu/
2024-12-15 15:42:40,651 [INFO] ApiDb:274 - Set plugin database path to: C:\ST\STM32CubeIDE_1.16.1\STM32CubeIDE\plugins\com.st.stm32cube.common.mx_6.12.1.202409122256\\db\/plugins/boardmanager/
2024-12-15 15:42:40,651 [INFO] ApiDb:261 - Set plugin images path to: C:\ST\STM32CubeIDE_1.16.1\STM32CubeIDE\plugins\com.st.stm32cube.common.mx_6.12.1.202409122256\\db\/plugins/mcufinder/images/
2024-12-15 15:42:40,652 [WARN] DbFile:41 - Overriding database path with different value: C:\Users\leona\.stmcufinder\plugins\mcufinder/ => C:\Users\leona\.stmcufinder\plugins\mcufinder
2024-12-15 15:42:40,652 [INFO] ApiDb:250 - Set database path to: C:\Users\leona\.stmcufinder\plugins\mcufinder//mcu/
2024-12-15 15:42:40,652 [WARN] DbFile:41 - Overriding database path with different value: C:\Users\leona\.stmcufinder\plugins\mcufinder/ => C:\Users\leona\.stmcufinder\plugins\mcufinder
2024-12-15 15:42:40,652 [INFO] DbMcusAds:125 - Set database path to: C:\Users\leona\.stmcufinder\plugins\mcufinder//mcu/
2024-12-15 15:42:40,652 [WARN] DbFile:41 - Overriding database path with different value: C:\Users\leona\.stmcufinder\plugins\mcufinder/ => C:\Users\leona\.stmcufinder\plugins\mcufinder
2024-12-15 15:42:40,653 [WARN] DbFile:41 - Overriding database path with different value: C:\Users\leona\.stmcufinder\plugins\mcufinder/ => C:\Users\leona\.stmcufinder\plugins\mcufinder
2024-12-15 15:42:40,653 [INFO] CrossReferenceDbSqlite:203 - Set database path to: C:\Users\leona\.stmcufinder\plugins\mcufinder//mcu/cs/
2024-12-15 15:42:40,784 [INFO] MainPanel:268 - HeapMemory: 268435456
2024-12-15 15:42:40,941 [INFO] DbMcusXml:78 - Set database path to: C:\ST\STM32CubeIDE_1.16.1\STM32CubeIDE\plugins\com.st.stm32cube.common.mx_6.12.1.202409122256\\db\/mcu/
2024-12-15 15:42:40,941 [INFO] ApiDb:274 - Set plugin database path to: C:\ST\STM32CubeIDE_1.16.1\STM32CubeIDE\plugins\com.st.stm32cube.common.mx_6.12.1.202409122256\\db\/plugins/boardmanager/
2024-12-15 15:42:40,942 [INFO] ApiDb:261 - Set plugin images path to: C:\ST\STM32CubeIDE_1.16.1\STM32CubeIDE\plugins\com.st.stm32cube.common.mx_6.12.1.202409122256\\db\/plugins/mcufinder/images/
2024-12-15 15:42:40,943 [WARN] DbFile:41 - Overriding database path with different value: C:\Users\leona\.stmcufinder\plugins\mcufinder/ => C:\Users\leona\.stmcufinder\plugins\mcufinder
2024-12-15 15:42:40,943 [INFO] ApiDb:250 - Set database path to: C:\Users\leona\.stmcufinder\plugins\mcufinder//mcu/
2024-12-15 15:42:40,943 [WARN] DbFile:41 - Overriding database path with different value: C:\Users\leona\.stmcufinder\plugins\mcufinder/ => C:\Users\leona\.stmcufinder\plugins\mcufinder
2024-12-15 15:42:40,943 [INFO] DbMcusAds:125 - Set database path to: C:\Users\leona\.stmcufinder\plugins\mcufinder//mcu/
2024-12-15 15:42:40,944 [WARN] DbFile:41 - Overriding database path with different value: C:\Users\leona\.stmcufinder\plugins\mcufinder/ => C:\Users\leona\.stmcufinder\plugins\mcufinder
2024-12-15 15:42:40,944 [WARN] DbFile:41 - Overriding database path with different value: C:\Users\leona\.stmcufinder\plugins\mcufinder/ => C:\Users\leona\.stmcufinder\plugins\mcufinder
2024-12-15 15:42:40,944 [INFO] CrossReferenceDbSqlite:203 - Set database path to: C:\Users\leona\.stmcufinder\plugins\mcufinder//mcu/cs/
2024-12-15 15:42:40,979 [INFO] ApplicationProperties:184 - Using Application install path: C:\ST\STM32CubeIDE_1.16.1\STM32CubeIDE\plugins\com.st.stm32cube.common.mx_6.12.1.202409122256
2024-12-15 15:42:40,982 [INFO] PluginManage:196 - Search for loadable plugins [exclusion list=, ]
2024-12-15 15:42:40,984 [INFO] PluginManage:310 - Check plugin analytics
2024-12-15 15:42:45,894 [INFO] AnalyticsPlugin:253 - Accepted Software Licenses: STM32CubeMX.6.12.1
2024-12-15 15:42:45,895 [INFO] AnalyticsPlugin:255 - Accepted CMSIS Pack Licenses: 
2024-12-15 15:42:45,895 [INFO] AnalyticsPlugin:257 - Accepted Firmware Licenses: FW.F4.1.27.0,FW.L4.1.18.0,FW.F4.1.28.0,FW.WL.1.3.0,FW.G4.1.6.0,FW.U5.1.6.0
2024-12-15 15:42:45,901 [INFO] PluginManage:359 - Loaded plugin analytics (category:tool,tabindex:-1)
2024-12-15 15:42:45,903 [INFO] PluginManage:310 - Check plugin cadmodel
2024-12-15 15:42:45,912 [INFO] CADModel:105 - Init CAD model plugin
2024-12-15 15:42:45,912 [INFO] PluginManage:359 - Loaded plugin cadmodel (category:power,tabindex:5)
2024-12-15 15:42:45,913 [INFO] PluginManage:310 - Check plugin clock
2024-12-15 15:42:45,934 [INFO] PluginManage:359 - Loaded plugin clock (category:base,tabindex:2)
2024-12-15 15:42:45,935 [INFO] PluginManage:310 - Check plugin ddr
2024-12-15 15:42:45,939 [INFO] PluginManage:359 - Loaded plugin ddr (category:tool,tabindex:6)
2024-12-15 15:42:45,940 [INFO] PluginManage:310 - Check plugin filemanager
2024-12-15 15:42:46,262 [INFO] PluginManage:359 - Loaded plugin filemanager (category:base,tabindex:10)
2024-12-15 15:42:46,262 [INFO] PluginManage:310 - Check plugin ipmanager
2024-12-15 15:42:46,274 [INFO] PluginManage:359 - Loaded plugin ipmanager (category:base,tabindex:5)
2024-12-15 15:42:46,274 [INFO] PluginManage:310 - Check plugin lpbam
2024-12-15 15:42:46,302 [INFO] PluginManage:359 - Loaded plugin lpbam (category:base,tabindex:0)
2024-12-15 15:42:46,302 [INFO] PluginManage:310 - Check plugin memorymap
2024-12-15 15:42:46,333 [INFO] PluginManage:359 - Loaded plugin memorymap (category:base,tabindex:4)
2024-12-15 15:42:46,333 [INFO] PluginManage:310 - Check plugin pinoutandconfiguration
2024-12-15 15:42:46,355 [INFO] PluginManage:359 - Loaded plugin pinoutandconfiguration (category:base,tabindex:1)
2024-12-15 15:42:46,355 [INFO] PluginManage:310 - Check plugin pinoutconfig
2024-12-15 15:42:46,540 [WARN] SupportedApi:132 - Cannot load RTOS API schema: s4s-elt-must-match.1: The content of 'definitions' must match (annotation?, (simpleType | complexType)?, (unique | key | keyref)*)). A problem was found starting at: attribute.
2024-12-15 15:42:46,814 [INFO] PluginManage:359 - Loaded plugin pinoutconfig (category:base,tabindex:0)
2024-12-15 15:42:46,815 [INFO] PluginManage:310 - Check plugin power
2024-12-15 15:42:46,833 [INFO] PluginManage:359 - Loaded plugin power (category:power,tabindex:4)
2024-12-15 15:42:46,834 [INFO] PluginManage:310 - Check plugin projectmanager
2024-12-15 15:42:46,873 [INFO] PluginManage:359 - Loaded plugin projectmanager (category:projectmanager,tabindex:4)
2024-12-15 15:42:46,873 [INFO] PluginManage:310 - Check plugin rif
2024-12-15 15:42:46,884 [INFO] PluginManage:359 - Loaded plugin rif (category:base,tabindex:3)
2024-12-15 15:42:46,884 [INFO] PluginManage:310 - Check plugin thirdparty
2024-12-15 15:42:47,246 [INFO] PluginManage:359 - Loaded plugin thirdparty (category:base,tabindex:-1)
2024-12-15 15:42:47,247 [INFO] PluginManage:310 - Check plugin tools
2024-12-15 15:42:47,252 [INFO] PluginManage:359 - Loaded plugin tools (category:base,tabindex:7)
2024-12-15 15:42:47,253 [INFO] PluginManage:310 - Check plugin tutovideos
2024-12-15 15:42:47,332 [WARN] IntegrityCheckThread:84 - waiting for thirdparty lock release [integrity check]
2024-12-15 15:42:47,340 [INFO] IntegrityCheckThread:86 - entering critical section [integrity check]
2024-12-15 15:42:47,342 [INFO] ThirdPartyUpdaterWithRetryManager:70 - Updater plugin not ready yet. [1/15]
2024-12-15 15:42:47,752 [INFO] PluginManage:359 - Loaded plugin tutovideos (category:base,tabindex:-1)
2024-12-15 15:42:47,753 [INFO] PluginManage:310 - Check plugin updater
2024-12-15 15:42:47,797 [INFO] PluginManage:359 - Loaded plugin updater (category:base,tabindex:12)
2024-12-15 15:42:47,797 [INFO] PluginManage:310 - Check plugin userauth
2024-12-15 15:42:47,808 [INFO] UserAuth:113 - Init User Auth plugin
2024-12-15 15:42:47,808 [INFO] PluginManage:359 - Loaded plugin userauth (category:base,tabindex:14)
2024-12-15 15:42:47,809 [INFO] PluginManage:283 - PluginManage : Loaded plugins [18]
2024-12-15 15:42:48,212 [INFO] PinOutPanel:1561 - setPackage(No Configuration,No Configuration)
2024-12-15 15:42:48,379 [INFO] CADModel:165 - CPN selected for project level
2024-12-15 15:42:48,379 [INFO] CADModel:114 - Register for checkConnection events
2024-12-15 15:42:48,406 [INFO] IPUIPlugin:80 - create IPUIPlugin
2024-12-15 15:42:48,406 [INFO] PluginManager:220 - loadIPPluginJar : add adc
2024-12-15 15:42:48,411 [INFO] IPUIPlugin:80 - create IPUIPlugin
2024-12-15 15:42:48,411 [INFO] PluginManager:220 - loadIPPluginJar : add aes
2024-12-15 15:42:48,417 [INFO] IPUIPlugin:80 - create IPUIPlugin
2024-12-15 15:42:48,417 [INFO] PluginManager:220 - loadIPPluginJar : add can
2024-12-15 15:42:48,421 [INFO] IPUIPlugin:80 - create IPUIPlugin
2024-12-15 15:42:48,421 [INFO] PluginManager:220 - loadIPPluginJar : add comp
2024-12-15 15:42:48,426 [INFO] IPUIPlugin:80 - create IPUIPlugin
2024-12-15 15:42:48,427 [INFO] PluginManager:220 - loadIPPluginJar : add cryp
2024-12-15 15:42:48,432 [INFO] IPUIPlugin:80 - create IPUIPlugin
2024-12-15 15:42:48,432 [INFO] PluginManager:220 - loadIPPluginJar : add ddr_ctrl_phy
2024-12-15 15:42:48,438 [INFO] IPUIPlugin:80 - create IPUIPlugin
2024-12-15 15:42:48,438 [INFO] PluginManager:220 - loadIPPluginJar : add dfsdm
2024-12-15 15:42:48,448 [INFO] IPUIPlugin:80 - create IPUIPlugin
2024-12-15 15:42:48,449 [INFO] PluginManager:220 - loadIPPluginJar : add dma
2024-12-15 15:42:48,454 [INFO] IPUIPlugin:80 - create IPUIPlugin
2024-12-15 15:42:48,455 [INFO] PluginManager:220 - loadIPPluginJar : add dma3
2024-12-15 15:42:48,460 [INFO] IPUIPlugin:80 - create IPUIPlugin
2024-12-15 15:42:48,461 [INFO] PluginManager:220 - loadIPPluginJar : add extmemmanager
2024-12-15 15:42:48,463 [INFO] IPUIPlugin:80 - create IPUIPlugin
2024-12-15 15:42:48,463 [INFO] PluginManager:220 - loadIPPluginJar : add fatfs
2024-12-15 15:42:48,471 [INFO] IPUIPlugin:80 - create IPUIPlugin
2024-12-15 15:42:48,471 [INFO] PluginManager:220 - loadIPPluginJar : add fmc
2024-12-15 15:42:48,481 [INFO] IPUIPlugin:80 - create IPUIPlugin
2024-12-15 15:42:48,481 [INFO] PluginManager:220 - loadIPPluginJar : add freertos
2024-12-15 15:42:48,484 [INFO] IPUIPlugin:80 - create IPUIPlugin
2024-12-15 15:42:48,484 [INFO] PluginManager:220 - loadIPPluginJar : add genericplugin
2024-12-15 15:42:48,489 [INFO] IPUIPlugin:80 - create IPUIPlugin
2024-12-15 15:42:48,489 [INFO] PluginManager:220 - loadIPPluginJar : add gfxmmu
2024-12-15 15:42:48,496 [INFO] IPUIPlugin:80 - create IPUIPlugin
2024-12-15 15:42:48,496 [INFO] PluginManager:220 - loadIPPluginJar : add gic
2024-12-15 15:42:48,503 [INFO] IPUIPlugin:80 - create IPUIPlugin
2024-12-15 15:42:48,503 [INFO] PluginManager:220 - loadIPPluginJar : add gpio
2024-12-15 15:42:48,508 [INFO] IPUIPlugin:80 - create IPUIPlugin
2024-12-15 15:42:48,508 [INFO] PluginManager:220 - loadIPPluginJar : add gtzc
2024-12-15 15:42:48,513 [INFO] IPUIPlugin:80 - create IPUIPlugin
2024-12-15 15:42:48,514 [INFO] PluginManager:220 - loadIPPluginJar : add hash
2024-12-15 15:42:48,519 [INFO] IPUIPlugin:80 - create IPUIPlugin
2024-12-15 15:42:48,520 [INFO] PluginManager:220 - loadIPPluginJar : add i2c
2024-12-15 15:42:48,525 [INFO] IPUIPlugin:80 - create IPUIPlugin
2024-12-15 15:42:48,525 [INFO] PluginManager:220 - loadIPPluginJar : add i2s
2024-12-15 15:42:48,531 [INFO] IPUIPlugin:80 - create IPUIPlugin
2024-12-15 15:42:48,532 [INFO] PluginManager:220 - loadIPPluginJar : add i3c
2024-12-15 15:42:48,538 [INFO] IPUIPlugin:80 - create IPUIPlugin
2024-12-15 15:42:48,538 [INFO] PluginManager:220 - loadIPPluginJar : add ipddr
2024-12-15 15:42:48,550 [INFO] IPUIPlugin:80 - create IPUIPlugin
2024-12-15 15:42:48,550 [INFO] PluginManager:220 - loadIPPluginJar : add linkedlist
2024-12-15 15:42:48,559 [INFO] IPUIPlugin:80 - create IPUIPlugin
2024-12-15 15:42:48,559 [INFO] PluginManager:220 - loadIPPluginJar : add lorawan
2024-12-15 15:42:48,564 [INFO] IPUIPlugin:80 - create IPUIPlugin
2024-12-15 15:42:48,564 [INFO] PluginManager:220 - loadIPPluginJar : add ltdc
2024-12-15 15:42:48,576 [INFO] IPUIPlugin:80 - create IPUIPlugin
2024-12-15 15:42:48,576 [INFO] PluginManager:220 - loadIPPluginJar : add mdma
2024-12-15 15:42:48,583 [INFO] IPUIPlugin:80 - create IPUIPlugin
2024-12-15 15:42:48,584 [INFO] PluginManager:220 - loadIPPluginJar : add nvic
2024-12-15 15:42:48,589 [INFO] IPUIPlugin:80 - create IPUIPlugin
2024-12-15 15:42:48,590 [INFO] PluginManager:220 - loadIPPluginJar : add opamp
2024-12-15 15:42:48,596 [INFO] IPUIPlugin:80 - create IPUIPlugin
2024-12-15 15:42:48,597 [INFO] PluginManager:220 - loadIPPluginJar : add openamp
2024-12-15 15:42:48,603 [INFO] IPUIPlugin:80 - create IPUIPlugin
2024-12-15 15:42:48,603 [INFO] PluginManager:220 - loadIPPluginJar : add pdm2pcm
2024-12-15 15:42:48,615 [INFO] IPUIPlugin:80 - create IPUIPlugin
2024-12-15 15:42:48,622 [INFO] PluginManager:220 - loadIPPluginJar : add plateformsettings
2024-12-15 15:42:48,625 [INFO] IPUIPlugin:80 - create IPUIPlugin
2024-12-15 15:42:48,626 [INFO] PluginManager:220 - loadIPPluginJar : add quadspi
2024-12-15 15:42:48,630 [INFO] IPUIPlugin:80 - create IPUIPlugin
2024-12-15 15:42:48,631 [INFO] PluginManager:220 - loadIPPluginJar : add radio
2024-12-15 15:42:48,638 [INFO] IPUIPlugin:80 - create IPUIPlugin
2024-12-15 15:42:48,638 [INFO] PluginManager:220 - loadIPPluginJar : add resmgrutility
2024-12-15 15:42:48,645 [INFO] IPUIPlugin:80 - create IPUIPlugin
2024-12-15 15:42:48,645 [INFO] PluginManager:220 - loadIPPluginJar : add sai
2024-12-15 15:42:48,650 [INFO] IPUIPlugin:80 - create IPUIPlugin
2024-12-15 15:42:48,651 [INFO] PluginManager:220 - loadIPPluginJar : add spi
2024-12-15 15:42:48,661 [INFO] IPUIPlugin:80 - create IPUIPlugin
2024-12-15 15:42:48,662 [INFO] PluginManager:220 - loadIPPluginJar : add stm32_wpan
2024-12-15 15:42:48,666 [INFO] IPUIPlugin:80 - create IPUIPlugin
2024-12-15 15:42:48,666 [INFO] PluginManager:220 - loadIPPluginJar : add tim
2024-12-15 15:42:48,672 [INFO] IPUIPlugin:80 - create IPUIPlugin
2024-12-15 15:42:48,673 [INFO] PluginManager:220 - loadIPPluginJar : add touchsensing
2024-12-15 15:42:48,677 [INFO] IPUIPlugin:80 - create IPUIPlugin
2024-12-15 15:42:48,677 [INFO] PluginManager:220 - loadIPPluginJar : add tracer_emb
2024-12-15 15:42:48,681 [INFO] IPUIPlugin:80 - create IPUIPlugin
2024-12-15 15:42:48,682 [INFO] PluginManager:220 - loadIPPluginJar : add ts
2024-12-15 15:42:48,685 [INFO] IPUIPlugin:80 - create IPUIPlugin
2024-12-15 15:42:48,686 [INFO] PluginManager:220 - loadIPPluginJar : add tsc
2024-12-15 15:42:48,689 [INFO] IPUIPlugin:80 - create IPUIPlugin
2024-12-15 15:42:48,690 [INFO] PluginManager:220 - loadIPPluginJar : add ucpd
2024-12-15 15:42:48,695 [INFO] IPUIPlugin:80 - create IPUIPlugin
2024-12-15 15:42:48,696 [INFO] PluginManager:220 - loadIPPluginJar : add usart
2024-12-15 15:42:48,701 [INFO] IPUIPlugin:80 - create IPUIPlugin
2024-12-15 15:42:48,701 [INFO] PluginManager:220 - loadIPPluginJar : add usbx
2024-12-15 15:42:48,910 [INFO] CADModel:165 - CPN selected for project level
2024-12-15 15:42:48,910 [INFO] CADModel:114 - Register for checkConnection events
2024-12-15 15:42:48,910 [FATAL] Updater:334 - Updater called before beeing initialized
2024-12-15 15:42:48,911 [ERROR] CADModel:125 - Updater not yet initialized, retry later 
2024-12-15 15:42:49,142 [INFO] CADModel:165 - CPN selected for project level
2024-12-15 15:42:49,142 [INFO] CADModel:114 - Register for checkConnection events
2024-12-15 15:42:49,142 [FATAL] Updater:334 - Updater called before beeing initialized
2024-12-15 15:42:49,142 [ERROR] CADModel:125 - Updater not yet initialized, retry later 
2024-12-15 15:42:49,148 [FATAL] Updater:334 - Updater called before beeing initialized
2024-12-15 15:42:49,391 [FATAL] Updater:334 - Updater called before beeing initialized
2024-12-15 15:42:49,401 [INFO] DbMcusAds:53 - JSON generation date=Fri Sep 20 15:04:23 CEST 2024 (1726837463113)
2024-12-15 15:42:49,402 [FATAL] Updater:334 - Updater called before beeing initialized
2024-12-15 15:42:49,500 [WARN] DetailPanel:346 - Failed to get advertising image, set to default
2024-12-15 15:42:49,703 [FATAL] Updater:334 - Updater called before beeing initialized
2024-12-15 15:42:49,705 [FATAL] Updater:334 - Updater called before beeing initialized
2024-12-15 15:42:49,706 [FATAL] Updater:334 - Updater called before beeing initialized
2024-12-15 15:42:49,706 [WARN] DetailPanel:346 - Failed to get advertising image, set to default
2024-12-15 15:42:49,708 [FATAL] Updater:334 - Updater called before beeing initialized
2024-12-15 15:42:49,809 [ERROR] Updater:1164 - MainUpdater not yet initialized. External WinMGr cannot be set.
2024-12-15 15:42:49,815 [INFO] Updater:1100 - Updater Version found : 6.12.1
2024-12-15 15:42:49,848 [INFO] ApplicationProperties:184 - Using Application install path: C:\ST\STM32CubeIDE_1.16.1\STM32CubeIDE\plugins\com.st.stm32cube.common.mx_6.12.1.202409122256
2024-12-15 15:42:50,346 [INFO] ThirdPartyUpdaterWithRetryManager:70 - Updater plugin not ready yet. [2/15]
2024-12-15 15:42:50,360 [INFO] MainUpdater:2873 - connection check result : 10
2024-12-15 15:42:50,362 [INFO] MainUpdater:290 - Updater Check For Update Now.
2024-12-15 15:42:50,363 [INFO] MicroXplorer:498 - Change Database Version : DB.6.0.121
2024-12-15 15:42:50,374 [INFO] McuFinderGlobals:63 - Set McuFinder mode to 2 (CubeIDE integrated)
2024-12-15 15:42:50,376 [INFO] UserAuth:417 - Internet connection configuration mode: 1
2024-12-15 15:42:50,410 [INFO] JxBrowserEngine:152 - Initiate JxBrowser Engine with user profile folder
2024-12-15 15:42:50,712 [INFO] CheckServerUpdateThread:120 - End of CheckServer Thread
2024-12-15 15:42:51,849 [INFO] WebApp:167 - Instantiating new browser for Auth
2024-12-15 15:42:53,801 [INFO] WebApp:448 - Apply proxy settings
2024-12-15 15:42:53,802 [INFO] WebApp:533 - Chromium requires no authentication
2024-12-15 15:42:53,819 [INFO] WebApp:476 - Direct internet connection detected
2024-12-15 15:42:53,886 [INFO] WebApp:869 - Register for checkConnection events
2024-12-15 15:42:53,886 [INFO] WebApp:448 - Apply proxy settings
2024-12-15 15:42:53,886 [INFO] WebApp:533 - Chromium requires no authentication
2024-12-15 15:42:53,887 [INFO] WebApp:476 - Direct internet connection detected
2024-12-15 15:42:53,997 [WARN] PackLoader:240 - Cannot read IP mode file for STMicroelectronics.FP-SNS-MOTENVWB1.1.4.0
2024-12-15 15:42:54,018 [WARN] PackLoader:240 - Cannot read IP mode file for STMicroelectronics.FP-ATR-ASTRA1.2.0.1
2024-12-15 15:42:54,039 [WARN] PackLoader:240 - Cannot read IP mode file for STMicroelectronics.X-CUBE-SMBUS.2.1.0
2024-12-15 15:42:54,057 [WARN] PackLoader:240 - Cannot read IP mode file for STMicroelectronics.X-CUBE-WB05N.1.1.0
2024-12-15 15:42:54,173 [WARN] PackLoader:240 - Cannot read IP mode file for STMicroelectronics.X-CUBE-AZRTOS-F7.1.1.0
2024-12-15 15:42:54,449 [WARN] PackLoader:240 - Cannot read IP mode file for STMicroelectronics.X-CUBE-MEMS1.11.0.0
2024-12-15 15:42:55,205 [WARN] PackLoader:240 - Cannot read IP mode file for STMicroelectronics.FP-SNS-FLIGHT1.5.0.2
2024-12-15 15:42:55,248 [WARN] PackLoader:240 - Cannot read IP mode file for Infineon.AIROC-Wi-Fi-Bluetooth-STM32.1.7.0
2024-12-15 15:42:55,265 [INFO] WebApp:220 - Starting web application
2024-12-15 15:42:55,265 [INFO] WebApp:578 - Web application path used C:\ST\STM32CubeIDE_1.16.1\STM32CubeIDE\plugins\com.st.stm32cube.common.mx_6.12.1.202409122256\db\plugins\mcufinder\reactClient1\index.html
2024-12-15 15:42:55,270 [WARN] PackLoader:240 - Cannot read IP mode file for STMicroelectronics.X-CUBE-DISPLAY.3.0.0
2024-12-15 15:42:55,286 [WARN] PackLoader:240 - Cannot read IP mode file for STMicroelectronics.X-CUBE-BLE1.7.0.0
2024-12-15 15:42:55,330 [WARN] PackLoader:240 - Cannot read IP mode file for STMicroelectronics.X-CUBE-NFC10.1.0.0
2024-12-15 15:42:55,357 [WARN] PackLoader:240 - Cannot read IP mode file for STMicroelectronics.X-CUBE-BLEMGR.4.0.0
2024-12-15 15:42:55,376 [WARN] PackLoader:240 - Cannot read IP mode file for emotas.I-CUBE-CANOPEN.1.3.0
2024-12-15 15:42:55,386 [WARN] PackLoader:240 - Cannot read IP mode file for STMicroelectronics.FP-SNS-SMARTAG2.1.2.0
2024-12-15 15:42:55,406 [INFO] LogOutputStream:77 - [STDOUT_REDIRECT] 1 : Invalid condition id : UX_CORESTACK_Condition cause : null
2024-12-15 15:42:55,407 [INFO] LogOutputStream:77 - [STDOUT_REDIRECT] 1 : Invalid condition id : UX_CORESTACK_Condition cause : null
2024-12-15 15:42:55,410 [INFO] LogOutputStream:77 - [STDOUT_REDIRECT] 1 : Invalid condition id : UX_CORESTACK_Condition cause : null
2024-12-15 15:42:55,414 [INFO] LogOutputStream:77 - [STDOUT_REDIRECT] 1 : Invalid condition id : UX_CORESTACK_Condition cause : null
2024-12-15 15:42:55,417 [INFO] LogOutputStream:77 - [STDOUT_REDIRECT] 1 : Invalid condition id : UX_CORESTACK_Condition cause : null
2024-12-15 15:42:55,423 [WARN] PackLoader:240 - Cannot read IP mode file for STMicroelectronics.X-CUBE-AZRTOS-WL.2.0.0
2024-12-15 15:42:55,438 [WARN] PackLoader:240 - Cannot read IP mode file for STMicroelectronics.FP-SNS-MOTENV1.5.0.0
2024-12-15 15:42:55,448 [WARN] PackLoader:240 - Cannot read IP mode file for wolfSSL.I-CUBE-wolfMQTT.1.19.0
2024-12-15 15:42:55,462 [WARN] PackLoader:240 - Cannot read IP mode file for WES.I-CUBE-Cesium.1.3.0
2024-12-15 15:42:55,471 [WARN] PackLoader:240 - Cannot read IP mode file for STMicroelectronics.X-CUBE-BLE2.3.3.0
2024-12-15 15:42:55,482 [WARN] PackLoader:240 - Cannot read IP mode file for STMicroelectronics.X-CUBE-NFC9.1.0.0
2024-12-15 15:42:55,495 [WARN] PackLoader:240 - Cannot read IP mode file for STMicroelectronics.X-CUBE-TCPP.4.1.0
2024-12-15 15:42:55,530 [WARN] PackLoader:240 - Cannot read IP mode file for STMicroelectronics.X-CUBE-AZRTOS-G0.1.1.0
2024-12-15 15:42:55,550 [WARN] PackLoader:240 - Cannot read IP mode file for STMicroelectronics.X-CUBE-SAFEA1.1.2.2
2024-12-15 15:42:55,560 [WARN] PackLoader:240 - Cannot read IP mode file for STMicroelectronics.X-CUBE-NFC4.3.0.0
2024-12-15 15:42:55,580 [WARN] PackLoader:240 - Cannot read IP mode file for EmbeddedOffice.I-CUBE-FS-RTOS.1.0.1
2024-12-15 15:42:55,581 [ERROR] ConditionMgr:805 - Attr not supported : Dmpu
2024-12-15 15:42:55,582 [ERROR] ConditionMgr:805 - Attr not supported : Dmpu
2024-12-15 15:42:55,582 [ERROR] ConditionMgr:805 - Attr not supported : Dmpu
2024-12-15 15:42:55,582 [ERROR] ConditionMgr:805 - Attr not supported : Dmpu
2024-12-15 15:42:55,582 [ERROR] ConditionMgr:805 - Attr not supported : Dmpu
2024-12-15 15:42:55,582 [ERROR] ConditionMgr:805 - Attr not supported : Dmpu
2024-12-15 15:42:55,583 [ERROR] ConditionMgr:805 - Attr not supported : Dmpu
2024-12-15 15:42:55,583 [ERROR] ConditionMgr:805 - Attr not supported : Dmpu
2024-12-15 15:42:55,583 [ERROR] ConditionMgr:805 - Attr not supported : Dmpu
2024-12-15 15:42:55,583 [ERROR] ConditionMgr:805 - Attr not supported : Dmpu
2024-12-15 15:42:55,583 [ERROR] ConditionMgr:805 - Attr not supported : Dmpu
2024-12-15 15:42:55,583 [ERROR] ConditionMgr:805 - Attr not supported : Dmpu
2024-12-15 15:42:55,584 [ERROR] ConditionMgr:805 - Attr not supported : Dmpu
2024-12-15 15:42:55,584 [ERROR] ConditionMgr:805 - Attr not supported : Dmpu
2024-12-15 15:42:55,584 [ERROR] ConditionMgr:805 - Attr not supported : Dmpu
2024-12-15 15:42:55,584 [ERROR] ConditionMgr:805 - Attr not supported : Dmpu
2024-12-15 15:42:55,584 [ERROR] ConditionMgr:805 - Attr not supported : Dmpu
2024-12-15 15:42:55,585 [ERROR] ConditionMgr:805 - Attr not supported : Dmpu
2024-12-15 15:42:55,585 [ERROR] ConditionMgr:805 - Attr not supported : Dmpu
2024-12-15 15:42:55,585 [ERROR] ConditionMgr:805 - Attr not supported : Dmpu
2024-12-15 15:42:55,585 [ERROR] ConditionMgr:805 - Attr not supported : Dmpu
2024-12-15 15:42:55,585 [ERROR] ConditionMgr:805 - Attr not supported : Dmpu
2024-12-15 15:42:55,585 [ERROR] ConditionMgr:805 - Attr not supported : Dmpu
2024-12-15 15:42:55,586 [ERROR] ConditionMgr:805 - Attr not supported : Dmpu
2024-12-15 15:42:55,586 [ERROR] ConditionMgr:805 - Attr not supported : Dmpu
2024-12-15 15:42:55,586 [ERROR] ConditionMgr:805 - Attr not supported : Dmpu
2024-12-15 15:42:55,586 [ERROR] ConditionMgr:805 - Attr not supported : Dmpu
2024-12-15 15:42:55,586 [ERROR] ConditionMgr:805 - Attr not supported : Dmpu
2024-12-15 15:42:55,587 [ERROR] ConditionMgr:805 - Attr not supported : Dmpu
2024-12-15 15:42:55,587 [ERROR] ConditionMgr:805 - Attr not supported : Dmpu
2024-12-15 15:42:55,587 [ERROR] ConditionMgr:805 - Attr not supported : Dmpu
2024-12-15 15:42:55,587 [ERROR] ConditionMgr:805 - Attr not supported : Dmpu
2024-12-15 15:42:55,587 [ERROR] ConditionMgr:805 - Attr not supported : Dmpu
2024-12-15 15:42:55,587 [ERROR] ConditionMgr:805 - Attr not supported : Dmpu
2024-12-15 15:42:55,587 [ERROR] ConditionMgr:805 - Attr not supported : Dmpu
2024-12-15 15:42:55,588 [ERROR] ConditionMgr:805 - Attr not supported : Dmpu
2024-12-15 15:42:55,588 [ERROR] ConditionMgr:805 - Attr not supported : Dmpu
2024-12-15 15:42:55,588 [ERROR] ConditionMgr:805 - Attr not supported : Dmpu
2024-12-15 15:42:55,588 [ERROR] ConditionMgr:805 - Attr not supported : Dmpu
2024-12-15 15:42:55,588 [ERROR] ConditionMgr:805 - Attr not supported : Dmpu
2024-12-15 15:42:55,589 [ERROR] ConditionMgr:805 - Attr not supported : Dmpu
2024-12-15 15:42:55,589 [ERROR] ConditionMgr:805 - Attr not supported : Dmpu
2024-12-15 15:42:55,589 [ERROR] ConditionMgr:805 - Attr not supported : Dmpu
2024-12-15 15:42:55,589 [ERROR] ConditionMgr:805 - Attr not supported : Dmpu
2024-12-15 15:42:55,589 [ERROR] ConditionMgr:805 - Attr not supported : Dmpu
2024-12-15 15:42:55,590 [ERROR] ConditionMgr:805 - Attr not supported : Dmpu
2024-12-15 15:42:55,590 [ERROR] ConditionMgr:805 - Attr not supported : Dmpu
2024-12-15 15:42:55,590 [ERROR] ConditionMgr:805 - Attr not supported : Dmpu
2024-12-15 15:42:55,590 [ERROR] ConditionMgr:805 - Attr not supported : Dmpu
2024-12-15 15:42:55,590 [ERROR] ConditionMgr:805 - Attr not supported : Dmpu
2024-12-15 15:42:55,590 [ERROR] ConditionMgr:805 - Attr not supported : Dmpu
2024-12-15 15:42:55,591 [ERROR] ConditionMgr:805 - Attr not supported : Dmpu
2024-12-15 15:42:55,591 [ERROR] ConditionMgr:805 - Attr not supported : Dmpu
2024-12-15 15:42:55,591 [ERROR] ConditionMgr:805 - Attr not supported : Dmpu
2024-12-15 15:42:55,591 [ERROR] ConditionMgr:805 - Attr not supported : Dmpu
2024-12-15 15:42:55,591 [ERROR] ConditionMgr:805 - Attr not supported : Dmpu
2024-12-15 15:42:55,591 [ERROR] ConditionMgr:805 - Attr not supported : Dmpu
2024-12-15 15:42:55,592 [ERROR] ConditionMgr:805 - Attr not supported : Dmpu
2024-12-15 15:42:55,592 [ERROR] ConditionMgr:805 - Attr not supported : Dmpu
2024-12-15 15:42:55,592 [ERROR] ConditionMgr:805 - Attr not supported : Dmpu
2024-12-15 15:42:55,592 [ERROR] ConditionMgr:805 - Attr not supported : Dmpu
2024-12-15 15:42:55,592 [ERROR] ConditionMgr:805 - Attr not supported : Dmpu
2024-12-15 15:42:55,592 [ERROR] ConditionMgr:805 - Attr not supported : Dmpu
2024-12-15 15:42:55,593 [ERROR] ConditionMgr:805 - Attr not supported : Dmpu
2024-12-15 15:42:55,599 [ERROR] Engine:466 - C:\Users\leona\.stm32cubemx\thirdparties\pdsc\STMicroelectronics.X-CUBE-TCPP.4.2.0.pdsc: PDSC version is not supported
2024-12-15 15:42:55,607 [WARN] PackLoader:240 - Cannot read IP mode file for RealThread.X-CUBE-RT-Thread_Nano.4.1.1
2024-12-15 15:42:55,615 [WARN] PackLoader:240 - Cannot read IP mode file for STMicroelectronics.FP-ATR-SIGFOX1.3.2.0
2024-12-15 15:42:55,624 [WARN] ConditionMgr:438 - getConditionDescription Invalid condition id : Cortex-A Device cause : null
2024-12-15 15:42:55,662 [WARN] ConditionMgr:1039 - genDependencies : Invalid condition id : Cortex-A Device cause : null
2024-12-15 15:42:55,663 [WARN] ConditionMgr:1039 - genDependencies : Invalid condition id : Cortex-A Device cause : null
2024-12-15 15:42:55,663 [WARN] ConditionMgr:1039 - genDependencies : Invalid condition id : Cortex-A Device cause : null
2024-12-15 15:42:55,675 [WARN] PackLoader:240 - Cannot read IP mode file for STMicroelectronics.X-CUBE-EEPRMA1.5.1.0
2024-12-15 15:42:55,685 [WARN] PackLoader:240 - Cannot read IP mode file for wolfSSL.I-CUBE-wolfSSL.5.7.4
2024-12-15 15:42:55,697 [WARN] PackLoader:240 - Cannot read IP mode file for ITTIA_DB.I-CUBE-ITTIADB.8.9.0
2024-12-15 15:42:55,803 [WARN] PackLoader:240 - Cannot read IP mode file for SEGGER.I-CUBE-embOS.1.3.1
2024-12-15 15:42:55,922 [WARN] PackLoader:240 - Cannot read IP mode file for STMicroelectronics.X-CUBE-ALGOBUILD.1.4.0
2024-12-15 15:42:55,931 [WARN] PackLoader:240 - Cannot read IP mode file for STMicroelectronics.X-CUBE-AI.9.1.0
2024-12-15 15:42:55,961 [WARN] PackLoader:240 - Cannot read IP mode file for STMicroelectronics.X-CUBE-AZRTOS-F4.1.1.0
2024-12-15 15:42:55,974 [WARN] PackLoader:240 - Cannot read IP mode file for STMicroelectronics.X-CUBE-ISPU.2.1.0
2024-12-15 15:42:55,985 [WARN] PackLoader:240 - Cannot read IP mode file for STMicroelectronics.X-CUBE-FREERTOS.1.2.0
2024-12-15 15:42:56,042 [WARN] PackLoader:240 - Cannot read IP mode file for STMicroelectronics.X-CUBE-AZRTOS-L5.2.0.0
2024-12-15 15:42:56,063 [WARN] PackLoader:240 - Cannot read IP mode file for STMicroelectronics.X-CUBE-NFC6.3.1.0
2024-12-15 15:42:56,070 [INFO] UserAuth:417 - Internet connection configuration mode: 1
2024-12-15 15:42:56,084 [WARN] PackLoader:240 - Cannot read IP mode file for STMicroelectronics.X-CUBE-DPower.1.2.0
2024-12-15 15:42:56,093 [WARN] PackLoader:240 - Cannot read IP mode file for STMicroelectronics.X-CUBE-FREERTOS.1.3.0
2024-12-15 15:42:56,105 [WARN] PackLoader:240 - Cannot read IP mode file for STMicroelectronics.X-CUBE-NFC7.1.0.1
2024-12-15 15:42:56,213 [WARN] ConditionMgr:438 - getConditionDescription Invalid condition id : LAN8742 Phy interface Condition cause : null
2024-12-15 15:42:56,215 [WARN] PackLoader:240 - Cannot read IP mode file for STMicroelectronics.X-CUBE-AZRTOS-L4.2.0.0
2024-12-15 15:42:56,218 [WARN] ConditionMgr:1039 - genDependencies : Invalid condition id : LAN8742 Phy interface Condition cause : null
2024-12-15 15:42:56,219 [WARN] ConditionMgr:1039 - genDependencies : Invalid condition id : LAN8742 Phy interface Condition cause : null
2024-12-15 15:42:56,220 [WARN] ConditionMgr:1039 - genDependencies : Invalid condition id : LAN8742 Phy interface Condition cause : null
2024-12-15 15:42:56,243 [WARN] PackLoader:240 - Cannot read IP mode file for STMicroelectronics.X-CUBE-SFXS2LP1.4.0.0
2024-12-15 15:42:56,291 [WARN] PackLoader:240 - Cannot read IP mode file for STMicroelectronics.X-CUBE-AZRTOS-H7.3.3.0
2024-12-15 15:42:56,428 [WARN] PackLoader:240 - Cannot read IP mode file for STMicroelectronics.X-CUBE-IPS.3.0.0
2024-12-15 15:42:56,502 [WARN] ConditionMgr:438 - getConditionDescription Invalid condition id : UX DEVICE CLASS RTOS Condition cause : null
2024-12-15 15:42:56,502 [WARN] ConditionMgr:438 - getConditionDescription Invalid condition id : UX DEVICE CLASS RTOS Condition cause : null
2024-12-15 15:42:56,509 [WARN] PackLoader:240 - Cannot read IP mode file for STMicroelectronics.X-CUBE-AZRTOS-WB.2.0.0
2024-12-15 15:42:56,510 [WARN] ConditionMgr:1039 - genDependencies : Invalid condition id : UX DEVICE CLASS RTOS Condition cause : null
2024-12-15 15:42:56,510 [WARN] ConditionMgr:1039 - genDependencies : Invalid condition id : UX DEVICE CLASS RTOS Condition cause : null
2024-12-15 15:42:56,511 [WARN] ConditionMgr:1039 - genDependencies : Invalid condition id : UX DEVICE CLASS RTOS Condition cause : null
2024-12-15 15:42:56,512 [WARN] ConditionMgr:1039 - genDependencies : Invalid condition id : UX DEVICE CLASS RTOS Condition cause : null
2024-12-15 15:42:56,512 [WARN] ConditionMgr:1039 - genDependencies : Invalid condition id : UX DEVICE CLASS RTOS Condition cause : null
2024-12-15 15:42:56,526 [WARN] PackLoader:240 - Cannot read IP mode file for STMicroelectronics.X-CUBE-GNSS1.7.0.0
2024-12-15 15:42:56,541 [WARN] PackLoader:240 - Cannot read IP mode file for STMicroelectronics.FP-SNS-STBOX1.2.0.0
2024-12-15 15:42:56,564 [WARN] PackLoader:240 - Cannot read IP mode file for STMicroelectronics.X-CUBE-SUBG2.5.0.0
2024-12-15 15:42:56,606 [WARN] PackLoader:240 - Cannot read IP mode file for Cesanta.I-CUBE-Mongoose.7.13.0
2024-12-15 15:42:56,645 [WARN] PackLoader:240 - Cannot read IP mode file for STMicroelectronics.X-CUBE-AZRTOS-G4.2.0.0
2024-12-15 15:42:56,656 [WARN] PackLoader:240 - Cannot read IP mode file for STMicroelectronics.X-CUBE-ALS.1.0.2
2024-12-15 15:42:56,665 [WARN] PackLoader:240 - Cannot read IP mode file for STMicroelectronics.X-CUBE-TOUCHGFX.4.24.1
2024-12-15 15:42:56,672 [WARN] PackLoader:240 - Cannot read IP mode file for wolfSSL.I-CUBE-wolfTPM.3.4.0
2024-12-15 15:42:56,683 [WARN] PackLoader:240 - Cannot read IP mode file for portGmbH.I-Cube-SoM-uGOAL.1.1.0
2024-12-15 15:42:56,757 [WARN] PackLoader:240 - Cannot read IP mode file for STMicroelectronics.X-CUBE-AZRTOS-H7RS.1.0.0
2024-12-15 15:42:56,787 [WARN] PackLoader:240 - Cannot read IP mode file for STMicroelectronics.X-CUBE-TOF1.3.4.2
2024-12-15 15:42:56,825 [WARN] PackLoader:240 - Cannot read IP mode file for wolfSSL.I-CUBE-wolfSSH.1.4.17
2024-12-15 15:42:56,826 [INFO] ThirdParty:978 - Integrity check success = true
2024-12-15 15:42:56,827 [INFO] IntegrityCheckThread:100 - exiting critical section [integrity check]
2024-12-15 15:42:56,827 [INFO] IntegrityCheckThread:103 - End integrity checks thread
2024-12-15 15:42:57,001 [INFO] WebApp:186 - Connection restablished
2024-12-15 17:01:18,547 [INFO] McuFinderGlobals:63 - Set McuFinder mode to 2 (CubeIDE integrated)
2024-12-15 17:01:18,553 [INFO] MainUpdater:2873 - connection check result : 10
2024-12-15 17:01:18,554 [INFO] MainUpdater:2873 - connection check result : 10
2024-12-15 17:01:18,679 [INFO] RulesReader:64 - Compatibility file has been processed (297 Rules)
2024-12-15 17:01:18,699 [INFO] RulesReader:64 - Compatibility file has been processed (297 Rules)
2024-12-15 17:01:18,705 [INFO] MicroXplorer:468 - Change Database Path : 
2024-12-15 17:01:18,718 [INFO] MicroXplorer:498 - Change Database Version : DB.6.0.121
2024-12-15 17:01:18,735 [WARN] ThirdParty:871 - waiting for thirdparty lock release [close project]
2024-12-15 17:01:18,735 [INFO] ThirdParty:873 - entering critical section [close project]
2024-12-15 17:01:18,737 [INFO] ThirdParty:883 - exiting critical section [close project]
2024-12-15 17:01:18,741 [INFO] PinOutPanel:1561 - setPackage(No Configuration,No Configuration)
2024-12-15 17:01:18,756 [INFO] UtilMem:75 - Begin LoadConfig() Used Memory: 807323888 Bytes (1073741824)
2024-12-15 17:01:18,762 [INFO] MicroXplorer:468 - Change Database Path : 
2024-12-15 17:01:18,762 [INFO] MicroXplorer:498 - Change Database Version : DB.6.0.121
2024-12-15 17:01:18,764 [INFO] OpenFileManager:332 - Change cursor
2024-12-15 17:01:18,915 [INFO] Mcu:2032 - Initializing MCU STM32U535CEUx STM32U535CEUx STM32U535CEU6
2024-12-15 17:01:31,346 [INFO] Context:742 - Trying to add GPIOservice into a context  which must be forbidden
2024-12-15 17:01:31,346 [INFO] Context:742 - Trying to add GPIOservice into a context  which must be forbidden
2024-12-15 17:01:39,880 [WARN] ModelIntegratedComponent:63 - No mode defined for component null
2024-12-15 17:01:39,880 [WARN] ModelIntegratedComponent:63 - No mode defined for component null
2024-12-15 17:01:39,880 [WARN] ModelIntegratedComponent:63 - No mode defined for component null
2024-12-15 17:01:39,881 [WARN] ModelIntegratedComponent:63 - No mode defined for component null
2024-12-15 17:01:39,881 [WARN] ModelIntegratedComponent:63 - No mode defined for component null
2024-12-15 17:01:39,881 [WARN] ModelIntegratedComponent:63 - No mode defined for component null
2024-12-15 17:01:39,881 [WARN] ModelIntegratedComponent:63 - No mode defined for component null
2024-12-15 17:01:39,881 [WARN] ModelIntegratedComponent:63 - No mode defined for component null
2024-12-15 17:01:39,882 [WARN] ModelIntegratedComponent:63 - No mode defined for component null
2024-12-15 17:01:39,882 [WARN] ModelIntegratedComponent:63 - No mode defined for component null
2024-12-15 17:01:39,882 [WARN] ModelIntegratedComponent:63 - No mode defined for component null
2024-12-15 17:01:39,882 [WARN] ModelIntegratedComponent:63 - No mode defined for component null
2024-12-15 17:01:39,882 [WARN] ModelIntegratedComponent:63 - No mode defined for component null
2024-12-15 17:01:39,882 [WARN] ModelIntegratedComponent:63 - No mode defined for component null
2024-12-15 17:01:39,883 [WARN] ModelIntegratedComponent:63 - No mode defined for component null
2024-12-15 17:01:39,883 [WARN] ModelIntegratedComponent:63 - No mode defined for component null
2024-12-15 17:01:39,883 [WARN] ModelIntegratedComponent:63 - No mode defined for component null
2024-12-15 17:01:39,884 [WARN] ModelIntegratedComponent:63 - No mode defined for component null
2024-12-15 17:01:39,884 [WARN] ModelIntegratedComponent:63 - No mode defined for component null
2024-12-15 17:01:39,884 [WARN] ModelIntegratedComponent:63 - No mode defined for component null
2024-12-15 17:01:39,884 [WARN] ModelIntegratedComponent:63 - No mode defined for component null
2024-12-15 17:01:39,884 [WARN] ModelIntegratedComponent:63 - No mode defined for component null
2024-12-15 17:01:39,884 [WARN] ModelIntegratedComponent:63 - No mode defined for component null
2024-12-15 17:01:39,884 [WARN] ModelIntegratedComponent:63 - No mode defined for component null
2024-12-15 17:01:39,885 [WARN] ModelIntegratedComponent:63 - No mode defined for component null
2024-12-15 17:01:39,885 [WARN] ModelIntegratedComponent:63 - No mode defined for component null
2024-12-15 17:01:39,885 [WARN] ModelIntegratedComponent:63 - No mode defined for component null
2024-12-15 17:01:39,885 [WARN] ModelIntegratedComponent:63 - No mode defined for component null
2024-12-15 17:01:39,886 [WARN] ModelIntegratedComponent:63 - No mode defined for component null
2024-12-15 17:01:39,886 [WARN] ModelIntegratedComponent:63 - No mode defined for component null
2024-12-15 17:01:39,886 [WARN] ModelIntegratedComponent:63 - No mode defined for component null
2024-12-15 17:01:39,887 [WARN] ModelIntegratedComponent:63 - No mode defined for component null
2024-12-15 17:01:39,887 [WARN] ModelIntegratedComponent:63 - No mode defined for component null
2024-12-15 17:01:39,887 [WARN] ModelIntegratedComponent:63 - No mode defined for component null
2024-12-15 17:01:39,887 [WARN] ModelIntegratedComponent:63 - No mode defined for component null
2024-12-15 17:01:39,888 [WARN] ModelPack:524 - Component already loaded: STMicroelectronics:HAL Drivers:0.0.0:STMicroelectronics:Device:STMicro_Driver:XSPI:HAL::0.0.1:HAL_XSPI
2024-12-15 17:01:39,896 [INFO] RtosManager:555 - Registered RTOS mode: class=RTOS, group=ThreadX, mode=Core, owner=THREADX
2024-12-15 17:01:39,980 [INFO] ThirdPartyModel:298 - Start build external matchings
2024-12-15 17:01:40,692 [INFO] ThirdPartyModel:316 - End build external matchings
2024-12-15 17:01:40,757 [INFO] HwResourcesManager:1923 - RZone for current mcu STM32U535CEUx : STM32_DIE455_274_512
2024-12-15 17:01:40,782 [INFO] HwResourcesManager:210 - mpc SRAM1 added
2024-12-15 17:01:40,788 [INFO] HwResourcesManager:210 - mpc SRAM2 added
2024-12-15 17:01:40,793 [INFO] HwResourcesManager:210 - mpc SRAM4 added
2024-12-15 17:01:40,798 [INFO] HwResourcesManager:210 - mpc Flash Bank1 added
2024-12-15 17:01:40,804 [INFO] HwResourcesManager:210 - mpc Flash Bank2 added
2024-12-15 17:01:40,811 [INFO] HwResourcesManager:231 - sau Non-Secure Code added
2024-12-15 17:01:40,814 [INFO] HwResourcesManager:231 - sau Non-Secure RAM added
2024-12-15 17:01:40,817 [INFO] HwResourcesManager:231 - sau Non-Secure Peripherals added
2024-12-15 17:01:40,826 [INFO] HwResourcesManager:261 - mpcwm OctoSPI1 added
2024-12-15 17:01:40,831 [INFO] HwResourcesManager:261 - mpcwm Backup SRAM added
2024-12-15 17:01:40,838 [INFO] HwResourcesManager:261 - mpcwm Flash Bank1 added
2024-12-15 17:01:40,842 [INFO] HwResourcesManager:261 - mpcwm Flash Bank2 added
2024-12-15 17:01:40,914 [INFO] HwResourcesManager:461 - Memory Region Flash_Bank1_NS added
2024-12-15 17:01:40,915 [INFO] HwResourcesManager:461 - Memory Region Flash_Bank2_NS added
2024-12-15 17:01:40,930 [INFO] HwResourcesManager:461 - Memory Region SRAM1_C_NS added
2024-12-15 17:01:40,930 [INFO] HwResourcesManager:461 - Memory Region SRAM2_C_NS added
2024-12-15 17:01:40,934 [INFO] HwResourcesManager:461 - Memory Region Flash_Bank1_S added
2024-12-15 17:01:40,934 [INFO] HwResourcesManager:461 - Memory Region Flash_Bank2_S added
2024-12-15 17:01:40,939 [INFO] HwResourcesManager:461 - Memory Region SRAM1_C_S added
2024-12-15 17:01:40,939 [INFO] HwResourcesManager:461 - Memory Region SRAM2_C_S added
2024-12-15 17:01:40,943 [INFO] HwResourcesManager:461 - Memory Region SRAM1_NS added
2024-12-15 17:01:40,943 [INFO] HwResourcesManager:461 - Memory Region SRAM2_NS added
2024-12-15 17:01:40,947 [INFO] HwResourcesManager:461 - Memory Region SRAM4_SRD_NS added
2024-12-15 17:01:40,954 [INFO] HwResourcesManager:461 - Memory Region SRAM1_S added
2024-12-15 17:01:40,954 [INFO] HwResourcesManager:461 - Memory Region SRAM2_S added
2024-12-15 17:01:40,962 [INFO] HwResourcesManager:461 - Memory Region SRAM4_SRD_S added
2024-12-15 17:01:40,970 [INFO] HwResourcesManager:461 - Memory Region Backup_SRAM_NS added
2024-12-15 17:01:40,982 [INFO] HwResourcesManager:461 - Memory Region Backup_SRAM_S added
2024-12-15 17:01:41,009 [INFO] MPCBuilder:369 - MPCBB3_NbArea does not exist.
2024-12-15 17:01:41,315 [INFO] ImportTextPane:205 - (OptionalMessage_ERROR) IP (ADC4) : Parameter (CommonPathInternal) has invalid value (null|null|null|null)
2024-12-15 17:01:41,343 [WARN] IP:2191 - DefaultDataRegion not found: check if there is a RefParameter without a condition.
2024-12-15 17:01:41,344 [INFO] ImportTextPane:205 - (OptionalMessage_ERROR) IP (MEMORYMAP) : Invalid parameter (DefaultDataRegion)
2024-12-15 17:01:41,352 [INFO] ImportTextPane:205 - (OptionalMessage_ERROR) IP (RCC) : Invalid parameter (FamilyName)
2024-12-15 17:01:41,357 [WARN] IP:2191 - OutPut1 not found: check if there is a RefParameter without a condition.
2024-12-15 17:01:41,357 [WARN] IP:2191 - OutPut2 not found: check if there is a RefParameter without a condition.
2024-12-15 17:01:41,357 [WARN] IP:2191 - OutPut3 not found: check if there is a RefParameter without a condition.
2024-12-15 17:01:41,358 [WARN] IP:2191 - BinMixBcdU not found: check if there is a RefParameter without a condition.
2024-12-15 17:01:41,359 [WARN] IP:2191 - SSRU_Underflow_Interrupt not found: check if there is a RefParameter without a condition.
2024-12-15 17:01:41,359 [WARN] IP:2191 - rtcSecureFull not found: check if there is a RefParameter without a condition.
2024-12-15 17:01:41,360 [WARN] IP:2191 - rtcNonSecureFeatures not found: check if there is a RefParameter without a condition.
2024-12-15 17:01:41,360 [WARN] IP:2191 - RTC_NONSECURE_FEATURE_NONE not found: check if there is a RefParameter without a condition.
2024-12-15 17:01:41,360 [WARN] IP:2191 - RTC_NONSECURE_FEATURE_INIT not found: check if there is a RefParameter without a condition.
2024-12-15 17:01:41,360 [WARN] IP:2191 - RTC_NONSECURE_FEATURE_ALRA not found: check if there is a RefParameter without a condition.
2024-12-15 17:01:41,361 [WARN] IP:2191 - RTC_NONSECURE_FEATURE_ALRB not found: check if there is a RefParameter without a condition.
2024-12-15 17:01:41,361 [WARN] IP:2191 - RTC_NONSECURE_FEATURE_TS not found: check if there is a RefParameter without a condition.
2024-12-15 17:01:41,361 [WARN] IP:2191 - RTC_NONSECURE_FEATURE_CAL not found: check if there is a RefParameter without a condition.
2024-12-15 17:01:41,361 [WARN] IP:2191 - RTC_NONSECURE_FEATURE_WUT not found: check if there is a RefParameter without a condition.
2024-12-15 17:01:41,361 [WARN] IP:2191 - Sec_BKP_Registers1 not found: check if there is a RefParameter without a condition.
2024-12-15 17:01:41,361 [WARN] IP:2191 - backupRegisterStartZone2_gS not found: check if there is a RefParameter without a condition.
2024-12-15 17:01:41,362 [WARN] IP:2191 - backupRegisterStartZone3_gS not found: check if there is a RefParameter without a condition.
2024-12-15 17:01:41,364 [WARN] IP:2191 - SSRU_Underflow_Interrupt not found: check if there is a RefParameter without a condition.
2024-12-15 17:01:41,365 [WARN] IP:2191 - BinMixBcdU not found: check if there is a RefParameter without a condition.
2024-12-15 17:01:43,272 [INFO] ApiDb:581 - Connected to CubeFinder SQLite database (C:\Users\leona\.stmcufinder\plugins\mcufinder\mcu\cube-finder-db.db)
2024-12-15 17:01:43,564 [INFO] ApiDb:668 - CubeFinder database Data Model version=2.1
2024-12-15 17:01:43,565 [INFO] ApiDb:669 - CubeFinder database Configuration version=3.0.39
2024-12-15 17:01:43,570 [INFO] ApiDb:670 - CubeFinder database generation date=2024-11-21 (1732182206)
2024-12-15 17:01:43,570 [INFO] ApiDb:671 - CubeFinder database FW Pack versions=[FP-ATR-ASTRA1_V2.0.0, FP-SNS-FLIGHT1_V5.0.2, FP-SNS-MOTENV1_V5.0.0, FP-SNS-MOTENVWB1_V1.4.0, FP-SNS-SMARTAG2_V1.2.0, FP-SNS-STBOX1_V2.0.0, STM32Cube_FW_C0_V1.3.0, STM32Cube_FW_F4_V1.28.1, STM32Cube_FW_F7_V1.17.2, STM32Cube_FW_G0_V1.6.2, STM32Cube_FW_G4_V1.6.1, STM32Cube_FW_H5_V1.4.0, STM32Cube_FW_H7RS_V1.1.0, STM32Cube_FW_H7_V1.12.0, STM32Cube_FW_L0_V1.12.2, STM32Cube_FW_L4_V1.18.1, STM32Cube_FW_L5_V1.5.1, STM32Cube_FW_N6_V1.0.0, STM32Cube_FW_U0_V1.2.0, STM32Cube_FW_U3_V1.0.0, STM32Cube_FW_U5_V1.7.0, STM32Cube_FW_WB0_V1.1.0, STM32Cube_FW_WBA_V1.5.0, STM32Cube_FW_WB_V1.21.0, STM32Cube_FW_WL3_V1.0.0, STM32Cube_FW_WL_V1.3.0, X-CUBE-ALGOBUILD_V1.4.0, X-CUBE-ALS_V1.0.2, X-CUBE-AZRTOS-F4_V1.1.0, X-CUBE-AZRTOS-F7_V1.1.0, X-CUBE-AZRTOS-G0_V1.1.0, X-CUBE-AZRTOS-G4_V2.0.0, X-CUBE-AZRTOS-H7RS_V1.0.0, X-CUBE-AZRTOS-H7_V3.3.0, X-CUBE-AZRTOS-L4_V2.0.0, X-CUBE-AZRTOS-L5_V2.0.0, X-CUBE-AZRTOS-WB_V2.0.0, X-CUBE-AZRTOS-WL_V2.0.0, X-CUBE-BLE1_V7.0.0, X-CUBE-BLE2_V3.3.0, X-CUBE-BLEMGR_V3.1.0, X-CUBE-EEPRMA1_V5.1.0, X-CUBE-FREERTOS_V1.2.0, X-CUBE-GNSS1_V6.0.0, X-CUBE-MEMS1_V11.0.0, X-CUBE-NFC4_V3.0.0, X-CUBE-NFC7_V1.0.1, X-CUBE-SFXS2LP1_V4.0.0, X-CUBE-SUBG2_V5.0.0, X-CUBE-TOF1_V3.4.2]
2024-12-15 17:01:43,794 [INFO] DbBoardsSqlite:226 - include board P-NUCLEO-WB55-NUCLEO as a kit item of type 'Nucleo-64'
2024-12-15 17:01:43,812 [INFO] DbBoardsSqlite:226 - include board P-NUCLEO-WB55-USBDONGLE as a kit item of type 'Nucleo USB Dongle'
2024-12-15 17:01:43,813 [INFO] DbBoardsSqlite:226 - include board STEVAL-IDP005V1 as a kit item of type 'Evaluation Board'
2024-12-15 17:01:43,814 [INFO] DbBoardsSqlite:226 - include board STEVAL-IDP005V2 as a kit item of type 'Evaluation Board'
2024-12-15 17:01:44,029 [INFO] ApiDb:240 - Found 646 in-development CPN: [B-G473E-ZEST1S, B-WB1M-WPAN1, B-WL5M-SUBG1, NUCLEO-C031C6, NUCLEO-C071RB, NUCLEO-H503RB, NUCLEO-H533RE, NUCLEO-H563ZI, NUCLEO-H7S3L8, NUCLEO-U031R8, NUCLEO-U083RC, NUCLEO-U545RE-Q, NUCLEO-U5A5ZJ-Q, NUCLEO-WB05KZ, NUCLEO-WB07CC, NUCLEO-WB09KE, NUCLEO-WBA52CG, NUCLEO-WBA55CG, STEVAL-PROTEUS1, STEVAL-SMARTAG2, STEVAL-STWINBX1, STM320518-EVAL, STM32C0116-DK, STM32C011D6Y3TR, STM32C011D6Y6TR, STM32C011F4P3, STM32C011F4P6, STM32C011F4U3, STM32C011F4U6TR, STM32C011F6P3, STM32C011F6P6, STM32C011F6U3, STM32C011F6U6TR, STM32C011J4M3, STM32C011J4M6, STM32C011J6M3, STM32C011J6M6, STM32C0316-DK, STM32C031C4T3, STM32C031C4T6, STM32C031C4U3, STM32C031C4U6, STM32C031C6T3, STM32C031C6T6, STM32C031C6U3, STM32C031C6U6, STM32C031F4P3, STM32C031F4P6, STM32C031F6P3, STM32C031F6P6, STM32C031G4U3, STM32C031G4U6, STM32C031G6U3, STM32C031G6U6, STM32C031K4T3, STM32C031K4T6, STM32C031K4U3, STM32C031K4U6, STM32C031K6T3, STM32C031K6T6, STM32C031K6U3, STM32C031K6U6, STM32C071C8T6, STM32C071C8T6N, STM32C071C8U6, STM32C071C8U6N, STM32C071CBT6, STM32C071CBT6N, STM32C071CBU6, STM32C071CBU6N, STM32C071F8P6, STM32C071F8P6N, STM32C071FBP6, STM32C071FBP6N, STM32C071FBY6TR, STM32C071G8U6, STM32C071G8U6N, STM32C071GBU6, STM32C071GBU6N, STM32C071K8T6, STM32C071K8T6N, STM32C071K8U6, STM32C071K8U6N, STM32C071KBT6, STM32C071KBT6N, STM32C071KBU6, STM32C071KBU6N, STM32C071R8T6, STM32C071R8T6N, STM32C071RBI6N, STM32C071RBT6, STM32C071RBT6N, STM32G071K8TXN, STM32G071K8UXN, STM32G081GBU6N, STM32G081KBT6N, STM32G081KBUXN, STM32G0B1CCT6N, STM32G0B1KCT6, STM32G0B1NEY6TR, STM32G0B1RCT6N, STM32G0C1CCT6, STM32G0C1CCT6N, STM32G0C1CCU6N, STM32G0C1CET6N, STM32G0C1CEU6N, STM32G0C1KCT6, STM32G0C1NEY6TR, STM32G0C1RCI6N, STM32G0C1RCT6N, STM32G0C1REI6N, STM32G0C1RET6N, STM32G0C1VCI6, STM32G0C1VEI6, STM32G411C6T3, STM32G411C6T6, STM32G411C6U3, STM32G411C6U6, STM32G411C8T3, STM32G411C8T6, STM32G411C8U3, STM32G411C8U6, STM32G411CBT3, STM32G411CBT6, STM32G411CBU3, STM32G411CBU6, STM32G411K6T3, STM32G411K6T6, STM32G411K6U3, STM32G411K6U6, STM32G411K8T3, STM32G411K8T6, STM32G411K8U3, STM32G411K8U6, STM32G411KBT3, STM32G411KBT6, STM32G411KBU3, STM32G411KBU6, STM32G411M6T3, STM32G411M6T6, STM32G411M8T3, STM32G411M8T6, STM32G411MBT3, STM32G411MBT6, STM32G411R6T3, STM32G411R6T6, STM32G411R8T3, STM32G411R8T6, STM32G411RBT3, STM32G411RBT6, STM32G414CBT3, STM32G414CBT6, STM32G414CBU3, STM32G414CBU6, STM32G414CCT3, STM32G414CCT6, STM32G414CCU3, STM32G414CCU6, STM32G414MBT3, STM32G414MBT6, STM32G414MCT3, STM32G414MCT6, STM32G414RBT3, STM32G414RBT6, STM32G414RCT3, STM32G414RCT6, STM32G414VBT3, STM32G414VBT6, STM32G414VCT3, STM32G414VCT6, STM32G431CBT3Z, STM32G431RBT3Z, STM32G471CCT6, STM32G471CCU6, STM32G471CET3, STM32G471CET6, STM32G471CEU3, STM32G471CEU6, STM32G471MCT6, STM32G471MET3, STM32G471MET6, STM32G471MEY6TR, STM32G471QCT6, STM32G471QET3, STM32G471RCT6, STM32G471RET3, STM32G471RET6, STM32G471VCH6, STM32G471VCI6, STM32G471VCT6, STM32G471VEH3, STM32G471VEH6, STM32G471VEI3, STM32G471VEI6, STM32G471VET3, STM32G471VET6, STM32G473QET3Z, STM32G473RET3Z, STM32G474CCT6, STM32G491RET3Z, STM32H503CBT6, STM32H503CBU6, STM32H503EBY6TR, STM32H503KBU6, STM32H503RBT6, STM32H523CCT6, STM32H523CCU6, STM32H523CET6, STM32H523CEU6, STM32H523HEY6TR, STM32H523RCT6, STM32H523RET6, STM32H523VCI6, STM32H523VCT6, STM32H523VEI6, STM32H523VET6, STM32H523ZCJ6, STM32H523ZCT6, STM32H523ZEJ6, STM32H523ZET6, STM32H533CET6, STM32H533CEU6, STM32H533HEY6TR, STM32H533RET6, STM32H533VEI6, STM32H533VET6, STM32H533ZEJ6, STM32H533ZET6, STM32H562AGI6, STM32H562AII6, STM32H562IGK6, STM32H562IGT6, STM32H562IIK6, STM32H562IIT6, STM32H562RGT6, STM32H562RGV6, STM32H562RIT6, STM32H562RIV6, STM32H562VGT6, STM32H562VIT6, STM32H562ZGT6, STM32H562ZIT6, STM32H563AGI6, STM32H563AII3Q, STM32H563AII6, STM32H563IGK6, STM32H563IGT6, STM32H563IIK3Q, STM32H563IIK6, STM32H563IIT3Q, STM32H563IIT6, STM32H563MIY3QTR, STM32H563RGT6, STM32H563RGV6, STM32H563RIT6, STM32H563RIV6, STM32H563VGT6, STM32H563VIT3Q, STM32H563VIT6, STM32H563ZGT6, STM32H563ZIT3Q, STM32H563ZIT6, STM32H573AII3Q, STM32H573AII6, STM32H573I-DK, STM32H573IIK3Q, STM32H573IIK6, STM32H573IIT3Q, STM32H573IIT6, STM32H573MIY3QTR, STM32H573RIT6, STM32H573RIV6, STM32H573VIT3Q, STM32H573VIT6, STM32H573ZIT3Q, STM32H573ZIT6, STM32H7R3A8I6, STM32H7R3I8K6, STM32H7R3I8T6, STM32H7R3L8H6, STM32H7R3L8H6H, STM32H7R3R8V6, STM32H7R3V8H6, STM32H7R3V8T6, STM32H7R3V8Y6TR, STM32H7R3Z8J6, STM32H7R3Z8T6, STM32H7R7A8I6, STM32H7R7I8K6, STM32H7R7I8T6, STM32H7R7L8H6, STM32H7R7L8H6H, STM32H7R7Z8J6, STM32H7S3A8I6, STM32H7S3I8K6, STM32H7S3I8T6, STM32H7S3L8H6, STM32H7S3L8H6H, STM32H7S3R8V6, STM32H7S3V8H6, STM32H7S3V8T6, STM32H7S3V8Y6TR, STM32H7S3Z8J6, STM32H7S3Z8T6, STM32H7S78-DK, STM32H7S7A8I6, STM32H7S7I8K6, STM32H7S7I8T6, STM32H7S7L8H6, STM32H7S7L8H6H, STM32H7S7Z8J6, STM32L4R5QGI6STR, STM32MP131AAE3, STM32MP131AAF3, STM32MP131AAG3, STM32MP131CAE3, STM32MP131CAF3, STM32MP131CAG3, STM32MP131DAE7, STM32MP131DAF7, STM32MP131DAG7, STM32MP131FAE7, STM32MP131FAF7, STM32MP131FAG7, STM32MP133AAE3, STM32MP133AAF3, STM32MP133AAG3, STM32MP133CAE3, STM32MP133CAF3, STM32MP133CAG3, STM32MP133DAE7, STM32MP133DAF7, STM32MP133DAG7, STM32MP133FAE7, STM32MP133FAF7, STM32MP133FAG7, STM32MP135AAE3, STM32MP135AAF3, STM32MP135AAG3, STM32MP135CAE3, STM32MP135CAF3, STM32MP135CAG3, STM32MP135DAE7, STM32MP135DAF7, STM32MP135DAG7, STM32MP135F-DK, STM32MP135FAE7, STM32MP135FAF7, STM32MP135FAF7T, STM32MP135FAF7U, STM32MP135FAG7, STM32MP251AAI3, STM32MP251AAK3, STM32MP251AAL3, STM32MP251CAI3, STM32MP251CAK3, STM32MP251CAL3, STM32MP251DAI3, STM32MP251DAK3, STM32MP251DAL3, STM32MP251FAI3, STM32MP251FAK3, STM32MP251FAL3, STM32MP253AAI3, STM32MP253AAK3, STM32MP253AAL3, STM32MP253CAI3, STM32MP253CAK3, STM32MP253CAL3, STM32MP253DAI3, STM32MP253DAK3, STM32MP253DAL3, STM32MP253FAI3, STM32MP253FAK3, STM32MP253FAL3, STM32MP255AAI3, STM32MP255AAK3, STM32MP255AAL3, STM32MP255CAI3, STM32MP255CAK3, STM32MP255CAL3, STM32MP255DAI3, STM32MP255DAK3, STM32MP255DAL3, STM32MP255FAI3, STM32MP255FAK3, STM32MP255FAL3, STM32MP257AAI3, STM32MP257AAK3, STM32MP257AAL3, STM32MP257CAI3, STM32MP257CAK3, STM32MP257CAL3, STM32MP257DAI3, STM32MP257DAK3, STM32MP257DAL3, STM32MP257F-DK, STM32MP257F-EV1, STM32MP257FAI3, STM32MP257FAK3, STM32MP257FAL3, STM32U031C6T6, STM32U031C6U6, STM32U031C8T6, STM32U031C8U6, STM32U031F4P6, STM32U031F6P6, STM32U031F8P6, STM32U031G6Y6TR, STM32U031G8Y6TR, STM32U031K4U6, STM32U031K6U6, STM32U031K8U6, STM32U031R6I6, STM32U031R6T6, STM32U031R8I6, STM32U031R8T6, STM32U073C8T6, STM32U073C8U6, STM32U073CBT6, STM32U073CBU6, STM32U073CCT6, STM32U073CCU6, STM32U073H8Y6TR, STM32U073HBY6TR, STM32U073HCY6TR, STM32U073K8U6, STM32U073KBU6, STM32U073KCU6, STM32U073M8I6, STM32U073M8T6, STM32U073MBI6, STM32U073MBT6, STM32U073MCI6, STM32U073MCT6, STM32U073R8I6, STM32U073R8T6, STM32U073RBI6, STM32U073RBT6, STM32U073RCI6, STM32U073RCT6, STM32U083C-DK, STM32U083CCT6, STM32U083CCU6, STM32U083HCY6TR, STM32U083KCU6, STM32U083MCI6, STM32U083MCT6, STM32U083RCI6, STM32U083RCT6, STM32U535CBT6, STM32U535CBT6Q, STM32U535CBU6, STM32U535CBU6Q, STM32U535CCT6, STM32U535CCT6Q, STM32U535CCU6, STM32U535CCU6Q, STM32U535CET6, STM32U535CET6Q, STM32U535CEU6, STM32U535CEU6Q, STM32U535JEY6QTR, STM32U535NCY6QTR, STM32U535NEY6QTR, STM32U535RBI6, STM32U535RBI6Q, STM32U535RBT6, STM32U535RBT6Q, STM32U535RCI6, STM32U535RCI6Q, STM32U535RCT6, STM32U535RCT6Q, STM32U535REI6, STM32U535REI6Q, STM32U535RET6, STM32U535RET6Q, STM32U535VCI6, STM32U535VCI6Q, STM32U535VCT6, STM32U535VCT6Q, STM32U535VEI6, STM32U535VEI6Q, STM32U535VET6, STM32U535VET6Q, STM32U545CET6, STM32U545CET6Q, STM32U545CEU6, STM32U545CEU6Q, STM32U545JEY6QTR, STM32U545NEY6QTR, STM32U545REI6, STM32U545REI6Q, STM32U545RET6, STM32U545RET6Q, STM32U545VEI6, STM32U545VEI6Q, STM32U545VET6, STM32U545VET6Q, STM32U595AIH6, STM32U595AIH6Q, STM32U595AJH6, STM32U595AJH6Q, STM32U595QII6, STM32U595QII6Q, STM32U595QJI6, STM32U595QJI6Q, STM32U595RIT6, STM32U595RIT6Q, STM32U595RJT6, STM32U595RJT6Q, STM32U595VIT6, STM32U595VIT6Q, STM32U595VJT6, STM32U595VJT6Q, STM32U595ZIT6, STM32U595ZIT6Q, STM32U595ZIY6QTR, STM32U595ZJT6, STM32U595ZJT6Q, STM32U595ZJY6QTR, STM32U599BJY6QTR, STM32U599NIH6Q, STM32U599NJH6Q, STM32U599VIT6Q, STM32U599VJT6, STM32U599VJT6Q, STM32U599ZIT6Q, STM32U599ZIY6QTR, STM32U599ZJT6Q, STM32U599ZJY6QTR, STM32U5A5AJH6, STM32U5A5AJH6Q, STM32U5A5QII3Q , STM32U5A5QJI6, STM32U5A5QJI6Q, STM32U5A5RJT6, STM32U5A5RJT6Q, STM32U5A5VJT6, STM32U5A5VJT6Q, STM32U5A5ZJT6, STM32U5A5ZJT6Q, STM32U5A5ZJY6QTR, STM32U5A9BJY6QTR, STM32U5A9J-DK, STM32U5A9NJH6Q, STM32U5A9VJT6Q, STM32U5A9ZJT6Q, STM32U5A9ZJY6QTR, STM32U5F7VIT6, STM32U5F7VIT6Q, STM32U5F7VJT6, STM32U5F7VJT6Q, STM32U5F9BJY6QTR, STM32U5F9NJH6Q, STM32U5F9VIT6Q, STM32U5F9VJT6Q, STM32U5F9ZIJ6QTR, STM32U5F9ZIT6Q, STM32U5F9ZJJ6QTR, STM32U5F9ZJT6Q, STM32U5G7VJT6, STM32U5G7VJT6Q, STM32U5G9BJY6QTR, STM32U5G9J-DK1, STM32U5G9J-DK2, STM32U5G9NJH6Q, STM32U5G9VJT6Q, STM32U5G9ZJJ6QTR, STM32U5G9ZJT6Q, STM32WB05KZV6TR, STM32WB05KZV7TR, STM32WB05TZF6TR, STM32WB05TZF7TR, STM32WB06CCF6TR, STM32WB06CCF7TR, STM32WB06CCV6TR, STM32WB06CCV7TR, STM32WB06KCV6TR, STM32WB06KCV7TR, STM32WB07CCF6TR, STM32WB07CCF7TR, STM32WB07CCV6TR, STM32WB07CCV7TR, STM32WB07KCV6TR, STM32WB07KCV7TR, STM32WB09KEV6TR, STM32WB09KEV7TR, STM32WB09TEF6TR, STM32WB09TEF7TR, STM32WB1MMCH6, STM32WBA50KGU6, STM32WBA50KGU6TR, STM32WBA52CEU6, STM32WBA52CEU6TR, STM32WBA52CEU7, STM32WBA52CEU7TR, STM32WBA52CGU6, STM32WBA52CGU6TR, STM32WBA52CGU6U, STM32WBA52CGU7, STM32WBA52CGU7TR, STM32WBA52KEU6, STM32WBA52KEU6TR, STM32WBA52KGU6, STM32WBA52KGU6TR, STM32WBA54CEU6, STM32WBA54CEU6TR, STM32WBA54CEU7, STM32WBA54CEU7TR, STM32WBA54CGU6, STM32WBA54CGU6TR, STM32WBA54CGU7, STM32WBA54CGU7TR, STM32WBA54KEU6, STM32WBA54KEU6TR, STM32WBA54KEU7, STM32WBA54KEU7TR, STM32WBA54KGU6, STM32WBA54KGU6TR, STM32WBA54KGU7, STM32WBA54KGU7TR, STM32WBA55CEU6, STM32WBA55CEU6TR, STM32WBA55CEU7, STM32WBA55CEU7TR, STM32WBA55CGU6, STM32WBA55CGU6TR, STM32WBA55CGU6U, STM32WBA55CGU7, STM32WBA55CGU7TR, STM32WBA55G-DK1, STM32WBA55HEF6, STM32WBA55HEF7, STM32WBA55HGF6, STM32WBA55HGF7, STM32WBA55UEI6, STM32WBA55UEI6TR, STM32WBA55UEI7, STM32WBA55UEI7TR, STM32WBA55UGI6, STM32WBA55UGI6TR, STM32WBA55UGI7, STM32WBA55UGI7TR, STM32WL5MOCH6, STM32WL5MOCH6TR]
2024-12-15 17:01:44,037 [INFO] ApiDb:668 - CubeFinder database Data Model version=2.1
2024-12-15 17:01:44,038 [INFO] ApiDb:669 - CubeFinder database Configuration version=3.0.39
2024-12-15 17:01:44,038 [INFO] ApiDb:670 - CubeFinder database generation date=2024-11-21 (1732182206)
2024-12-15 17:01:44,038 [INFO] ApiDb:671 - CubeFinder database FW Pack versions=[FP-ATR-ASTRA1_V2.0.0, FP-SNS-FLIGHT1_V5.0.2, FP-SNS-MOTENV1_V5.0.0, FP-SNS-MOTENVWB1_V1.4.0, FP-SNS-SMARTAG2_V1.2.0, FP-SNS-STBOX1_V2.0.0, STM32Cube_FW_C0_V1.3.0, STM32Cube_FW_F4_V1.28.1, STM32Cube_FW_F7_V1.17.2, STM32Cube_FW_G0_V1.6.2, STM32Cube_FW_G4_V1.6.1, STM32Cube_FW_H5_V1.4.0, STM32Cube_FW_H7RS_V1.1.0, STM32Cube_FW_H7_V1.12.0, STM32Cube_FW_L0_V1.12.2, STM32Cube_FW_L4_V1.18.1, STM32Cube_FW_L5_V1.5.1, STM32Cube_FW_N6_V1.0.0, STM32Cube_FW_U0_V1.2.0, STM32Cube_FW_U3_V1.0.0, STM32Cube_FW_U5_V1.7.0, STM32Cube_FW_WB0_V1.1.0, STM32Cube_FW_WBA_V1.5.0, STM32Cube_FW_WB_V1.21.0, STM32Cube_FW_WL3_V1.0.0, STM32Cube_FW_WL_V1.3.0, X-CUBE-ALGOBUILD_V1.4.0, X-CUBE-ALS_V1.0.2, X-CUBE-AZRTOS-F4_V1.1.0, X-CUBE-AZRTOS-F7_V1.1.0, X-CUBE-AZRTOS-G0_V1.1.0, X-CUBE-AZRTOS-G4_V2.0.0, X-CUBE-AZRTOS-H7RS_V1.0.0, X-CUBE-AZRTOS-H7_V3.3.0, X-CUBE-AZRTOS-L4_V2.0.0, X-CUBE-AZRTOS-L5_V2.0.0, X-CUBE-AZRTOS-WB_V2.0.0, X-CUBE-AZRTOS-WL_V2.0.0, X-CUBE-BLE1_V7.0.0, X-CUBE-BLE2_V3.3.0, X-CUBE-BLEMGR_V3.1.0, X-CUBE-EEPRMA1_V5.1.0, X-CUBE-FREERTOS_V1.2.0, X-CUBE-GNSS1_V6.0.0, X-CUBE-MEMS1_V11.0.0, X-CUBE-NFC4_V3.0.0, X-CUBE-NFC7_V1.0.1, X-CUBE-SFXS2LP1_V4.0.0, X-CUBE-SUBG2_V5.0.0, X-CUBE-TOF1_V3.4.2]
2024-12-15 17:01:47,902 [INFO] ApiDb:240 - Found 646 in-development CPN: [B-G473E-ZEST1S, B-WB1M-WPAN1, B-WL5M-SUBG1, NUCLEO-C031C6, NUCLEO-C071RB, NUCLEO-H503RB, NUCLEO-H533RE, NUCLEO-H563ZI, NUCLEO-H7S3L8, NUCLEO-U031R8, NUCLEO-U083RC, NUCLEO-U545RE-Q, NUCLEO-U5A5ZJ-Q, NUCLEO-WB05KZ, NUCLEO-WB07CC, NUCLEO-WB09KE, NUCLEO-WBA52CG, NUCLEO-WBA55CG, STEVAL-PROTEUS1, STEVAL-SMARTAG2, STEVAL-STWINBX1, STM320518-EVAL, STM32C0116-DK, STM32C011D6Y3TR, STM32C011D6Y6TR, STM32C011F4P3, STM32C011F4P6, STM32C011F4U3, STM32C011F4U6TR, STM32C011F6P3, STM32C011F6P6, STM32C011F6U3, STM32C011F6U6TR, STM32C011J4M3, STM32C011J4M6, STM32C011J6M3, STM32C011J6M6, STM32C0316-DK, STM32C031C4T3, STM32C031C4T6, STM32C031C4U3, STM32C031C4U6, STM32C031C6T3, STM32C031C6T6, STM32C031C6U3, STM32C031C6U6, STM32C031F4P3, STM32C031F4P6, STM32C031F6P3, STM32C031F6P6, STM32C031G4U3, STM32C031G4U6, STM32C031G6U3, STM32C031G6U6, STM32C031K4T3, STM32C031K4T6, STM32C031K4U3, STM32C031K4U6, STM32C031K6T3, STM32C031K6T6, STM32C031K6U3, STM32C031K6U6, STM32C071C8T6, STM32C071C8T6N, STM32C071C8U6, STM32C071C8U6N, STM32C071CBT6, STM32C071CBT6N, STM32C071CBU6, STM32C071CBU6N, STM32C071F8P6, STM32C071F8P6N, STM32C071FBP6, STM32C071FBP6N, STM32C071FBY6TR, STM32C071G8U6, STM32C071G8U6N, STM32C071GBU6, STM32C071GBU6N, STM32C071K8T6, STM32C071K8T6N, STM32C071K8U6, STM32C071K8U6N, STM32C071KBT6, STM32C071KBT6N, STM32C071KBU6, STM32C071KBU6N, STM32C071R8T6, STM32C071R8T6N, STM32C071RBI6N, STM32C071RBT6, STM32C071RBT6N, STM32G071K8TXN, STM32G071K8UXN, STM32G081GBU6N, STM32G081KBT6N, STM32G081KBUXN, STM32G0B1CCT6N, STM32G0B1KCT6, STM32G0B1NEY6TR, STM32G0B1RCT6N, STM32G0C1CCT6, STM32G0C1CCT6N, STM32G0C1CCU6N, STM32G0C1CET6N, STM32G0C1CEU6N, STM32G0C1KCT6, STM32G0C1NEY6TR, STM32G0C1RCI6N, STM32G0C1RCT6N, STM32G0C1REI6N, STM32G0C1RET6N, STM32G0C1VCI6, STM32G0C1VEI6, STM32G411C6T3, STM32G411C6T6, STM32G411C6U3, STM32G411C6U6, STM32G411C8T3, STM32G411C8T6, STM32G411C8U3, STM32G411C8U6, STM32G411CBT3, STM32G411CBT6, STM32G411CBU3, STM32G411CBU6, STM32G411K6T3, STM32G411K6T6, STM32G411K6U3, STM32G411K6U6, STM32G411K8T3, STM32G411K8T6, STM32G411K8U3, STM32G411K8U6, STM32G411KBT3, STM32G411KBT6, STM32G411KBU3, STM32G411KBU6, STM32G411M6T3, STM32G411M6T6, STM32G411M8T3, STM32G411M8T6, STM32G411MBT3, STM32G411MBT6, STM32G411R6T3, STM32G411R6T6, STM32G411R8T3, STM32G411R8T6, STM32G411RBT3, STM32G411RBT6, STM32G414CBT3, STM32G414CBT6, STM32G414CBU3, STM32G414CBU6, STM32G414CCT3, STM32G414CCT6, STM32G414CCU3, STM32G414CCU6, STM32G414MBT3, STM32G414MBT6, STM32G414MCT3, STM32G414MCT6, STM32G414RBT3, STM32G414RBT6, STM32G414RCT3, STM32G414RCT6, STM32G414VBT3, STM32G414VBT6, STM32G414VCT3, STM32G414VCT6, STM32G431CBT3Z, STM32G431RBT3Z, STM32G471CCT6, STM32G471CCU6, STM32G471CET3, STM32G471CET6, STM32G471CEU3, STM32G471CEU6, STM32G471MCT6, STM32G471MET3, STM32G471MET6, STM32G471MEY6TR, STM32G471QCT6, STM32G471QET3, STM32G471RCT6, STM32G471RET3, STM32G471RET6, STM32G471VCH6, STM32G471VCI6, STM32G471VCT6, STM32G471VEH3, STM32G471VEH6, STM32G471VEI3, STM32G471VEI6, STM32G471VET3, STM32G471VET6, STM32G473QET3Z, STM32G473RET3Z, STM32G474CCT6, STM32G491RET3Z, STM32H503CBT6, STM32H503CBU6, STM32H503EBY6TR, STM32H503KBU6, STM32H503RBT6, STM32H523CCT6, STM32H523CCU6, STM32H523CET6, STM32H523CEU6, STM32H523HEY6TR, STM32H523RCT6, STM32H523RET6, STM32H523VCI6, STM32H523VCT6, STM32H523VEI6, STM32H523VET6, STM32H523ZCJ6, STM32H523ZCT6, STM32H523ZEJ6, STM32H523ZET6, STM32H533CET6, STM32H533CEU6, STM32H533HEY6TR, STM32H533RET6, STM32H533VEI6, STM32H533VET6, STM32H533ZEJ6, STM32H533ZET6, STM32H562AGI6, STM32H562AII6, STM32H562IGK6, STM32H562IGT6, STM32H562IIK6, STM32H562IIT6, STM32H562RGT6, STM32H562RGV6, STM32H562RIT6, STM32H562RIV6, STM32H562VGT6, STM32H562VIT6, STM32H562ZGT6, STM32H562ZIT6, STM32H563AGI6, STM32H563AII3Q, STM32H563AII6, STM32H563IGK6, STM32H563IGT6, STM32H563IIK3Q, STM32H563IIK6, STM32H563IIT3Q, STM32H563IIT6, STM32H563MIY3QTR, STM32H563RGT6, STM32H563RGV6, STM32H563RIT6, STM32H563RIV6, STM32H563VGT6, STM32H563VIT3Q, STM32H563VIT6, STM32H563ZGT6, STM32H563ZIT3Q, STM32H563ZIT6, STM32H573AII3Q, STM32H573AII6, STM32H573I-DK, STM32H573IIK3Q, STM32H573IIK6, STM32H573IIT3Q, STM32H573IIT6, STM32H573MIY3QTR, STM32H573RIT6, STM32H573RIV6, STM32H573VIT3Q, STM32H573VIT6, STM32H573ZIT3Q, STM32H573ZIT6, STM32H7R3A8I6, STM32H7R3I8K6, STM32H7R3I8T6, STM32H7R3L8H6, STM32H7R3L8H6H, STM32H7R3R8V6, STM32H7R3V8H6, STM32H7R3V8T6, STM32H7R3V8Y6TR, STM32H7R3Z8J6, STM32H7R3Z8T6, STM32H7R7A8I6, STM32H7R7I8K6, STM32H7R7I8T6, STM32H7R7L8H6, STM32H7R7L8H6H, STM32H7R7Z8J6, STM32H7S3A8I6, STM32H7S3I8K6, STM32H7S3I8T6, STM32H7S3L8H6, STM32H7S3L8H6H, STM32H7S3R8V6, STM32H7S3V8H6, STM32H7S3V8T6, STM32H7S3V8Y6TR, STM32H7S3Z8J6, STM32H7S3Z8T6, STM32H7S78-DK, STM32H7S7A8I6, STM32H7S7I8K6, STM32H7S7I8T6, STM32H7S7L8H6, STM32H7S7L8H6H, STM32H7S7Z8J6, STM32L4R5QGI6STR, STM32MP131AAE3, STM32MP131AAF3, STM32MP131AAG3, STM32MP131CAE3, STM32MP131CAF3, STM32MP131CAG3, STM32MP131DAE7, STM32MP131DAF7, STM32MP131DAG7, STM32MP131FAE7, STM32MP131FAF7, STM32MP131FAG7, STM32MP133AAE3, STM32MP133AAF3, STM32MP133AAG3, STM32MP133CAE3, STM32MP133CAF3, STM32MP133CAG3, STM32MP133DAE7, STM32MP133DAF7, STM32MP133DAG7, STM32MP133FAE7, STM32MP133FAF7, STM32MP133FAG7, STM32MP135AAE3, STM32MP135AAF3, STM32MP135AAG3, STM32MP135CAE3, STM32MP135CAF3, STM32MP135CAG3, STM32MP135DAE7, STM32MP135DAF7, STM32MP135DAG7, STM32MP135F-DK, STM32MP135FAE7, STM32MP135FAF7, STM32MP135FAF7T, STM32MP135FAF7U, STM32MP135FAG7, STM32MP251AAI3, STM32MP251AAK3, STM32MP251AAL3, STM32MP251CAI3, STM32MP251CAK3, STM32MP251CAL3, STM32MP251DAI3, STM32MP251DAK3, STM32MP251DAL3, STM32MP251FAI3, STM32MP251FAK3, STM32MP251FAL3, STM32MP253AAI3, STM32MP253AAK3, STM32MP253AAL3, STM32MP253CAI3, STM32MP253CAK3, STM32MP253CAL3, STM32MP253DAI3, STM32MP253DAK3, STM32MP253DAL3, STM32MP253FAI3, STM32MP253FAK3, STM32MP253FAL3, STM32MP255AAI3, STM32MP255AAK3, STM32MP255AAL3, STM32MP255CAI3, STM32MP255CAK3, STM32MP255CAL3, STM32MP255DAI3, STM32MP255DAK3, STM32MP255DAL3, STM32MP255FAI3, STM32MP255FAK3, STM32MP255FAL3, STM32MP257AAI3, STM32MP257AAK3, STM32MP257AAL3, STM32MP257CAI3, STM32MP257CAK3, STM32MP257CAL3, STM32MP257DAI3, STM32MP257DAK3, STM32MP257DAL3, STM32MP257F-DK, STM32MP257F-EV1, STM32MP257FAI3, STM32MP257FAK3, STM32MP257FAL3, STM32U031C6T6, STM32U031C6U6, STM32U031C8T6, STM32U031C8U6, STM32U031F4P6, STM32U031F6P6, STM32U031F8P6, STM32U031G6Y6TR, STM32U031G8Y6TR, STM32U031K4U6, STM32U031K6U6, STM32U031K8U6, STM32U031R6I6, STM32U031R6T6, STM32U031R8I6, STM32U031R8T6, STM32U073C8T6, STM32U073C8U6, STM32U073CBT6, STM32U073CBU6, STM32U073CCT6, STM32U073CCU6, STM32U073H8Y6TR, STM32U073HBY6TR, STM32U073HCY6TR, STM32U073K8U6, STM32U073KBU6, STM32U073KCU6, STM32U073M8I6, STM32U073M8T6, STM32U073MBI6, STM32U073MBT6, STM32U073MCI6, STM32U073MCT6, STM32U073R8I6, STM32U073R8T6, STM32U073RBI6, STM32U073RBT6, STM32U073RCI6, STM32U073RCT6, STM32U083C-DK, STM32U083CCT6, STM32U083CCU6, STM32U083HCY6TR, STM32U083KCU6, STM32U083MCI6, STM32U083MCT6, STM32U083RCI6, STM32U083RCT6, STM32U535CBT6, STM32U535CBT6Q, STM32U535CBU6, STM32U535CBU6Q, STM32U535CCT6, STM32U535CCT6Q, STM32U535CCU6, STM32U535CCU6Q, STM32U535CET6, STM32U535CET6Q, STM32U535CEU6, STM32U535CEU6Q, STM32U535JEY6QTR, STM32U535NCY6QTR, STM32U535NEY6QTR, STM32U535RBI6, STM32U535RBI6Q, STM32U535RBT6, STM32U535RBT6Q, STM32U535RCI6, STM32U535RCI6Q, STM32U535RCT6, STM32U535RCT6Q, STM32U535REI6, STM32U535REI6Q, STM32U535RET6, STM32U535RET6Q, STM32U535VCI6, STM32U535VCI6Q, STM32U535VCT6, STM32U535VCT6Q, STM32U535VEI6, STM32U535VEI6Q, STM32U535VET6, STM32U535VET6Q, STM32U545CET6, STM32U545CET6Q, STM32U545CEU6, STM32U545CEU6Q, STM32U545JEY6QTR, STM32U545NEY6QTR, STM32U545REI6, STM32U545REI6Q, STM32U545RET6, STM32U545RET6Q, STM32U545VEI6, STM32U545VEI6Q, STM32U545VET6, STM32U545VET6Q, STM32U595AIH6, STM32U595AIH6Q, STM32U595AJH6, STM32U595AJH6Q, STM32U595QII6, STM32U595QII6Q, STM32U595QJI6, STM32U595QJI6Q, STM32U595RIT6, STM32U595RIT6Q, STM32U595RJT6, STM32U595RJT6Q, STM32U595VIT6, STM32U595VIT6Q, STM32U595VJT6, STM32U595VJT6Q, STM32U595ZIT6, STM32U595ZIT6Q, STM32U595ZIY6QTR, STM32U595ZJT6, STM32U595ZJT6Q, STM32U595ZJY6QTR, STM32U599BJY6QTR, STM32U599NIH6Q, STM32U599NJH6Q, STM32U599VIT6Q, STM32U599VJT6, STM32U599VJT6Q, STM32U599ZIT6Q, STM32U599ZIY6QTR, STM32U599ZJT6Q, STM32U599ZJY6QTR, STM32U5A5AJH6, STM32U5A5AJH6Q, STM32U5A5QII3Q , STM32U5A5QJI6, STM32U5A5QJI6Q, STM32U5A5RJT6, STM32U5A5RJT6Q, STM32U5A5VJT6, STM32U5A5VJT6Q, STM32U5A5ZJT6, STM32U5A5ZJT6Q, STM32U5A5ZJY6QTR, STM32U5A9BJY6QTR, STM32U5A9J-DK, STM32U5A9NJH6Q, STM32U5A9VJT6Q, STM32U5A9ZJT6Q, STM32U5A9ZJY6QTR, STM32U5F7VIT6, STM32U5F7VIT6Q, STM32U5F7VJT6, STM32U5F7VJT6Q, STM32U5F9BJY6QTR, STM32U5F9NJH6Q, STM32U5F9VIT6Q, STM32U5F9VJT6Q, STM32U5F9ZIJ6QTR, STM32U5F9ZIT6Q, STM32U5F9ZJJ6QTR, STM32U5F9ZJT6Q, STM32U5G7VJT6, STM32U5G7VJT6Q, STM32U5G9BJY6QTR, STM32U5G9J-DK1, STM32U5G9J-DK2, STM32U5G9NJH6Q, STM32U5G9VJT6Q, STM32U5G9ZJJ6QTR, STM32U5G9ZJT6Q, STM32WB05KZV6TR, STM32WB05KZV7TR, STM32WB05TZF6TR, STM32WB05TZF7TR, STM32WB06CCF6TR, STM32WB06CCF7TR, STM32WB06CCV6TR, STM32WB06CCV7TR, STM32WB06KCV6TR, STM32WB06KCV7TR, STM32WB07CCF6TR, STM32WB07CCF7TR, STM32WB07CCV6TR, STM32WB07CCV7TR, STM32WB07KCV6TR, STM32WB07KCV7TR, STM32WB09KEV6TR, STM32WB09KEV7TR, STM32WB09TEF6TR, STM32WB09TEF7TR, STM32WB1MMCH6, STM32WBA50KGU6, STM32WBA50KGU6TR, STM32WBA52CEU6, STM32WBA52CEU6TR, STM32WBA52CEU7, STM32WBA52CEU7TR, STM32WBA52CGU6, STM32WBA52CGU6TR, STM32WBA52CGU6U, STM32WBA52CGU7, STM32WBA52CGU7TR, STM32WBA52KEU6, STM32WBA52KEU6TR, STM32WBA52KGU6, STM32WBA52KGU6TR, STM32WBA54CEU6, STM32WBA54CEU6TR, STM32WBA54CEU7, STM32WBA54CEU7TR, STM32WBA54CGU6, STM32WBA54CGU6TR, STM32WBA54CGU7, STM32WBA54CGU7TR, STM32WBA54KEU6, STM32WBA54KEU6TR, STM32WBA54KEU7, STM32WBA54KEU7TR, STM32WBA54KGU6, STM32WBA54KGU6TR, STM32WBA54KGU7, STM32WBA54KGU7TR, STM32WBA55CEU6, STM32WBA55CEU6TR, STM32WBA55CEU7, STM32WBA55CEU7TR, STM32WBA55CGU6, STM32WBA55CGU6TR, STM32WBA55CGU6U, STM32WBA55CGU7, STM32WBA55CGU7TR, STM32WBA55G-DK1, STM32WBA55HEF6, STM32WBA55HEF7, STM32WBA55HGF6, STM32WBA55HGF7, STM32WBA55UEI6, STM32WBA55UEI6TR, STM32WBA55UEI7, STM32WBA55UEI7TR, STM32WBA55UGI6, STM32WBA55UGI6TR, STM32WBA55UGI7, STM32WBA55UGI7TR, STM32WL5MOCH6, STM32WL5MOCH6TR]
2024-12-15 17:01:47,910 [INFO] DbMcus:218 - Found 4389 MCUs, 4389 are supported
2024-12-15 17:01:47,911 [INFO] ApiDb:423 - Load user favorites file C:\Users\leona/.stm32cubeide/favorites.mcus.txt: 0 item(s)
2024-12-15 17:01:47,911 [INFO] ApiDb:427 - User favorites MCUs=[]
2024-12-15 17:01:47,911 [INFO] DbMcus:224 - Set 0 / 0 favorites MCUs
2024-12-15 17:01:49,003 [INFO] BoardInfo:889 - No configuration file found for board P-NUCLEO-WB55
2024-12-15 17:01:49,004 [INFO] DbBoards:161 - Kit is not supported: P-NUCLEO-WB55
2024-12-15 17:01:49,017 [INFO] BoardInfo:889 - No configuration file found for board STEVAL-BFA001V1B
2024-12-15 17:01:49,018 [INFO] DbBoards:161 - Kit is not supported: STEVAL-BFA001V1B
2024-12-15 17:01:49,020 [INFO] BoardInfo:889 - No configuration file found for board STEVAL-BFA001V2B
2024-12-15 17:01:49,021 [INFO] DbBoards:161 - Kit is not supported: STEVAL-BFA001V2B
2024-12-15 17:01:49,419 [INFO] DbBoards:168 - Found 201 boards, 198 are supported
2024-12-15 17:01:49,419 [INFO] DbBoards:169 - Found 201 boards, 25 of them is supported for  Bsp
2024-12-15 17:01:49,425 [INFO] ApiDb:423 - Load user favorites file C:\Users\leona/.stm32cubeide/favorites.boards.txt: 0 item(s)
2024-12-15 17:01:49,425 [INFO] ApiDb:427 - User favorites Boards=[]
2024-12-15 17:01:49,426 [INFO] DbBoards:198 - Set 0 / 0 favorites Boards
2024-12-15 17:01:49,512 [INFO] UtilMem:75 - End LoadConfig() Used Memory: 666193984 Bytes (1073741824)
2024-12-15 17:01:49,860 [WARN] ThirdParty:833 - waiting for thirdparty lock release [change project]
2024-12-15 17:01:49,860 [INFO] ThirdParty:835 - entering critical section [change project]
2024-12-15 17:01:49,860 [INFO] ThirdParty:1030 - CMSIS Pack Vendor :STMicroelectronics USBPD 4.1
2024-12-15 17:01:49,861 [INFO] ThirdParty:1030 - CMSIS Pack Vendor :STMicroelectronics X-CUBE-AZRTOS-H7 3.3.0
2024-12-15 17:01:49,861 [INFO] ThirdParty:1030 - CMSIS Pack Vendor :STMicroelectronics X-CUBE-NFC9 1.0.0
2024-12-15 17:01:49,861 [INFO] ThirdParty:1030 - CMSIS Pack Vendor :STMicroelectronics USB_HOST 2.0.0
2024-12-15 17:01:49,861 [INFO] ThirdParty:1030 - CMSIS Pack Vendor :STMicroelectronics FP-SNS-MOTENVWB1 1.4.0
2024-12-15 17:01:49,861 [INFO] ThirdParty:1030 - CMSIS Pack Vendor :STMicroelectronics X-CUBE-AZRTOS-F4 1.1.0
2024-12-15 17:01:49,861 [INFO] ThirdParty:1030 - CMSIS Pack Vendor :STMicroelectronics LIBJPEG 8.0.0
2024-12-15 17:01:49,861 [INFO] ThirdParty:1030 - CMSIS Pack Vendor :STMicroelectronics FP-ATR-ASTRA1 2.0.1
2024-12-15 17:01:49,861 [INFO] ThirdParty:1030 - CMSIS Pack Vendor :STMicroelectronics X-CUBE-SMBUS 2.1.0
2024-12-15 17:01:49,861 [INFO] ThirdParty:1030 - CMSIS Pack Vendor :STMicroelectronics X-CUBE-WB05N 1.1.0
2024-12-15 17:01:49,861 [INFO] ThirdParty:1030 - CMSIS Pack Vendor :STMicroelectronics USB_DEVICE 3.0.0
2024-12-15 17:01:49,861 [INFO] ThirdParty:1030 - CMSIS Pack Vendor :STMicroelectronics X-CUBE-TCPP 4.1.0
2024-12-15 17:01:49,861 [INFO] ThirdParty:1030 - CMSIS Pack Vendor :STMicroelectronics X-CUBE-ISPU 2.1.0
2024-12-15 17:01:49,862 [INFO] ThirdParty:1030 - CMSIS Pack Vendor :STMicroelectronics X-CUBE-FREERTOS 1.2.0
2024-12-15 17:01:49,862 [INFO] ThirdParty:1030 - CMSIS Pack Vendor :STMicroelectronics X-CUBE-IPS 3.0.0
2024-12-15 17:01:49,863 [INFO] ThirdParty:1030 - CMSIS Pack Vendor :STMicroelectronics X-CUBE-AZRTOS-WB 2.0.0
2024-12-15 17:01:49,863 [INFO] ThirdParty:1030 - CMSIS Pack Vendor :STMicroelectronics X-CUBE-GNSS1 7.0.0
2024-12-15 17:01:49,863 [INFO] ThirdParty:1030 - CMSIS Pack Vendor :STMicroelectronics X-CUBE-AZRTOS-F7 1.1.0
2024-12-15 17:01:49,863 [INFO] ThirdParty:1030 - CMSIS Pack Vendor :STMicroelectronics X-CUBE-AZRTOS-L5 2.0.0
2024-12-15 17:01:49,863 [INFO] ThirdParty:1030 - CMSIS Pack Vendor :STMicroelectronics USB_DEVICE 2.0.0
2024-12-15 17:01:49,863 [INFO] ThirdParty:1030 - CMSIS Pack Vendor :STMicroelectronics X-CUBE-NFC6 3.1.0
2024-12-15 17:01:49,863 [INFO] ThirdParty:1030 - CMSIS Pack Vendor :STMicroelectronics FP-SNS-STBOX1 2.0.0
2024-12-15 17:01:49,863 [INFO] ThirdParty:1030 - CMSIS Pack Vendor :STMicroelectronics X-CUBE-MEMS1 11.0.0
2024-12-15 17:01:49,864 [INFO] ThirdParty:1030 - CMSIS Pack Vendor :STMicroelectronics FreeRTOS 0.0.1
2024-12-15 17:01:49,864 [INFO] ThirdParty:1030 - CMSIS Pack Vendor :STMicroelectronics X-CUBE-AZRTOS-G0 1.1.0
2024-12-15 17:01:49,864 [INFO] ThirdParty:1030 - CMSIS Pack Vendor :STMicroelectronics X-CUBE-SAFEA1 1.2.2
2024-12-15 17:01:49,864 [INFO] ThirdParty:1030 - CMSIS Pack Vendor :STMicroelectronics X-CUBE-NFC4 3.0.0
2024-12-15 17:01:49,864 [INFO] ThirdParty:1030 - CMSIS Pack Vendor :STMicroelectronics X-CUBE-DPower 1.2.0
2024-12-15 17:01:49,864 [INFO] ThirdParty:1030 - CMSIS Pack Vendor :STMicroelectronics X-CUBE-SUBG2 5.0.0
2024-12-15 17:01:49,864 [INFO] ThirdParty:1030 - CMSIS Pack Vendor :STMicroelectronics STM32_WPAN 1.0.0
2024-12-15 17:01:49,864 [INFO] ThirdParty:1030 - CMSIS Pack Vendor :EmbeddedOffice I-CUBE-FS-RTOS 1.0.1
2024-12-15 17:01:49,864 [INFO] ThirdParty:1030 - CMSIS Pack Vendor :STMicroelectronics lwIP 2.0.3
2024-12-15 17:01:49,865 [INFO] ThirdParty:1030 - CMSIS Pack Vendor :STMicroelectronics FP-SNS-FLIGHT1 5.0.2
2024-12-15 17:01:49,865 [INFO] ThirdParty:1030 - CMSIS Pack Vendor :Cesanta I-CUBE-Mongoose 7.13.0
2024-12-15 17:01:49,865 [INFO] ThirdParty:1030 - CMSIS Pack Vendor :STMicroelectronics USB_HOST 1.0.0
2024-12-15 17:01:49,865 [INFO] ThirdParty:1030 - CMSIS Pack Vendor :Infineon AIROC-Wi-Fi-Bluetooth-STM32 1.7.0
2024-12-15 17:01:49,865 [INFO] ThirdParty:1030 - CMSIS Pack Vendor :STMicroelectronics X-CUBE-AZRTOS-G4 2.0.0
2024-12-15 17:01:49,865 [INFO] ThirdParty:1030 - CMSIS Pack Vendor :STMicroelectronics PDM2PCM 3.1.0
2024-12-15 17:01:49,865 [INFO] ThirdParty:1030 - CMSIS Pack Vendor :STMicroelectronics PDM2PCM 3.3.0
2024-12-15 17:01:49,866 [INFO] ThirdParty:1030 - CMSIS Pack Vendor :STMicroelectronics X-CUBE-DISPLAY 3.0.0
2024-12-15 17:01:49,866 [INFO] ThirdParty:1030 - CMSIS Pack Vendor :RealThread X-CUBE-RT-Thread_Nano 4.1.1
2024-12-15 17:01:49,866 [INFO] ThirdParty:1030 - CMSIS Pack Vendor :STMicroelectronics X-CUBE-BLE1 7.0.0
2024-12-15 17:01:49,866 [INFO] ThirdParty:1030 - CMSIS Pack Vendor :STMicroelectronics FP-ATR-SIGFOX1 3.2.0
2024-12-15 17:01:49,866 [INFO] ThirdParty:1030 - CMSIS Pack Vendor :STMicroelectronics X-CUBE-NFC10 1.0.0
2024-12-15 17:01:49,866 [INFO] ThirdParty:1030 - CMSIS Pack Vendor :quantropi X-CUBE-qispace-sdk-base 1.9.3
2024-12-15 17:01:49,866 [INFO] ThirdParty:1030 - CMSIS Pack Vendor :STMicroelectronics X-CUBE-BLEMGR 4.0.0
2024-12-15 17:01:49,866 [INFO] ThirdParty:1030 - CMSIS Pack Vendor :STMicroelectronics X-CUBE-EEPRMA1 5.1.0
2024-12-15 17:01:49,867 [INFO] ThirdParty:1030 - CMSIS Pack Vendor :STMicroelectronics HAL Drivers 0.0.0
2024-12-15 17:01:49,867 [INFO] ThirdParty:1030 - CMSIS Pack Vendor :STMicroelectronics MBEDTLS 2.16.2
2024-12-15 17:01:49,867 [INFO] ThirdParty:1030 - CMSIS Pack Vendor :STMicroelectronics X-CUBE-ALS 1.0.2
2024-12-15 17:01:49,867 [INFO] ThirdParty:1030 - CMSIS Pack Vendor :emotas I-CUBE-CANOPEN 1.3.0
2024-12-15 17:01:49,867 [INFO] ThirdParty:1030 - CMSIS Pack Vendor :STMicroelectronics X-CUBE-FREERTOS 1.3.0
2024-12-15 17:01:49,867 [INFO] ThirdParty:1030 - CMSIS Pack Vendor :wolfSSL I-CUBE-wolfSSL 5.7.4
2024-12-15 17:01:49,867 [INFO] ThirdParty:1030 - CMSIS Pack Vendor :STMicroelectronics X-CUBE-NFC7 1.0.1
2024-12-15 17:01:49,867 [INFO] ThirdParty:1030 - CMSIS Pack Vendor :STMicroelectronics MBEDTLS 2.14.1
2024-12-15 17:01:49,868 [INFO] ThirdParty:1030 - CMSIS Pack Vendor :ITTIA_DB I-CUBE-ITTIADB 8.9.0
2024-12-15 17:01:49,868 [INFO] ThirdParty:1030 - CMSIS Pack Vendor :STMicroelectronics X-CUBE-TOUCHGFX 4.24.1
2024-12-15 17:01:49,868 [INFO] ThirdParty:1030 - CMSIS Pack Vendor :wolfSSL I-CUBE-wolfTPM 3.4.0
2024-12-15 17:01:49,868 [INFO] ThirdParty:1030 - CMSIS Pack Vendor :portGmbH I-Cube-SoM-uGOAL 1.1.0
2024-12-15 17:01:49,868 [INFO] ThirdParty:1030 - CMSIS Pack Vendor :STMicroelectronics ThreadX 1.0.0
2024-12-15 17:01:49,868 [INFO] ThirdParty:1030 - CMSIS Pack Vendor :STMicroelectronics FP-SNS-SMARTAG2 1.2.0
2024-12-15 17:01:49,868 [INFO] ThirdParty:1030 - CMSIS Pack Vendor :STMicroelectronics X-CUBE-AZRTOS-WL 2.0.0
2024-12-15 17:01:49,868 [INFO] ThirdParty:1030 - CMSIS Pack Vendor :SEGGER I-CUBE-embOS 1.3.1
2024-12-15 17:01:49,869 [INFO] ThirdParty:1030 - CMSIS Pack Vendor :STMicroelectronics X-CUBE-ALGOBUILD 1.4.0
2024-12-15 17:01:49,869 [INFO] ThirdParty:1030 - CMSIS Pack Vendor :STMicroelectronics FP-SNS-MOTENV1 5.0.0
2024-12-15 17:01:49,869 [INFO] ThirdParty:1030 - CMSIS Pack Vendor :STMicroelectronics USB_DEVICE 1.0.0
2024-12-15 17:01:49,869 [INFO] ThirdParty:1030 - CMSIS Pack Vendor :STMicroelectronics X-CUBE-AZRTOS-H7RS 1.0.0
2024-12-15 17:01:49,869 [INFO] ThirdParty:1030 - CMSIS Pack Vendor :wolfSSL I-CUBE-wolfMQTT 1.19.0
2024-12-15 17:01:49,869 [INFO] ThirdParty:1030 - CMSIS Pack Vendor :STMicroelectronics X-CUBE-AZRTOS-L4 2.0.0
2024-12-15 17:01:49,869 [INFO] ThirdParty:1030 - CMSIS Pack Vendor :STMicroelectronics ThreadX 0.0.2
2024-12-15 17:01:49,869 [INFO] ThirdParty:1030 - CMSIS Pack Vendor :WES I-CUBE-Cesium 1.3.0
2024-12-15 17:01:49,869 [INFO] ThirdParty:1030 - CMSIS Pack Vendor :STMicroelectronics lwIP 2.1.2
2024-12-15 17:01:49,870 [INFO] ThirdParty:1030 - CMSIS Pack Vendor :STMicroelectronics X-CUBE-SFXS2LP1 4.0.0
2024-12-15 17:01:49,870 [INFO] ThirdParty:1030 - CMSIS Pack Vendor :STMicroelectronics X-CUBE-BLE2 3.3.0
2024-12-15 17:01:49,870 [INFO] ThirdParty:1030 - CMSIS Pack Vendor :STMicroelectronics X-CUBE-TOF1 3.4.2
2024-12-15 17:01:49,870 [INFO] ThirdParty:1030 - CMSIS Pack Vendor :STMicroelectronics X-CUBE-AI 9.1.0
2024-12-15 17:01:49,870 [INFO] ThirdParty:1030 - CMSIS Pack Vendor :STMicroelectronics PDM2PCM 3.2.0
2024-12-15 17:01:49,870 [INFO] ThirdParty:1030 - CMSIS Pack Vendor :wolfSSL I-CUBE-wolfSSH 1.4.17
2024-12-15 17:01:49,870 [INFO] ThirdParty:841 - exiting critical section [change project]
2024-12-15 17:01:51,599 [INFO] PinOutPanel:1561 - setPackage(No Configuration,No Configuration)
2024-12-15 17:01:51,602 [INFO] PinOutPanel:1561 - setPackage(STM32U535CEUx,UFQFPN48)
2024-12-15 17:01:53,103 [INFO] MemInfoExtractor:277 - EVENT_MCU_SET_IP_PARAMETER
2024-12-15 17:01:57,207 [INFO] MemInfoExtractor:277 - EVENT_MCU_SET_IP_PARAMETER
2024-12-15 17:01:57,791 [INFO] MemInfoExtractor:277 - EVENT_MCU_SET_IP_PARAMETER
2024-12-15 17:01:58,340 [INFO] MemInfoExtractor:277 - EVENT_MCU_SET_IP_PARAMETER
2024-12-15 17:01:58,817 [INFO] MemInfoExtractor:277 - EVENT_MCU_SET_IP_PARAMETER
2024-12-15 17:01:59,112 [INFO] UtilMem:75 - Before build in PCC Used Memory: 897760240 Bytes (1073741824)
2024-12-15 17:02:06,356 [INFO] UtilMem:75 - After build in PCC Used Memory: 1041191440 Bytes (1073741824)
2024-12-15 17:02:06,494 [INFO] IPUIPlugin:80 - create IPUIPlugin
2024-12-15 17:02:06,495 [INFO] IPUIPlugin:80 - create IPUIPlugin
2024-12-15 17:02:06,495 [INFO] IPUIPlugin:80 - create IPUIPlugin
2024-12-15 17:02:06,495 [INFO] IPUIPlugin:80 - create IPUIPlugin
2024-12-15 17:02:06,496 [INFO] IPUIPlugin:80 - create IPUIPlugin
2024-12-15 17:02:06,497 [INFO] IPUIPlugin:80 - create IPUIPlugin
2024-12-15 17:02:06,498 [INFO] IPUIPlugin:80 - create IPUIPlugin
2024-12-15 17:02:06,498 [INFO] IPUIPlugin:80 - create IPUIPlugin
2024-12-15 17:02:06,499 [INFO] IPUIPlugin:80 - create IPUIPlugin
2024-12-15 17:02:06,500 [INFO] IPUIPlugin:80 - create IPUIPlugin
2024-12-15 17:02:06,500 [INFO] IPUIPlugin:80 - create IPUIPlugin
2024-12-15 17:02:06,501 [INFO] IPUIPlugin:80 - create IPUIPlugin
2024-12-15 17:02:06,501 [INFO] IPUIPlugin:80 - create IPUIPlugin
2024-12-15 17:02:06,502 [INFO] IPUIPlugin:80 - create IPUIPlugin
2024-12-15 17:02:06,502 [INFO] IPUIPlugin:80 - create IPUIPlugin
2024-12-15 17:02:06,503 [INFO] IPUIPlugin:80 - create IPUIPlugin
2024-12-15 17:02:06,503 [INFO] IPUIPlugin:80 - create IPUIPlugin
2024-12-15 17:02:06,504 [INFO] IPUIPlugin:80 - create IPUIPlugin
2024-12-15 17:02:06,504 [INFO] IPUIPlugin:80 - create IPUIPlugin
2024-12-15 17:02:06,504 [INFO] IPUIPlugin:80 - create IPUIPlugin
2024-12-15 17:02:06,505 [INFO] IPUIPlugin:80 - create IPUIPlugin
2024-12-15 17:02:06,505 [INFO] IPUIPlugin:80 - create IPUIPlugin
2024-12-15 17:02:06,506 [INFO] IPUIPlugin:80 - create IPUIPlugin
2024-12-15 17:02:06,506 [INFO] IPUIPlugin:80 - create IPUIPlugin
2024-12-15 17:02:06,507 [INFO] IPUIPlugin:80 - create IPUIPlugin
2024-12-15 17:02:06,508 [INFO] IPUIPlugin:80 - create IPUIPlugin
2024-12-15 17:02:06,508 [INFO] IPUIPlugin:80 - create IPUIPlugin
2024-12-15 17:02:06,509 [INFO] IPUIPlugin:80 - create IPUIPlugin
2024-12-15 17:02:06,510 [INFO] IPUIPlugin:80 - create IPUIPlugin
2024-12-15 17:02:06,511 [INFO] IPUIPlugin:80 - create IPUIPlugin
2024-12-15 17:02:06,512 [INFO] IPUIPlugin:80 - create IPUIPlugin
2024-12-15 17:02:06,512 [INFO] IPUIPlugin:80 - create IPUIPlugin
2024-12-15 17:02:06,513 [INFO] IPUIPlugin:80 - create IPUIPlugin
2024-12-15 17:02:06,514 [INFO] IPUIPlugin:80 - create IPUIPlugin
2024-12-15 17:02:06,515 [INFO] IPUIPlugin:80 - create IPUIPlugin
2024-12-15 17:02:06,516 [INFO] IPUIPlugin:80 - create IPUIPlugin
2024-12-15 17:02:06,517 [INFO] IPUIPlugin:80 - create IPUIPlugin
2024-12-15 17:02:06,518 [INFO] IPUIPlugin:80 - create IPUIPlugin
2024-12-15 17:02:06,520 [INFO] IPUIPlugin:80 - create IPUIPlugin
2024-12-15 17:02:06,521 [INFO] IPUIPlugin:80 - create IPUIPlugin
2024-12-15 17:02:06,522 [INFO] IPUIPlugin:80 - create IPUIPlugin
2024-12-15 17:02:06,522 [INFO] IPUIPlugin:80 - create IPUIPlugin
2024-12-15 17:02:06,523 [INFO] IPUIPlugin:80 - create IPUIPlugin
2024-12-15 17:02:06,524 [INFO] IPUIPlugin:80 - create IPUIPlugin
2024-12-15 17:02:06,525 [INFO] IPUIPlugin:80 - create IPUIPlugin
2024-12-15 17:02:06,526 [INFO] IPUIPlugin:80 - create IPUIPlugin
2024-12-15 17:02:06,528 [INFO] IPUIPlugin:80 - create IPUIPlugin
2024-12-15 17:02:06,529 [INFO] IPUIPlugin:80 - create IPUIPlugin
2024-12-15 17:02:06,530 [INFO] IPUIPlugin:80 - create IPUIPlugin
2024-12-15 17:02:06,532 [INFO] IPUIPlugin:80 - create IPUIPlugin
2024-12-15 17:02:06,532 [INFO] IPUIPlugin:80 - create IPUIPlugin
2024-12-15 17:02:06,534 [INFO] IPUIPlugin:80 - create IPUIPlugin
2024-12-15 17:02:06,535 [INFO] IPUIPlugin:80 - create IPUIPlugin
2024-12-15 17:02:06,536 [INFO] IPUIPlugin:80 - create IPUIPlugin
2024-12-15 17:02:06,537 [INFO] IPUIPlugin:80 - create IPUIPlugin
2024-12-15 17:02:06,538 [INFO] IPUIPlugin:80 - create IPUIPlugin
2024-12-15 17:02:06,539 [INFO] IPUIPlugin:80 - create IPUIPlugin
2024-12-15 17:02:06,541 [INFO] IPUIPlugin:80 - create IPUIPlugin
2024-12-15 17:02:06,542 [INFO] IPUIPlugin:80 - create IPUIPlugin
2024-12-15 17:02:06,543 [INFO] IPUIPlugin:80 - create IPUIPlugin
2024-12-15 17:02:06,543 [INFO] IPUIPlugin:80 - create IPUIPlugin
2024-12-15 17:02:06,544 [INFO] IPUIPlugin:80 - create IPUIPlugin
2024-12-15 17:02:06,545 [INFO] IPUIPlugin:80 - create IPUIPlugin
2024-12-15 17:02:06,547 [INFO] IPUIPlugin:80 - create IPUIPlugin
2024-12-15 17:02:06,548 [INFO] IPUIPlugin:80 - create IPUIPlugin
2024-12-15 17:02:06,549 [INFO] IPUIPlugin:80 - create IPUIPlugin
2024-12-15 17:02:06,551 [INFO] IPUIPlugin:80 - create IPUIPlugin
2024-12-15 17:02:06,552 [INFO] IPUIPlugin:80 - create IPUIPlugin
2024-12-15 17:02:06,553 [INFO] IPUIPlugin:80 - create IPUIPlugin
2024-12-15 17:02:06,554 [INFO] IPUIPlugin:80 - create IPUIPlugin
2024-12-15 17:02:06,555 [INFO] IPUIPlugin:80 - create IPUIPlugin
2024-12-15 17:02:06,557 [INFO] IPUIPlugin:80 - create IPUIPlugin
2024-12-15 17:02:06,558 [INFO] IPUIPlugin:80 - create IPUIPlugin
2024-12-15 17:02:06,559 [INFO] IPUIPlugin:80 - create IPUIPlugin
2024-12-15 17:02:06,560 [INFO] IPUIPlugin:80 - create IPUIPlugin
2024-12-15 17:02:06,563 [INFO] IPUIPlugin:80 - create IPUIPlugin
2024-12-15 17:02:06,567 [INFO] IPUIPlugin:80 - create IPUIPlugin
2024-12-15 17:02:06,568 [INFO] IPUIPlugin:80 - create IPUIPlugin
2024-12-15 17:02:06,570 [INFO] IPUIPlugin:80 - create IPUIPlugin
2024-12-15 17:02:06,571 [INFO] IPUIPlugin:80 - create IPUIPlugin
2024-12-15 17:02:06,573 [INFO] IPUIPlugin:80 - create IPUIPlugin
2024-12-15 17:02:06,574 [INFO] IPUIPlugin:80 - create IPUIPlugin
2024-12-15 17:02:06,576 [INFO] IPUIPlugin:80 - create IPUIPlugin
2024-12-15 17:02:06,577 [INFO] IPUIPlugin:80 - create IPUIPlugin
2024-12-15 17:02:06,579 [INFO] IPUIPlugin:80 - create IPUIPlugin
2024-12-15 17:02:06,612 [INFO] LogOutputStream:77 - [STDOUT_REDIRECT] Nominal 
2024-12-15 17:02:06,613 [INFO] Can:71 - Can Add PropertyChangeListener com.st.microxplorer.plugins.ip.can.Can@cfa61a4
2024-12-15 17:02:07,390 [INFO] CADModel:165 - CPN selected for project levelSTM32U535CEU6
2024-12-15 17:02:07,391 [INFO] CADModel:114 - Register for checkConnection events
2024-12-15 17:02:07,435 [INFO] OpenFileManager:363 - Restore cursor
2024-12-15 17:02:08,785 [INFO] MemInfoExtractor:277 - EVENT_MCU_SET_IP_PARAMETER
2024-12-15 17:02:09,519 [WARN] IP:2191 - OutPut1 not found: check if there is a RefParameter without a condition.
2024-12-15 17:02:09,520 [WARN] IP:2191 - OutPut2 not found: check if there is a RefParameter without a condition.
2024-12-15 17:02:09,520 [WARN] IP:2191 - OutPut3 not found: check if there is a RefParameter without a condition.
2024-12-15 17:02:09,520 [WARN] IP:2191 - BinMixBcdU not found: check if there is a RefParameter without a condition.
2024-12-15 17:02:09,521 [WARN] IP:2191 - SSRU_Underflow_Interrupt not found: check if there is a RefParameter without a condition.
2024-12-15 17:02:09,521 [WARN] IP:2191 - rtcSecureFull not found: check if there is a RefParameter without a condition.
2024-12-15 17:02:09,521 [WARN] IP:2191 - rtcNonSecureFeatures not found: check if there is a RefParameter without a condition.
2024-12-15 17:02:09,521 [WARN] IP:2191 - RTC_NONSECURE_FEATURE_NONE not found: check if there is a RefParameter without a condition.
2024-12-15 17:02:09,521 [WARN] IP:2191 - RTC_NONSECURE_FEATURE_INIT not found: check if there is a RefParameter without a condition.
2024-12-15 17:02:09,521 [WARN] IP:2191 - RTC_NONSECURE_FEATURE_ALRA not found: check if there is a RefParameter without a condition.
2024-12-15 17:02:09,521 [WARN] IP:2191 - RTC_NONSECURE_FEATURE_ALRB not found: check if there is a RefParameter without a condition.
2024-12-15 17:02:09,521 [WARN] IP:2191 - RTC_NONSECURE_FEATURE_TS not found: check if there is a RefParameter without a condition.
2024-12-15 17:02:09,522 [WARN] IP:2191 - RTC_NONSECURE_FEATURE_CAL not found: check if there is a RefParameter without a condition.
2024-12-15 17:02:09,522 [WARN] IP:2191 - RTC_NONSECURE_FEATURE_WUT not found: check if there is a RefParameter without a condition.
2024-12-15 17:02:09,522 [WARN] IP:2191 - Sec_BKP_Registers1 not found: check if there is a RefParameter without a condition.
2024-12-15 17:02:09,522 [WARN] IP:2191 - backupRegisterStartZone2_gS not found: check if there is a RefParameter without a condition.
2024-12-15 17:02:09,522 [WARN] IP:2191 - backupRegisterStartZone3_gS not found: check if there is a RefParameter without a condition.
2024-12-15 17:02:09,524 [WARN] IP:2191 - SSRU_Underflow_Interrupt not found: check if there is a RefParameter without a condition.
2024-12-15 17:02:09,524 [WARN] IP:2191 - BinMixBcdU not found: check if there is a RefParameter without a condition.
2024-12-15 17:02:09,527 [WARN] IP:2191 - OutPut1 not found: check if there is a RefParameter without a condition.
2024-12-15 17:02:09,527 [WARN] IP:2191 - OutPut2 not found: check if there is a RefParameter without a condition.
2024-12-15 17:02:09,527 [WARN] IP:2191 - OutPut3 not found: check if there is a RefParameter without a condition.
2024-12-15 17:02:09,528 [WARN] IP:2191 - BinMixBcdU not found: check if there is a RefParameter without a condition.
2024-12-15 17:02:09,528 [WARN] IP:2191 - SSRU_Underflow_Interrupt not found: check if there is a RefParameter without a condition.
2024-12-15 17:02:09,528 [WARN] IP:2191 - rtcSecureFull not found: check if there is a RefParameter without a condition.
2024-12-15 17:02:09,528 [WARN] IP:2191 - rtcNonSecureFeatures not found: check if there is a RefParameter without a condition.
2024-12-15 17:02:09,528 [WARN] IP:2191 - RTC_NONSECURE_FEATURE_NONE not found: check if there is a RefParameter without a condition.
2024-12-15 17:02:09,529 [WARN] IP:2191 - RTC_NONSECURE_FEATURE_INIT not found: check if there is a RefParameter without a condition.
2024-12-15 17:02:09,529 [WARN] IP:2191 - RTC_NONSECURE_FEATURE_ALRA not found: check if there is a RefParameter without a condition.
2024-12-15 17:02:09,529 [WARN] IP:2191 - RTC_NONSECURE_FEATURE_ALRB not found: check if there is a RefParameter without a condition.
2024-12-15 17:02:09,529 [WARN] IP:2191 - RTC_NONSECURE_FEATURE_TS not found: check if there is a RefParameter without a condition.
2024-12-15 17:02:09,530 [WARN] IP:2191 - RTC_NONSECURE_FEATURE_CAL not found: check if there is a RefParameter without a condition.
2024-12-15 17:02:09,530 [WARN] IP:2191 - RTC_NONSECURE_FEATURE_WUT not found: check if there is a RefParameter without a condition.
2024-12-15 17:02:09,530 [WARN] IP:2191 - Sec_BKP_Registers1 not found: check if there is a RefParameter without a condition.
2024-12-15 17:02:09,530 [WARN] IP:2191 - backupRegisterStartZone2_gS not found: check if there is a RefParameter without a condition.
2024-12-15 17:02:09,531 [WARN] IP:2191 - backupRegisterStartZone3_gS not found: check if there is a RefParameter without a condition.
2024-12-15 17:02:09,534 [WARN] IP:2191 - SSRU_Underflow_Interrupt not found: check if there is a RefParameter without a condition.
2024-12-15 17:02:09,534 [WARN] IP:2191 - BinMixBcdU not found: check if there is a RefParameter without a condition.
2024-12-15 17:03:10,722 [INFO] NvicIntPanel:101 - NVIC parent = com.st.microxplorer.plugins.ip.nvic.MultiNvicIntPanel[,0,0,0x0,invalid,layout=javax.swing.BoxLayout,alignmentX=0.0,alignmentY=0.0,border=,flags=9,maximumSize=,minimumSize=,preferredSize=]
2024-12-15 17:03:10,806 [INFO] MemInfoExtractor:277 - EVENT_MCU_SET_IP_PARAMETER
2024-12-15 17:03:16,239 [INFO] UtilMem:75 - End SaveConfig() Used Memory: 780249960 Bytes (1073741824)
2024-12-15 17:03:18,062 [INFO] UtilMem:75 - End SaveConfig() Used Memory: 769440064 Bytes (1073741824)
2024-12-15 17:03:20,098 [INFO] BlockDiagram:2766 - set Specific Code input for plugin: TIM6_7U5
2024-12-15 17:03:20,098 [INFO] BlockDiagram:2766 - set Specific Code input for plugin: MEMORYMAP
2024-12-15 17:03:20,098 [INFO] BlockDiagram:2766 - set Specific Code input for plugin: TIM1_8U5
2024-12-15 17:03:20,098 [INFO] BlockDiagram:2766 - set Specific Code input for plugin: ADC
2024-12-15 17:03:20,098 [INFO] BlockDiagram:2766 - set Specific Code input for plugin: PWR
2024-12-15 17:03:20,099 [INFO] BlockDiagram:2766 - set Specific Code input for plugin: SYS
2024-12-15 17:03:20,099 [INFO] BlockDiagram:2766 - set Specific Code input for plugin: ADC
2024-12-15 17:03:20,099 [INFO] BlockDiagram:2766 - set Specific Code input for plugin: RCC
2024-12-15 17:03:20,099 [INFO] BlockDiagram:2766 - set Specific Code input for plugin: I2C
2024-12-15 17:03:20,099 [INFO] BlockDiagram:2766 - set Specific Code input for plugin: LPBAM
2024-12-15 17:03:20,099 [INFO] BlockDiagram:2766 - set Specific Code input for plugin: RTC
2024-12-15 17:03:20,099 [INFO] BlockDiagram:2766 - set Specific Code input for plugin: NVIC
2024-12-15 17:03:20,100 [INFO] BlockDiagram:2766 - set Specific Code input for plugin: ICACHE
2024-12-15 17:03:20,100 [INFO] BlockDiagram:2766 - set Specific Code input for plugin: DEBUG
2024-12-15 17:03:20,101 [INFO] BlockDiagram:2766 - set Specific Code input for plugin: GPIO
2024-12-15 17:03:20,101 [INFO] BlockDiagram:2766 - set Specific Code input for plugin: FDCAN
2024-12-15 17:03:20,101 [INFO] BlockDiagram:2766 - set Specific Code input for plugin: LPBAMQUEUE
2024-12-15 17:03:20,103 [INFO] CodeGenerator:807 - code generatio: config db path: C:\ST\STM32CubeIDE_1.16.1\STM32CubeIDE\plugins\com.st.stm32cube.common.mx_6.12.1.202409122256\\db\
2024-12-15 17:03:20,532 [WARN] IP:2191 - OutPut1 not found: check if there is a RefParameter without a condition.
2024-12-15 17:03:20,532 [WARN] IP:2191 - OutPut2 not found: check if there is a RefParameter without a condition.
2024-12-15 17:03:20,533 [WARN] IP:2191 - OutPut3 not found: check if there is a RefParameter without a condition.
2024-12-15 17:03:20,533 [WARN] IP:2191 - BinMixBcdU not found: check if there is a RefParameter without a condition.
2024-12-15 17:03:20,533 [WARN] IP:2191 - SSRU_Underflow_Interrupt not found: check if there is a RefParameter without a condition.
2024-12-15 17:03:20,534 [WARN] IP:2191 - rtcSecureFull not found: check if there is a RefParameter without a condition.
2024-12-15 17:03:20,534 [WARN] IP:2191 - rtcNonSecureFeatures not found: check if there is a RefParameter without a condition.
2024-12-15 17:03:20,534 [WARN] IP:2191 - RTC_NONSECURE_FEATURE_NONE not found: check if there is a RefParameter without a condition.
2024-12-15 17:03:20,534 [WARN] IP:2191 - RTC_NONSECURE_FEATURE_INIT not found: check if there is a RefParameter without a condition.
2024-12-15 17:03:20,534 [WARN] IP:2191 - RTC_NONSECURE_FEATURE_ALRA not found: check if there is a RefParameter without a condition.
2024-12-15 17:03:20,534 [WARN] IP:2191 - RTC_NONSECURE_FEATURE_ALRB not found: check if there is a RefParameter without a condition.
2024-12-15 17:03:20,534 [WARN] IP:2191 - RTC_NONSECURE_FEATURE_TS not found: check if there is a RefParameter without a condition.
2024-12-15 17:03:20,534 [WARN] IP:2191 - RTC_NONSECURE_FEATURE_CAL not found: check if there is a RefParameter without a condition.
2024-12-15 17:03:20,535 [WARN] IP:2191 - RTC_NONSECURE_FEATURE_WUT not found: check if there is a RefParameter without a condition.
2024-12-15 17:03:20,535 [WARN] IP:2191 - Sec_BKP_Registers1 not found: check if there is a RefParameter without a condition.
2024-12-15 17:03:20,535 [WARN] IP:2191 - backupRegisterStartZone2_gS not found: check if there is a RefParameter without a condition.
2024-12-15 17:03:20,535 [WARN] IP:2191 - backupRegisterStartZone3_gS not found: check if there is a RefParameter without a condition.
2024-12-15 17:03:20,536 [WARN] IP:2191 - SSRU_Underflow_Interrupt not found: check if there is a RefParameter without a condition.
2024-12-15 17:03:20,537 [WARN] IP:2191 - BinMixBcdU not found: check if there is a RefParameter without a condition.
2024-12-15 17:03:21,192 [INFO] CodeEngine:255 - oldGeneratedFile, C:\Users\leona\Documents\UBM\GitLab\Precharge_Control\ST\EcoMCU\MXTmpFiles\license.tmp_save
2024-12-15 17:03:22,133 [INFO] CodeEngine:279 - Generated code: C:\Users\leona\Documents\UBM\GitLab\Precharge_Control\ST\EcoMCU\MXTmpFiles\license.tmp
2024-12-15 17:03:22,888 [INFO] CodeEngine:255 - oldGeneratedFile, C:\Users\leona\Documents\UBM\GitLab\Precharge_Control\ST\EcoMCU\Core\Src\gpio.c_save
2024-12-15 17:03:23,237 [INFO] CodeEngine:279 - Generated code: C:\Users\leona\Documents\UBM\GitLab\Precharge_Control\ST\EcoMCU\Core\Src\gpio.c
2024-12-15 17:03:23,254 [INFO] CodeEngine:255 - oldGeneratedFile, C:\Users\leona\Documents\UBM\GitLab\Precharge_Control\ST\EcoMCU\Core\Inc\gpio.h_save
2024-12-15 17:03:23,509 [INFO] CodeEngine:279 - Generated code: C:\Users\leona\Documents\UBM\GitLab\Precharge_Control\ST\EcoMCU\Core\Inc\gpio.h
2024-12-15 17:03:25,120 [WARN] IPConfigManager:98 - WARNING: Missing Config File for DEBUG ip!!
2024-12-15 17:03:27,138 [WARN] IPConfigManager:98 - WARNING: Missing Config File for MEMORYMAP ip!!
2024-12-15 17:03:27,139 [WARN] IP:2191 - DefaultDataRegion not found: check if there is a RefParameter without a condition.
2024-12-15 17:03:28,064 [WARN] IP:2191 - OutPut1 not found: check if there is a RefParameter without a condition.
2024-12-15 17:03:28,064 [WARN] IP:2191 - OutPut2 not found: check if there is a RefParameter without a condition.
2024-12-15 17:03:28,064 [WARN] IP:2191 - OutPut3 not found: check if there is a RefParameter without a condition.
2024-12-15 17:03:28,065 [WARN] IP:2191 - BinMixBcdU not found: check if there is a RefParameter without a condition.
2024-12-15 17:03:28,065 [WARN] IP:2191 - SSRU_Underflow_Interrupt not found: check if there is a RefParameter without a condition.
2024-12-15 17:03:28,065 [WARN] IP:2191 - rtcSecureFull not found: check if there is a RefParameter without a condition.
2024-12-15 17:03:28,066 [WARN] IP:2191 - rtcNonSecureFeatures not found: check if there is a RefParameter without a condition.
2024-12-15 17:03:28,066 [WARN] IP:2191 - RTC_NONSECURE_FEATURE_NONE not found: check if there is a RefParameter without a condition.
2024-12-15 17:03:28,066 [WARN] IP:2191 - RTC_NONSECURE_FEATURE_INIT not found: check if there is a RefParameter without a condition.
2024-12-15 17:03:28,066 [WARN] IP:2191 - RTC_NONSECURE_FEATURE_ALRA not found: check if there is a RefParameter without a condition.
2024-12-15 17:03:28,066 [WARN] IP:2191 - RTC_NONSECURE_FEATURE_ALRB not found: check if there is a RefParameter without a condition.
2024-12-15 17:03:28,066 [WARN] IP:2191 - RTC_NONSECURE_FEATURE_TS not found: check if there is a RefParameter without a condition.
2024-12-15 17:03:28,066 [WARN] IP:2191 - RTC_NONSECURE_FEATURE_CAL not found: check if there is a RefParameter without a condition.
2024-12-15 17:03:28,066 [WARN] IP:2191 - RTC_NONSECURE_FEATURE_WUT not found: check if there is a RefParameter without a condition.
2024-12-15 17:03:28,067 [WARN] IP:2191 - Sec_BKP_Registers1 not found: check if there is a RefParameter without a condition.
2024-12-15 17:03:28,067 [WARN] IP:2191 - backupRegisterStartZone2_gS not found: check if there is a RefParameter without a condition.
2024-12-15 17:03:28,067 [WARN] IP:2191 - backupRegisterStartZone3_gS not found: check if there is a RefParameter without a condition.
2024-12-15 17:03:30,288 [INFO] CodeEngine:255 - oldGeneratedFile, C:\Users\leona\Documents\UBM\GitLab\Precharge_Control\ST\EcoMCU\Core\Src\adc.c_save
2024-12-15 17:03:30,792 [INFO] CodeEngine:279 - Generated code: C:\Users\leona\Documents\UBM\GitLab\Precharge_Control\ST\EcoMCU\Core\Src\adc.c
2024-12-15 17:03:30,839 [INFO] CodeEngine:255 - oldGeneratedFile, C:\Users\leona\Documents\UBM\GitLab\Precharge_Control\ST\EcoMCU\Core\Inc\adc.h_save
2024-12-15 17:03:31,100 [INFO] CodeEngine:279 - Generated code: C:\Users\leona\Documents\UBM\GitLab\Precharge_Control\ST\EcoMCU\Core\Inc\adc.h
2024-12-15 17:03:31,126 [INFO] CodeEngine:255 - oldGeneratedFile, C:\Users\leona\Documents\UBM\GitLab\Precharge_Control\ST\EcoMCU\MXTmpFiles\cortex.tmp_save
2024-12-15 17:03:31,392 [INFO] CodeEngine:279 - Generated code: C:\Users\leona\Documents\UBM\GitLab\Precharge_Control\ST\EcoMCU\MXTmpFiles\cortex.tmp
2024-12-15 17:03:31,419 [INFO] CodeEngine:255 - oldGeneratedFile, C:\Users\leona\Documents\UBM\GitLab\Precharge_Control\ST\EcoMCU\Core\Src\fdcan.c_save
2024-12-15 17:03:31,792 [INFO] CodeEngine:279 - Generated code: C:\Users\leona\Documents\UBM\GitLab\Precharge_Control\ST\EcoMCU\Core\Src\fdcan.c
2024-12-15 17:03:31,810 [INFO] CodeEngine:255 - oldGeneratedFile, C:\Users\leona\Documents\UBM\GitLab\Precharge_Control\ST\EcoMCU\Core\Inc\fdcan.h_save
2024-12-15 17:03:32,024 [INFO] CodeEngine:279 - Generated code: C:\Users\leona\Documents\UBM\GitLab\Precharge_Control\ST\EcoMCU\Core\Inc\fdcan.h
2024-12-15 17:03:32,063 [INFO] CodeEngine:255 - oldGeneratedFile, C:\Users\leona\Documents\UBM\GitLab\Precharge_Control\ST\EcoMCU\Core\Src\i2c.c_save
2024-12-15 17:03:32,402 [INFO] CodeEngine:279 - Generated code: C:\Users\leona\Documents\UBM\GitLab\Precharge_Control\ST\EcoMCU\Core\Src\i2c.c
2024-12-15 17:03:32,421 [INFO] CodeEngine:255 - oldGeneratedFile, C:\Users\leona\Documents\UBM\GitLab\Precharge_Control\ST\EcoMCU\Core\Inc\i2c.h_save
2024-12-15 17:03:32,664 [INFO] CodeEngine:279 - Generated code: C:\Users\leona\Documents\UBM\GitLab\Precharge_Control\ST\EcoMCU\Core\Inc\i2c.h
2024-12-15 17:03:32,699 [INFO] CodeEngine:255 - oldGeneratedFile, C:\Users\leona\Documents\UBM\GitLab\Precharge_Control\ST\EcoMCU\Core\Src\icache.c_save
2024-12-15 17:03:32,999 [INFO] CodeEngine:279 - Generated code: C:\Users\leona\Documents\UBM\GitLab\Precharge_Control\ST\EcoMCU\Core\Src\icache.c
2024-12-15 17:03:33,015 [INFO] CodeEngine:255 - oldGeneratedFile, C:\Users\leona\Documents\UBM\GitLab\Precharge_Control\ST\EcoMCU\Core\Inc\icache.h_save
2024-12-15 17:03:33,285 [INFO] CodeEngine:279 - Generated code: C:\Users\leona\Documents\UBM\GitLab\Precharge_Control\ST\EcoMCU\Core\Inc\icache.h
2024-12-15 17:03:33,313 [INFO] CodeEngine:255 - oldGeneratedFile, C:\Users\leona\Documents\UBM\GitLab\Precharge_Control\ST\EcoMCU\Core\Src\memorymap.c_save
2024-12-15 17:03:33,606 [INFO] CodeEngine:279 - Generated code: C:\Users\leona\Documents\UBM\GitLab\Precharge_Control\ST\EcoMCU\Core\Src\memorymap.c
2024-12-15 17:03:33,622 [INFO] CodeEngine:255 - oldGeneratedFile, C:\Users\leona\Documents\UBM\GitLab\Precharge_Control\ST\EcoMCU\Core\Inc\memorymap.h_save
2024-12-15 17:03:33,819 [INFO] CodeEngine:279 - Generated code: C:\Users\leona\Documents\UBM\GitLab\Precharge_Control\ST\EcoMCU\Core\Inc\memorymap.h
2024-12-15 17:03:33,848 [INFO] CodeEngine:255 - oldGeneratedFile, C:\Users\leona\Documents\UBM\GitLab\Precharge_Control\ST\EcoMCU\Core\Src\rtc.c_save
2024-12-15 17:03:34,201 [INFO] CodeEngine:279 - Generated code: C:\Users\leona\Documents\UBM\GitLab\Precharge_Control\ST\EcoMCU\Core\Src\rtc.c
2024-12-15 17:03:34,219 [INFO] CodeEngine:255 - oldGeneratedFile, C:\Users\leona\Documents\UBM\GitLab\Precharge_Control\ST\EcoMCU\Core\Inc\rtc.h_save
2024-12-15 17:03:34,420 [INFO] CodeEngine:279 - Generated code: C:\Users\leona\Documents\UBM\GitLab\Precharge_Control\ST\EcoMCU\Core\Inc\rtc.h
2024-12-15 17:03:34,474 [INFO] CodeEngine:255 - oldGeneratedFile, C:\Users\leona\Documents\UBM\GitLab\Precharge_Control\ST\EcoMCU\Core\Src\tim.c_save
2024-12-15 17:03:34,819 [INFO] CodeEngine:279 - Generated code: C:\Users\leona\Documents\UBM\GitLab\Precharge_Control\ST\EcoMCU\Core\Src\tim.c
2024-12-15 17:03:34,852 [INFO] CodeEngine:255 - oldGeneratedFile, C:\Users\leona\Documents\UBM\GitLab\Precharge_Control\ST\EcoMCU\Core\Inc\tim.h_save
2024-12-15 17:03:35,086 [INFO] CodeEngine:279 - Generated code: C:\Users\leona\Documents\UBM\GitLab\Precharge_Control\ST\EcoMCU\Core\Inc\tim.h
2024-12-15 17:03:35,174 [INFO] CodeEngine:255 - oldGeneratedFile, C:\Users\leona\Documents\UBM\GitLab\Precharge_Control\ST\EcoMCU\Core\Src\stm32u5xx_it.c_save
2024-12-15 17:03:35,474 [INFO] CodeEngine:279 - Generated code: C:\Users\leona\Documents\UBM\GitLab\Precharge_Control\ST\EcoMCU\Core\Src\stm32u5xx_it.c
2024-12-15 17:03:35,494 [INFO] CodeEngine:255 - oldGeneratedFile, C:\Users\leona\Documents\UBM\GitLab\Precharge_Control\ST\EcoMCU\Core\Inc\stm32u5xx_it.h_save
2024-12-15 17:03:35,681 [INFO] CodeEngine:279 - Generated code: C:\Users\leona\Documents\UBM\GitLab\Precharge_Control\ST\EcoMCU\Core\Inc\stm32u5xx_it.h
2024-12-15 17:03:36,145 [INFO] CodeEngine:255 - oldGeneratedFile, C:\Users\leona\Documents\UBM\GitLab\Precharge_Control\ST\EcoMCU\Core\Src\stm32u5xx_hal_msp.c_save
2024-12-15 17:03:36,491 [INFO] CodeEngine:279 - Generated code: C:\Users\leona\Documents\UBM\GitLab\Precharge_Control\ST\EcoMCU\Core\Src\stm32u5xx_hal_msp.c
2024-12-15 17:03:36,502 [INFO] CodeEngine:255 - oldGeneratedFile, C:\Users\leona\Documents\UBM\GitLab\Precharge_Control\ST\EcoMCU\MXTmpFiles\system.tmp_save
2024-12-15 17:03:36,670 [INFO] CodeEngine:279 - Generated code: C:\Users\leona\Documents\UBM\GitLab\Precharge_Control\ST\EcoMCU\MXTmpFiles\system.tmp
2024-12-15 17:03:36,698 [INFO] CodeEngine:311 - oldGeneratedFile, C:\Users\leona\Documents\UBM\GitLab\Precharge_Control\ST\EcoMCU\Core\Inc\stm32u5xx_hal_conf.h_save
2024-12-15 17:03:36,853 [INFO] CodeEngine:335 - Generated code: C:\Users\leona\Documents\UBM\GitLab\Precharge_Control\ST\EcoMCU\Core\Inc\stm32u5xx_hal_conf.h
2024-12-15 17:03:36,968 [INFO] CodeEngine:255 - oldGeneratedFile, C:\Users\leona\Documents\UBM\GitLab\Precharge_Control\ST\EcoMCU\Core\Inc\main.h_save
2024-12-15 17:03:37,234 [INFO] CodeEngine:279 - Generated code: C:\Users\leona\Documents\UBM\GitLab\Precharge_Control\ST\EcoMCU\Core\Inc\main.h
2024-12-15 17:03:37,251 [INFO] CodeEngine:255 - oldGeneratedFile, C:\Users\leona\Documents\UBM\GitLab\Precharge_Control\ST\EcoMCU\Core\Src\main.c_save
2024-12-15 17:03:37,660 [INFO] CodeEngine:279 - Generated code: C:\Users\leona\Documents\UBM\GitLab\Precharge_Control\ST\EcoMCU\Core\Src\main.c
2024-12-15 17:03:38,686 [INFO] ProjectBuilder:3249 - Time for Copy HAL[1] : 468mS.
2024-12-15 17:03:38,701 [INFO] ProjectBuilder:4828 - Project Generator version: 4.5.0-B34
2024-12-15 17:03:38,960 [INFO] ConfigFileManager:1531 - The Die is : DIE455
2024-12-15 17:03:38,993 [INFO] ApiDbMcu:508 - Load IP Config File for FileX
2024-12-15 17:03:39,024 [INFO] ApiDbMcu:508 - Load IP Config File for LevelX
2024-12-15 17:03:39,046 [INFO] ApiDbMcu:508 - Load IP Config File for NetXDuo
2024-12-15 17:03:39,055 [INFO] ApiDbMcu:508 - Load IP Config File for ThreadX
2024-12-15 17:03:39,090 [INFO] ApiDbMcu:508 - Load IP Config File for TOUCHSENSING
2024-12-15 17:03:39,201 [INFO] ApiDbMcu:508 - Load IP Config File for USBX
2024-12-15 17:03:40,226 [INFO] LogOutputStream:77 - [STDOUT_REDIRECT] 
2024-12-15 17:03:43,647 [INFO] ProjectBuilder:5097 - Time for Generating toolchain IDE Files: 4946mS.
2024-12-15 17:03:43,649 [INFO] ProjectBuilder:3107 - Time for Copy CMSIS : 1mS.
2024-12-15 17:03:43,655 [INFO] ProjectBuilder:3107 - Time for Copy CMSIS : 0mS.
2024-12-15 17:07:54,459 [INFO] UtilMem:75 - End SaveConfig() Used Memory: 838643544 Bytes (1073741824)
2024-12-15 17:07:55,151 [INFO] BlockDiagram:2766 - set Specific Code input for plugin: TIM6_7U5
2024-12-15 17:07:55,151 [INFO] BlockDiagram:2766 - set Specific Code input for plugin: MEMORYMAP
2024-12-15 17:07:55,151 [INFO] BlockDiagram:2766 - set Specific Code input for plugin: TIM1_8U5
2024-12-15 17:07:55,151 [INFO] BlockDiagram:2766 - set Specific Code input for plugin: ADC
2024-12-15 17:07:55,151 [INFO] BlockDiagram:2766 - set Specific Code input for plugin: PWR
2024-12-15 17:07:55,151 [INFO] BlockDiagram:2766 - set Specific Code input for plugin: SYS
2024-12-15 17:07:55,151 [INFO] BlockDiagram:2766 - set Specific Code input for plugin: ADC
2024-12-15 17:07:55,151 [INFO] BlockDiagram:2766 - set Specific Code input for plugin: RCC
2024-12-15 17:07:55,151 [INFO] BlockDiagram:2766 - set Specific Code input for plugin: I2C
2024-12-15 17:07:55,151 [INFO] BlockDiagram:2766 - set Specific Code input for plugin: LPBAM
2024-12-15 17:07:55,152 [INFO] BlockDiagram:2766 - set Specific Code input for plugin: RTC
2024-12-15 17:07:55,152 [INFO] BlockDiagram:2766 - set Specific Code input for plugin: NVIC
2024-12-15 17:07:55,152 [INFO] BlockDiagram:2766 - set Specific Code input for plugin: ICACHE
2024-12-15 17:07:55,152 [INFO] BlockDiagram:2766 - set Specific Code input for plugin: DEBUG
2024-12-15 17:07:55,153 [INFO] BlockDiagram:2766 - set Specific Code input for plugin: GPIO
2024-12-15 17:07:55,153 [INFO] BlockDiagram:2766 - set Specific Code input for plugin: FDCAN
2024-12-15 17:07:55,153 [INFO] BlockDiagram:2766 - set Specific Code input for plugin: LPBAMQUEUE
2024-12-15 17:07:55,154 [INFO] CodeGenerator:807 - code generatio: config db path: C:\ST\STM32CubeIDE_1.16.1\STM32CubeIDE\plugins\com.st.stm32cube.common.mx_6.12.1.202409122256\\db\
2024-12-15 17:07:55,645 [WARN] IP:2191 - OutPut1 not found: check if there is a RefParameter without a condition.
2024-12-15 17:07:55,645 [WARN] IP:2191 - OutPut2 not found: check if there is a RefParameter without a condition.
2024-12-15 17:07:55,645 [WARN] IP:2191 - OutPut3 not found: check if there is a RefParameter without a condition.
2024-12-15 17:07:55,646 [WARN] IP:2191 - BinMixBcdU not found: check if there is a RefParameter without a condition.
2024-12-15 17:07:55,646 [WARN] IP:2191 - SSRU_Underflow_Interrupt not found: check if there is a RefParameter without a condition.
2024-12-15 17:07:55,647 [WARN] IP:2191 - rtcSecureFull not found: check if there is a RefParameter without a condition.
2024-12-15 17:07:55,647 [WARN] IP:2191 - rtcNonSecureFeatures not found: check if there is a RefParameter without a condition.
2024-12-15 17:07:55,647 [WARN] IP:2191 - RTC_NONSECURE_FEATURE_NONE not found: check if there is a RefParameter without a condition.
2024-12-15 17:07:55,647 [WARN] IP:2191 - RTC_NONSECURE_FEATURE_INIT not found: check if there is a RefParameter without a condition.
2024-12-15 17:07:55,647 [WARN] IP:2191 - RTC_NONSECURE_FEATURE_ALRA not found: check if there is a RefParameter without a condition.
2024-12-15 17:07:55,647 [WARN] IP:2191 - RTC_NONSECURE_FEATURE_ALRB not found: check if there is a RefParameter without a condition.
2024-12-15 17:07:55,647 [WARN] IP:2191 - RTC_NONSECURE_FEATURE_TS not found: check if there is a RefParameter without a condition.
2024-12-15 17:07:55,647 [WARN] IP:2191 - RTC_NONSECURE_FEATURE_CAL not found: check if there is a RefParameter without a condition.
2024-12-15 17:07:55,647 [WARN] IP:2191 - RTC_NONSECURE_FEATURE_WUT not found: check if there is a RefParameter without a condition.
2024-12-15 17:07:55,648 [WARN] IP:2191 - Sec_BKP_Registers1 not found: check if there is a RefParameter without a condition.
2024-12-15 17:07:55,648 [WARN] IP:2191 - backupRegisterStartZone2_gS not found: check if there is a RefParameter without a condition.
2024-12-15 17:07:55,648 [WARN] IP:2191 - backupRegisterStartZone3_gS not found: check if there is a RefParameter without a condition.
2024-12-15 17:07:55,650 [WARN] IP:2191 - SSRU_Underflow_Interrupt not found: check if there is a RefParameter without a condition.
2024-12-15 17:07:55,650 [WARN] IP:2191 - BinMixBcdU not found: check if there is a RefParameter without a condition.
2024-12-15 17:07:56,242 [INFO] CodeEngine:255 - oldGeneratedFile, C:\Users\leona\Documents\UBM\GitLab\Precharge_Control\ST\EcoMCU\MXTmpFiles\license.tmp_save
2024-12-15 17:07:56,446 [INFO] CodeEngine:279 - Generated code: C:\Users\leona\Documents\UBM\GitLab\Precharge_Control\ST\EcoMCU\MXTmpFiles\license.tmp
2024-12-15 17:07:57,087 [INFO] CodeEngine:255 - oldGeneratedFile, C:\Users\leona\Documents\UBM\GitLab\Precharge_Control\ST\EcoMCU\Core\Src\gpio.c_save
2024-12-15 17:07:57,368 [INFO] CodeEngine:279 - Generated code: C:\Users\leona\Documents\UBM\GitLab\Precharge_Control\ST\EcoMCU\Core\Src\gpio.c
2024-12-15 17:07:57,384 [INFO] CodeEngine:255 - oldGeneratedFile, C:\Users\leona\Documents\UBM\GitLab\Precharge_Control\ST\EcoMCU\Core\Inc\gpio.h_save
2024-12-15 17:07:57,592 [INFO] CodeEngine:279 - Generated code: C:\Users\leona\Documents\UBM\GitLab\Precharge_Control\ST\EcoMCU\Core\Inc\gpio.h
2024-12-15 17:07:58,768 [WARN] IPConfigManager:98 - WARNING: Missing Config File for DEBUG ip!!
2024-12-15 17:07:59,538 [WARN] IPConfigManager:98 - WARNING: Missing Config File for MEMORYMAP ip!!
2024-12-15 17:07:59,538 [WARN] IP:2191 - DefaultDataRegion not found: check if there is a RefParameter without a condition.
2024-12-15 17:07:59,975 [WARN] IP:2191 - OutPut1 not found: check if there is a RefParameter without a condition.
2024-12-15 17:07:59,975 [WARN] IP:2191 - OutPut2 not found: check if there is a RefParameter without a condition.
2024-12-15 17:07:59,975 [WARN] IP:2191 - OutPut3 not found: check if there is a RefParameter without a condition.
2024-12-15 17:07:59,976 [WARN] IP:2191 - BinMixBcdU not found: check if there is a RefParameter without a condition.
2024-12-15 17:07:59,976 [WARN] IP:2191 - SSRU_Underflow_Interrupt not found: check if there is a RefParameter without a condition.
2024-12-15 17:07:59,977 [WARN] IP:2191 - rtcSecureFull not found: check if there is a RefParameter without a condition.
2024-12-15 17:07:59,977 [WARN] IP:2191 - rtcNonSecureFeatures not found: check if there is a RefParameter without a condition.
2024-12-15 17:07:59,977 [WARN] IP:2191 - RTC_NONSECURE_FEATURE_NONE not found: check if there is a RefParameter without a condition.
2024-12-15 17:07:59,977 [WARN] IP:2191 - RTC_NONSECURE_FEATURE_INIT not found: check if there is a RefParameter without a condition.
2024-12-15 17:07:59,977 [WARN] IP:2191 - RTC_NONSECURE_FEATURE_ALRA not found: check if there is a RefParameter without a condition.
2024-12-15 17:07:59,977 [WARN] IP:2191 - RTC_NONSECURE_FEATURE_ALRB not found: check if there is a RefParameter without a condition.
2024-12-15 17:07:59,977 [WARN] IP:2191 - RTC_NONSECURE_FEATURE_TS not found: check if there is a RefParameter without a condition.
2024-12-15 17:07:59,977 [WARN] IP:2191 - RTC_NONSECURE_FEATURE_CAL not found: check if there is a RefParameter without a condition.
2024-12-15 17:07:59,978 [WARN] IP:2191 - RTC_NONSECURE_FEATURE_WUT not found: check if there is a RefParameter without a condition.
2024-12-15 17:07:59,978 [WARN] IP:2191 - Sec_BKP_Registers1 not found: check if there is a RefParameter without a condition.
2024-12-15 17:07:59,978 [WARN] IP:2191 - backupRegisterStartZone2_gS not found: check if there is a RefParameter without a condition.
2024-12-15 17:07:59,978 [WARN] IP:2191 - backupRegisterStartZone3_gS not found: check if there is a RefParameter without a condition.
2024-12-15 17:08:01,333 [INFO] CodeEngine:255 - oldGeneratedFile, C:\Users\leona\Documents\UBM\GitLab\Precharge_Control\ST\EcoMCU\Core\Src\adc.c_save
2024-12-15 17:08:01,727 [INFO] CodeEngine:279 - Generated code: C:\Users\leona\Documents\UBM\GitLab\Precharge_Control\ST\EcoMCU\Core\Src\adc.c
2024-12-15 17:08:01,742 [INFO] CodeEngine:255 - oldGeneratedFile, C:\Users\leona\Documents\UBM\GitLab\Precharge_Control\ST\EcoMCU\Core\Inc\adc.h_save
2024-12-15 17:08:01,937 [INFO] CodeEngine:279 - Generated code: C:\Users\leona\Documents\UBM\GitLab\Precharge_Control\ST\EcoMCU\Core\Inc\adc.h
2024-12-15 17:08:01,977 [INFO] CodeEngine:255 - oldGeneratedFile, C:\Users\leona\Documents\UBM\GitLab\Precharge_Control\ST\EcoMCU\MXTmpFiles\cortex.tmp_save
2024-12-15 17:08:02,165 [INFO] CodeEngine:279 - Generated code: C:\Users\leona\Documents\UBM\GitLab\Precharge_Control\ST\EcoMCU\MXTmpFiles\cortex.tmp
2024-12-15 17:08:02,190 [INFO] CodeEngine:255 - oldGeneratedFile, C:\Users\leona\Documents\UBM\GitLab\Precharge_Control\ST\EcoMCU\Core\Src\fdcan.c_save
2024-12-15 17:08:02,382 [INFO] CodeEngine:279 - Generated code: C:\Users\leona\Documents\UBM\GitLab\Precharge_Control\ST\EcoMCU\Core\Src\fdcan.c
2024-12-15 17:08:02,395 [INFO] CodeEngine:255 - oldGeneratedFile, C:\Users\leona\Documents\UBM\GitLab\Precharge_Control\ST\EcoMCU\Core\Inc\fdcan.h_save
2024-12-15 17:08:02,552 [INFO] CodeEngine:279 - Generated code: C:\Users\leona\Documents\UBM\GitLab\Precharge_Control\ST\EcoMCU\Core\Inc\fdcan.h
2024-12-15 17:08:02,582 [INFO] CodeEngine:255 - oldGeneratedFile, C:\Users\leona\Documents\UBM\GitLab\Precharge_Control\ST\EcoMCU\Core\Src\i2c.c_save
2024-12-15 17:08:02,781 [INFO] CodeEngine:279 - Generated code: C:\Users\leona\Documents\UBM\GitLab\Precharge_Control\ST\EcoMCU\Core\Src\i2c.c
2024-12-15 17:08:02,795 [INFO] CodeEngine:255 - oldGeneratedFile, C:\Users\leona\Documents\UBM\GitLab\Precharge_Control\ST\EcoMCU\Core\Inc\i2c.h_save
2024-12-15 17:08:02,918 [INFO] CodeEngine:279 - Generated code: C:\Users\leona\Documents\UBM\GitLab\Precharge_Control\ST\EcoMCU\Core\Inc\i2c.h
2024-12-15 17:08:02,941 [INFO] CodeEngine:255 - oldGeneratedFile, C:\Users\leona\Documents\UBM\GitLab\Precharge_Control\ST\EcoMCU\Core\Src\icache.c_save
2024-12-15 17:08:03,121 [INFO] CodeEngine:279 - Generated code: C:\Users\leona\Documents\UBM\GitLab\Precharge_Control\ST\EcoMCU\Core\Src\icache.c
2024-12-15 17:08:03,136 [INFO] CodeEngine:255 - oldGeneratedFile, C:\Users\leona\Documents\UBM\GitLab\Precharge_Control\ST\EcoMCU\Core\Inc\icache.h_save
2024-12-15 17:08:03,272 [INFO] CodeEngine:279 - Generated code: C:\Users\leona\Documents\UBM\GitLab\Precharge_Control\ST\EcoMCU\Core\Inc\icache.h
2024-12-15 17:08:03,301 [INFO] CodeEngine:255 - oldGeneratedFile, C:\Users\leona\Documents\UBM\GitLab\Precharge_Control\ST\EcoMCU\Core\Src\memorymap.c_save
2024-12-15 17:08:03,488 [INFO] CodeEngine:279 - Generated code: C:\Users\leona\Documents\UBM\GitLab\Precharge_Control\ST\EcoMCU\Core\Src\memorymap.c
2024-12-15 17:08:03,504 [INFO] CodeEngine:255 - oldGeneratedFile, C:\Users\leona\Documents\UBM\GitLab\Precharge_Control\ST\EcoMCU\Core\Inc\memorymap.h_save
2024-12-15 17:08:03,649 [INFO] CodeEngine:279 - Generated code: C:\Users\leona\Documents\UBM\GitLab\Precharge_Control\ST\EcoMCU\Core\Inc\memorymap.h
2024-12-15 17:08:03,674 [INFO] CodeEngine:255 - oldGeneratedFile, C:\Users\leona\Documents\UBM\GitLab\Precharge_Control\ST\EcoMCU\Core\Src\rtc.c_save
2024-12-15 17:08:03,876 [INFO] CodeEngine:279 - Generated code: C:\Users\leona\Documents\UBM\GitLab\Precharge_Control\ST\EcoMCU\Core\Src\rtc.c
2024-12-15 17:08:03,888 [INFO] CodeEngine:255 - oldGeneratedFile, C:\Users\leona\Documents\UBM\GitLab\Precharge_Control\ST\EcoMCU\Core\Inc\rtc.h_save
2024-12-15 17:08:04,000 [INFO] CodeEngine:279 - Generated code: C:\Users\leona\Documents\UBM\GitLab\Precharge_Control\ST\EcoMCU\Core\Inc\rtc.h
2024-12-15 17:08:04,022 [INFO] CodeEngine:255 - oldGeneratedFile, C:\Users\leona\Documents\UBM\GitLab\Precharge_Control\ST\EcoMCU\Core\Src\tim.c_save
2024-12-15 17:08:04,163 [INFO] CodeEngine:279 - Generated code: C:\Users\leona\Documents\UBM\GitLab\Precharge_Control\ST\EcoMCU\Core\Src\tim.c
2024-12-15 17:08:04,173 [INFO] CodeEngine:255 - oldGeneratedFile, C:\Users\leona\Documents\UBM\GitLab\Precharge_Control\ST\EcoMCU\Core\Inc\tim.h_save
2024-12-15 17:08:04,278 [INFO] CodeEngine:279 - Generated code: C:\Users\leona\Documents\UBM\GitLab\Precharge_Control\ST\EcoMCU\Core\Inc\tim.h
2024-12-15 17:08:04,337 [INFO] CodeEngine:255 - oldGeneratedFile, C:\Users\leona\Documents\UBM\GitLab\Precharge_Control\ST\EcoMCU\Core\Src\stm32u5xx_it.c_save
2024-12-15 17:08:04,807 [INFO] CodeEngine:279 - Generated code: C:\Users\leona\Documents\UBM\GitLab\Precharge_Control\ST\EcoMCU\Core\Src\stm32u5xx_it.c
2024-12-15 17:08:04,824 [INFO] CodeEngine:255 - oldGeneratedFile, C:\Users\leona\Documents\UBM\GitLab\Precharge_Control\ST\EcoMCU\Core\Inc\stm32u5xx_it.h_save
2024-12-15 17:08:05,067 [INFO] CodeEngine:279 - Generated code: C:\Users\leona\Documents\UBM\GitLab\Precharge_Control\ST\EcoMCU\Core\Inc\stm32u5xx_it.h
2024-12-15 17:08:05,454 [INFO] CodeEngine:255 - oldGeneratedFile, C:\Users\leona\Documents\UBM\GitLab\Precharge_Control\ST\EcoMCU\Core\Src\stm32u5xx_hal_msp.c_save
2024-12-15 17:08:05,765 [INFO] CodeEngine:279 - Generated code: C:\Users\leona\Documents\UBM\GitLab\Precharge_Control\ST\EcoMCU\Core\Src\stm32u5xx_hal_msp.c
2024-12-15 17:08:05,776 [INFO] CodeEngine:255 - oldGeneratedFile, C:\Users\leona\Documents\UBM\GitLab\Precharge_Control\ST\EcoMCU\MXTmpFiles\system.tmp_save
2024-12-15 17:08:05,985 [INFO] CodeEngine:279 - Generated code: C:\Users\leona\Documents\UBM\GitLab\Precharge_Control\ST\EcoMCU\MXTmpFiles\system.tmp
2024-12-15 17:08:06,011 [INFO] CodeEngine:311 - oldGeneratedFile, C:\Users\leona\Documents\UBM\GitLab\Precharge_Control\ST\EcoMCU\Core\Inc\stm32u5xx_hal_conf.h_save
2024-12-15 17:08:06,124 [INFO] CodeEngine:335 - Generated code: C:\Users\leona\Documents\UBM\GitLab\Precharge_Control\ST\EcoMCU\Core\Inc\stm32u5xx_hal_conf.h
2024-12-15 17:08:06,183 [INFO] CodeEngine:255 - oldGeneratedFile, C:\Users\leona\Documents\UBM\GitLab\Precharge_Control\ST\EcoMCU\Core\Inc\main.h_save
2024-12-15 17:08:06,325 [INFO] CodeEngine:279 - Generated code: C:\Users\leona\Documents\UBM\GitLab\Precharge_Control\ST\EcoMCU\Core\Inc\main.h
2024-12-15 17:08:06,338 [INFO] CodeEngine:255 - oldGeneratedFile, C:\Users\leona\Documents\UBM\GitLab\Precharge_Control\ST\EcoMCU\Core\Src\main.c_save
2024-12-15 17:08:06,518 [INFO] CodeEngine:279 - Generated code: C:\Users\leona\Documents\UBM\GitLab\Precharge_Control\ST\EcoMCU\Core\Src\main.c
2024-12-15 17:08:07,440 [INFO] ProjectBuilder:3249 - Time for Copy HAL[1] : 421mS.
2024-12-15 17:08:07,454 [INFO] ProjectBuilder:4828 - Project Generator version: 4.5.0-B34
2024-12-15 17:08:07,657 [INFO] ConfigFileManager:1531 - The Die is : DIE455
2024-12-15 17:08:11,695 [INFO] ProjectBuilder:5097 - Time for Generating toolchain IDE Files: 4242mS.
2024-12-15 17:08:11,696 [INFO] ProjectBuilder:3107 - Time for Copy CMSIS : 1mS.
2024-12-15 17:08:11,705 [INFO] ProjectBuilder:3107 - Time for Copy CMSIS : 0mS.
2024-12-15 17:12:06,962 [INFO] NvicIntPanel:101 - NVIC parent = com.st.microxplorer.plugins.ip.nvic.MultiNvicIntPanel[,0,0,0x0,invalid,layout=javax.swing.BoxLayout,alignmentX=0.0,alignmentY=0.0,border=,flags=9,maximumSize=,minimumSize=,preferredSize=]
2024-12-15 17:12:07,044 [INFO] MemInfoExtractor:277 - EVENT_MCU_SET_IP_PARAMETER
2024-12-15 17:12:08,701 [INFO] UtilMem:75 - End SaveConfig() Used Memory: 797280000 Bytes (1073741824)
2024-12-15 17:12:10,329 [INFO] UtilMem:75 - End SaveConfig() Used Memory: 917344000 Bytes (1073741824)
2024-12-15 17:12:10,973 [INFO] BlockDiagram:2766 - set Specific Code input for plugin: TIM6_7U5
2024-12-15 17:12:10,973 [INFO] BlockDiagram:2766 - set Specific Code input for plugin: MEMORYMAP
2024-12-15 17:12:10,973 [INFO] BlockDiagram:2766 - set Specific Code input for plugin: TIM1_8U5
2024-12-15 17:12:10,973 [INFO] BlockDiagram:2766 - set Specific Code input for plugin: ADC
2024-12-15 17:12:10,973 [INFO] BlockDiagram:2766 - set Specific Code input for plugin: PWR
2024-12-15 17:12:10,973 [INFO] BlockDiagram:2766 - set Specific Code input for plugin: SYS
2024-12-15 17:12:10,973 [INFO] BlockDiagram:2766 - set Specific Code input for plugin: ADC
2024-12-15 17:12:10,974 [INFO] BlockDiagram:2766 - set Specific Code input for plugin: RCC
2024-12-15 17:12:10,974 [INFO] BlockDiagram:2766 - set Specific Code input for plugin: I2C
2024-12-15 17:12:10,974 [INFO] BlockDiagram:2766 - set Specific Code input for plugin: LPBAM
2024-12-15 17:12:10,974 [INFO] BlockDiagram:2766 - set Specific Code input for plugin: RTC
2024-12-15 17:12:10,974 [INFO] BlockDiagram:2766 - set Specific Code input for plugin: NVIC
2024-12-15 17:12:10,974 [INFO] BlockDiagram:2766 - set Specific Code input for plugin: ICACHE
2024-12-15 17:12:10,974 [INFO] BlockDiagram:2766 - set Specific Code input for plugin: DEBUG
2024-12-15 17:12:10,975 [INFO] BlockDiagram:2766 - set Specific Code input for plugin: GPIO
2024-12-15 17:12:10,975 [INFO] BlockDiagram:2766 - set Specific Code input for plugin: FDCAN
2024-12-15 17:12:10,975 [INFO] BlockDiagram:2766 - set Specific Code input for plugin: LPBAMQUEUE
2024-12-15 17:12:10,976 [INFO] CodeGenerator:807 - code generatio: config db path: C:\ST\STM32CubeIDE_1.16.1\STM32CubeIDE\plugins\com.st.stm32cube.common.mx_6.12.1.202409122256\\db\
2024-12-15 17:12:11,197 [WARN] IP:2191 - OutPut1 not found: check if there is a RefParameter without a condition.
2024-12-15 17:12:11,197 [WARN] IP:2191 - OutPut2 not found: check if there is a RefParameter without a condition.
2024-12-15 17:12:11,197 [WARN] IP:2191 - OutPut3 not found: check if there is a RefParameter without a condition.
2024-12-15 17:12:11,198 [WARN] IP:2191 - BinMixBcdU not found: check if there is a RefParameter without a condition.
2024-12-15 17:12:11,198 [WARN] IP:2191 - SSRU_Underflow_Interrupt not found: check if there is a RefParameter without a condition.
2024-12-15 17:12:11,198 [WARN] IP:2191 - rtcSecureFull not found: check if there is a RefParameter without a condition.
2024-12-15 17:12:11,198 [WARN] IP:2191 - rtcNonSecureFeatures not found: check if there is a RefParameter without a condition.
2024-12-15 17:12:11,198 [WARN] IP:2191 - RTC_NONSECURE_FEATURE_NONE not found: check if there is a RefParameter without a condition.
2024-12-15 17:12:11,198 [WARN] IP:2191 - RTC_NONSECURE_FEATURE_INIT not found: check if there is a RefParameter without a condition.
2024-12-15 17:12:11,199 [WARN] IP:2191 - RTC_NONSECURE_FEATURE_ALRA not found: check if there is a RefParameter without a condition.
2024-12-15 17:12:11,199 [WARN] IP:2191 - RTC_NONSECURE_FEATURE_ALRB not found: check if there is a RefParameter without a condition.
2024-12-15 17:12:11,199 [WARN] IP:2191 - RTC_NONSECURE_FEATURE_TS not found: check if there is a RefParameter without a condition.
2024-12-15 17:12:11,199 [WARN] IP:2191 - RTC_NONSECURE_FEATURE_CAL not found: check if there is a RefParameter without a condition.
2024-12-15 17:12:11,199 [WARN] IP:2191 - RTC_NONSECURE_FEATURE_WUT not found: check if there is a RefParameter without a condition.
2024-12-15 17:12:11,199 [WARN] IP:2191 - Sec_BKP_Registers1 not found: check if there is a RefParameter without a condition.
2024-12-15 17:12:11,200 [WARN] IP:2191 - backupRegisterStartZone2_gS not found: check if there is a RefParameter without a condition.
2024-12-15 17:12:11,200 [WARN] IP:2191 - backupRegisterStartZone3_gS not found: check if there is a RefParameter without a condition.
2024-12-15 17:12:11,201 [WARN] IP:2191 - SSRU_Underflow_Interrupt not found: check if there is a RefParameter without a condition.
2024-12-15 17:12:11,201 [WARN] IP:2191 - BinMixBcdU not found: check if there is a RefParameter without a condition.
2024-12-15 17:12:11,514 [INFO] CodeEngine:255 - oldGeneratedFile, C:\Users\leona\Documents\UBM\GitLab\Precharge_Control\ST\EcoMCU\MXTmpFiles\license.tmp_save
2024-12-15 17:12:11,642 [INFO] CodeEngine:279 - Generated code: C:\Users\leona\Documents\UBM\GitLab\Precharge_Control\ST\EcoMCU\MXTmpFiles\license.tmp
2024-12-15 17:12:11,818 [INFO] CodeEngine:255 - oldGeneratedFile, C:\Users\leona\Documents\UBM\GitLab\Precharge_Control\ST\EcoMCU\Core\Src\gpio.c_save
2024-12-15 17:12:11,929 [INFO] CodeEngine:279 - Generated code: C:\Users\leona\Documents\UBM\GitLab\Precharge_Control\ST\EcoMCU\Core\Src\gpio.c
2024-12-15 17:12:11,941 [INFO] CodeEngine:255 - oldGeneratedFile, C:\Users\leona\Documents\UBM\GitLab\Precharge_Control\ST\EcoMCU\Core\Inc\gpio.h_save
2024-12-15 17:12:12,119 [INFO] CodeEngine:279 - Generated code: C:\Users\leona\Documents\UBM\GitLab\Precharge_Control\ST\EcoMCU\Core\Inc\gpio.h
2024-12-15 17:12:12,710 [WARN] IPConfigManager:98 - WARNING: Missing Config File for DEBUG ip!!
2024-12-15 17:12:13,682 [WARN] IPConfigManager:98 - WARNING: Missing Config File for MEMORYMAP ip!!
2024-12-15 17:12:13,682 [WARN] IP:2191 - DefaultDataRegion not found: check if there is a RefParameter without a condition.
2024-12-15 17:12:14,121 [WARN] IP:2191 - OutPut1 not found: check if there is a RefParameter without a condition.
2024-12-15 17:12:14,121 [WARN] IP:2191 - OutPut2 not found: check if there is a RefParameter without a condition.
2024-12-15 17:12:14,122 [WARN] IP:2191 - OutPut3 not found: check if there is a RefParameter without a condition.
2024-12-15 17:12:14,122 [WARN] IP:2191 - BinMixBcdU not found: check if there is a RefParameter without a condition.
2024-12-15 17:12:14,122 [WARN] IP:2191 - SSRU_Underflow_Interrupt not found: check if there is a RefParameter without a condition.
2024-12-15 17:12:14,122 [WARN] IP:2191 - rtcSecureFull not found: check if there is a RefParameter without a condition.
2024-12-15 17:12:14,122 [WARN] IP:2191 - rtcNonSecureFeatures not found: check if there is a RefParameter without a condition.
2024-12-15 17:12:14,123 [WARN] IP:2191 - RTC_NONSECURE_FEATURE_NONE not found: check if there is a RefParameter without a condition.
2024-12-15 17:12:14,124 [WARN] IP:2191 - RTC_NONSECURE_FEATURE_INIT not found: check if there is a RefParameter without a condition.
2024-12-15 17:12:14,124 [WARN] IP:2191 - RTC_NONSECURE_FEATURE_ALRA not found: check if there is a RefParameter without a condition.
2024-12-15 17:12:14,124 [WARN] IP:2191 - RTC_NONSECURE_FEATURE_ALRB not found: check if there is a RefParameter without a condition.
2024-12-15 17:12:14,124 [WARN] IP:2191 - RTC_NONSECURE_FEATURE_TS not found: check if there is a RefParameter without a condition.
2024-12-15 17:12:14,124 [WARN] IP:2191 - RTC_NONSECURE_FEATURE_CAL not found: check if there is a RefParameter without a condition.
2024-12-15 17:12:14,124 [WARN] IP:2191 - RTC_NONSECURE_FEATURE_WUT not found: check if there is a RefParameter without a condition.
2024-12-15 17:12:14,125 [WARN] IP:2191 - Sec_BKP_Registers1 not found: check if there is a RefParameter without a condition.
2024-12-15 17:12:14,125 [WARN] IP:2191 - backupRegisterStartZone2_gS not found: check if there is a RefParameter without a condition.
2024-12-15 17:12:14,125 [WARN] IP:2191 - backupRegisterStartZone3_gS not found: check if there is a RefParameter without a condition.
2024-12-15 17:12:15,517 [INFO] CodeEngine:255 - oldGeneratedFile, C:\Users\leona\Documents\UBM\GitLab\Precharge_Control\ST\EcoMCU\Core\Src\adc.c_save
2024-12-15 17:12:15,745 [INFO] CodeEngine:279 - Generated code: C:\Users\leona\Documents\UBM\GitLab\Precharge_Control\ST\EcoMCU\Core\Src\adc.c
2024-12-15 17:12:15,763 [INFO] CodeEngine:255 - oldGeneratedFile, C:\Users\leona\Documents\UBM\GitLab\Precharge_Control\ST\EcoMCU\Core\Inc\adc.h_save
2024-12-15 17:12:15,926 [INFO] CodeEngine:279 - Generated code: C:\Users\leona\Documents\UBM\GitLab\Precharge_Control\ST\EcoMCU\Core\Inc\adc.h
2024-12-15 17:12:15,944 [INFO] CodeEngine:255 - oldGeneratedFile, C:\Users\leona\Documents\UBM\GitLab\Precharge_Control\ST\EcoMCU\MXTmpFiles\cortex.tmp_save
2024-12-15 17:12:16,054 [INFO] CodeEngine:279 - Generated code: C:\Users\leona\Documents\UBM\GitLab\Precharge_Control\ST\EcoMCU\MXTmpFiles\cortex.tmp
2024-12-15 17:12:16,078 [INFO] CodeEngine:255 - oldGeneratedFile, C:\Users\leona\Documents\UBM\GitLab\Precharge_Control\ST\EcoMCU\Core\Src\fdcan.c_save
2024-12-15 17:12:16,250 [INFO] CodeEngine:279 - Generated code: C:\Users\leona\Documents\UBM\GitLab\Precharge_Control\ST\EcoMCU\Core\Src\fdcan.c
2024-12-15 17:12:16,268 [INFO] CodeEngine:255 - oldGeneratedFile, C:\Users\leona\Documents\UBM\GitLab\Precharge_Control\ST\EcoMCU\Core\Inc\fdcan.h_save
2024-12-15 17:12:16,429 [INFO] CodeEngine:279 - Generated code: C:\Users\leona\Documents\UBM\GitLab\Precharge_Control\ST\EcoMCU\Core\Inc\fdcan.h
2024-12-15 17:12:16,456 [INFO] CodeEngine:255 - oldGeneratedFile, C:\Users\leona\Documents\UBM\GitLab\Precharge_Control\ST\EcoMCU\Core\Src\i2c.c_save
2024-12-15 17:12:16,653 [INFO] CodeEngine:279 - Generated code: C:\Users\leona\Documents\UBM\GitLab\Precharge_Control\ST\EcoMCU\Core\Src\i2c.c
2024-12-15 17:12:16,665 [INFO] CodeEngine:255 - oldGeneratedFile, C:\Users\leona\Documents\UBM\GitLab\Precharge_Control\ST\EcoMCU\Core\Inc\i2c.h_save
2024-12-15 17:12:16,793 [INFO] CodeEngine:279 - Generated code: C:\Users\leona\Documents\UBM\GitLab\Precharge_Control\ST\EcoMCU\Core\Inc\i2c.h
2024-12-15 17:12:16,813 [INFO] CodeEngine:255 - oldGeneratedFile, C:\Users\leona\Documents\UBM\GitLab\Precharge_Control\ST\EcoMCU\Core\Src\icache.c_save
2024-12-15 17:12:16,943 [INFO] CodeEngine:279 - Generated code: C:\Users\leona\Documents\UBM\GitLab\Precharge_Control\ST\EcoMCU\Core\Src\icache.c
2024-12-15 17:12:16,952 [INFO] CodeEngine:255 - oldGeneratedFile, C:\Users\leona\Documents\UBM\GitLab\Precharge_Control\ST\EcoMCU\Core\Inc\icache.h_save
2024-12-15 17:12:17,050 [INFO] CodeEngine:279 - Generated code: C:\Users\leona\Documents\UBM\GitLab\Precharge_Control\ST\EcoMCU\Core\Inc\icache.h
2024-12-15 17:12:17,069 [INFO] CodeEngine:255 - oldGeneratedFile, C:\Users\leona\Documents\UBM\GitLab\Precharge_Control\ST\EcoMCU\Core\Src\memorymap.c_save
2024-12-15 17:12:17,198 [INFO] CodeEngine:279 - Generated code: C:\Users\leona\Documents\UBM\GitLab\Precharge_Control\ST\EcoMCU\Core\Src\memorymap.c
2024-12-15 17:12:17,211 [INFO] CodeEngine:255 - oldGeneratedFile, C:\Users\leona\Documents\UBM\GitLab\Precharge_Control\ST\EcoMCU\Core\Inc\memorymap.h_save
2024-12-15 17:12:17,313 [INFO] CodeEngine:279 - Generated code: C:\Users\leona\Documents\UBM\GitLab\Precharge_Control\ST\EcoMCU\Core\Inc\memorymap.h
2024-12-15 17:12:17,334 [INFO] CodeEngine:255 - oldGeneratedFile, C:\Users\leona\Documents\UBM\GitLab\Precharge_Control\ST\EcoMCU\Core\Src\rtc.c_save
2024-12-15 17:12:17,483 [INFO] CodeEngine:279 - Generated code: C:\Users\leona\Documents\UBM\GitLab\Precharge_Control\ST\EcoMCU\Core\Src\rtc.c
2024-12-15 17:12:17,495 [INFO] CodeEngine:255 - oldGeneratedFile, C:\Users\leona\Documents\UBM\GitLab\Precharge_Control\ST\EcoMCU\Core\Inc\rtc.h_save
2024-12-15 17:12:17,599 [INFO] CodeEngine:279 - Generated code: C:\Users\leona\Documents\UBM\GitLab\Precharge_Control\ST\EcoMCU\Core\Inc\rtc.h
2024-12-15 17:12:17,621 [INFO] CodeEngine:255 - oldGeneratedFile, C:\Users\leona\Documents\UBM\GitLab\Precharge_Control\ST\EcoMCU\Core\Src\tim.c_save
2024-12-15 17:12:17,790 [INFO] CodeEngine:279 - Generated code: C:\Users\leona\Documents\UBM\GitLab\Precharge_Control\ST\EcoMCU\Core\Src\tim.c
2024-12-15 17:12:17,806 [INFO] CodeEngine:255 - oldGeneratedFile, C:\Users\leona\Documents\UBM\GitLab\Precharge_Control\ST\EcoMCU\Core\Inc\tim.h_save
2024-12-15 17:12:17,937 [INFO] CodeEngine:279 - Generated code: C:\Users\leona\Documents\UBM\GitLab\Precharge_Control\ST\EcoMCU\Core\Inc\tim.h
2024-12-15 17:12:18,016 [INFO] CodeEngine:255 - oldGeneratedFile, C:\Users\leona\Documents\UBM\GitLab\Precharge_Control\ST\EcoMCU\Core\Src\stm32u5xx_it.c_save
2024-12-15 17:12:18,368 [INFO] CodeEngine:279 - Generated code: C:\Users\leona\Documents\UBM\GitLab\Precharge_Control\ST\EcoMCU\Core\Src\stm32u5xx_it.c
2024-12-15 17:12:18,379 [INFO] CodeEngine:255 - oldGeneratedFile, C:\Users\leona\Documents\UBM\GitLab\Precharge_Control\ST\EcoMCU\Core\Inc\stm32u5xx_it.h_save
2024-12-15 17:12:18,474 [INFO] CodeEngine:279 - Generated code: C:\Users\leona\Documents\UBM\GitLab\Precharge_Control\ST\EcoMCU\Core\Inc\stm32u5xx_it.h
2024-12-15 17:12:18,781 [INFO] CodeEngine:255 - oldGeneratedFile, C:\Users\leona\Documents\UBM\GitLab\Precharge_Control\ST\EcoMCU\Core\Src\stm32u5xx_hal_msp.c_save
2024-12-15 17:12:18,997 [INFO] CodeEngine:279 - Generated code: C:\Users\leona\Documents\UBM\GitLab\Precharge_Control\ST\EcoMCU\Core\Src\stm32u5xx_hal_msp.c
2024-12-15 17:12:19,005 [INFO] CodeEngine:255 - oldGeneratedFile, C:\Users\leona\Documents\UBM\GitLab\Precharge_Control\ST\EcoMCU\MXTmpFiles\system.tmp_save
2024-12-15 17:12:19,158 [INFO] CodeEngine:279 - Generated code: C:\Users\leona\Documents\UBM\GitLab\Precharge_Control\ST\EcoMCU\MXTmpFiles\system.tmp
2024-12-15 17:12:19,185 [INFO] CodeEngine:311 - oldGeneratedFile, C:\Users\leona\Documents\UBM\GitLab\Precharge_Control\ST\EcoMCU\Core\Inc\stm32u5xx_hal_conf.h_save
2024-12-15 17:12:19,348 [INFO] CodeEngine:335 - Generated code: C:\Users\leona\Documents\UBM\GitLab\Precharge_Control\ST\EcoMCU\Core\Inc\stm32u5xx_hal_conf.h
2024-12-15 17:12:19,429 [INFO] CodeEngine:255 - oldGeneratedFile, C:\Users\leona\Documents\UBM\GitLab\Precharge_Control\ST\EcoMCU\Core\Inc\main.h_save
2024-12-15 17:12:19,638 [INFO] CodeEngine:279 - Generated code: C:\Users\leona\Documents\UBM\GitLab\Precharge_Control\ST\EcoMCU\Core\Inc\main.h
2024-12-15 17:12:19,651 [INFO] CodeEngine:255 - oldGeneratedFile, C:\Users\leona\Documents\UBM\GitLab\Precharge_Control\ST\EcoMCU\Core\Src\main.c_save
2024-12-15 17:12:19,855 [INFO] CodeEngine:279 - Generated code: C:\Users\leona\Documents\UBM\GitLab\Precharge_Control\ST\EcoMCU\Core\Src\main.c
2024-12-15 17:12:20,655 [INFO] ProjectBuilder:3249 - Time for Copy HAL[1] : 383mS.
2024-12-15 17:12:20,665 [INFO] ProjectBuilder:4828 - Project Generator version: 4.5.0-B34
2024-12-15 17:12:20,836 [INFO] ConfigFileManager:1531 - The Die is : DIE455
2024-12-15 17:12:23,535 [INFO] ProjectBuilder:5097 - Time for Generating toolchain IDE Files: 2870mS.
2024-12-15 17:12:23,536 [INFO] ProjectBuilder:3107 - Time for Copy CMSIS : 1mS.
2024-12-15 17:12:23,548 [INFO] ProjectBuilder:3107 - Time for Copy CMSIS : 0mS.
2024-12-15 17:14:36,380 [INFO] LogOutputStream:77 - [STDOUT_REDIRECT] Nominal 
2024-12-15 17:14:36,448 [INFO] I2cTimingTraitement:330 - 0x30909DEC
2024-12-15 17:19:50,237 [ERROR] ConfigurationRetriever:142 - IOException on connection: Read timed out
2024-12-15 17:24:09,155 [ERROR] ConfigurationRetriever:142 - IOException on connection: Read timed out
2024-12-15 17:24:11,551 [ERROR] ConfigurationRetriever:142 - IOException on connection: Read timed out
2024-12-15 17:25:00,983 [INFO] NvicIntPanel:101 - NVIC parent = com.st.microxplorer.plugins.ip.nvic.MultiNvicIntPanel[,0,0,0x0,invalid,layout=javax.swing.BoxLayout,alignmentX=0.0,alignmentY=0.0,border=,flags=9,maximumSize=,minimumSize=,preferredSize=]
2024-12-15 17:25:01,032 [INFO] MemInfoExtractor:277 - EVENT_MCU_SET_IP_PARAMETER
2024-12-15 17:25:03,647 [INFO] UtilMem:75 - End SaveConfig() Used Memory: 921647200 Bytes (1073741824)
2024-12-15 17:25:05,825 [INFO] UtilMem:75 - End SaveConfig() Used Memory: 854861568 Bytes (1073741824)
2024-12-15 17:25:06,774 [INFO] BlockDiagram:2766 - set Specific Code input for plugin: TIM6_7U5
2024-12-15 17:25:06,775 [INFO] BlockDiagram:2766 - set Specific Code input for plugin: MEMORYMAP
2024-12-15 17:25:06,775 [INFO] BlockDiagram:2766 - set Specific Code input for plugin: TIM1_8U5
2024-12-15 17:25:06,775 [INFO] BlockDiagram:2766 - set Specific Code input for plugin: ADC
2024-12-15 17:25:06,775 [INFO] BlockDiagram:2766 - set Specific Code input for plugin: PWR
2024-12-15 17:25:06,775 [INFO] BlockDiagram:2766 - set Specific Code input for plugin: SYS
2024-12-15 17:25:06,775 [INFO] BlockDiagram:2766 - set Specific Code input for plugin: ADC
2024-12-15 17:25:06,775 [INFO] BlockDiagram:2766 - set Specific Code input for plugin: RCC
2024-12-15 17:25:06,775 [INFO] BlockDiagram:2766 - set Specific Code input for plugin: I2C
2024-12-15 17:25:06,775 [INFO] BlockDiagram:2766 - set Specific Code input for plugin: LPBAM
2024-12-15 17:25:06,775 [INFO] BlockDiagram:2766 - set Specific Code input for plugin: RTC
2024-12-15 17:25:06,775 [INFO] BlockDiagram:2766 - set Specific Code input for plugin: NVIC
2024-12-15 17:25:06,776 [INFO] BlockDiagram:2766 - set Specific Code input for plugin: ICACHE
2024-12-15 17:25:06,776 [INFO] BlockDiagram:2766 - set Specific Code input for plugin: DEBUG
2024-12-15 17:25:06,776 [INFO] BlockDiagram:2766 - set Specific Code input for plugin: GPIO
2024-12-15 17:25:06,776 [INFO] BlockDiagram:2766 - set Specific Code input for plugin: FDCAN
2024-12-15 17:25:06,777 [INFO] BlockDiagram:2766 - set Specific Code input for plugin: LPBAMQUEUE
2024-12-15 17:25:06,778 [INFO] CodeGenerator:807 - code generatio: config db path: C:\ST\STM32CubeIDE_1.16.1\STM32CubeIDE\plugins\com.st.stm32cube.common.mx_6.12.1.202409122256\\db\
2024-12-15 17:25:07,045 [WARN] IP:2191 - OutPut1 not found: check if there is a RefParameter without a condition.
2024-12-15 17:25:07,045 [WARN] IP:2191 - OutPut2 not found: check if there is a RefParameter without a condition.
2024-12-15 17:25:07,045 [WARN] IP:2191 - OutPut3 not found: check if there is a RefParameter without a condition.
2024-12-15 17:25:07,046 [WARN] IP:2191 - BinMixBcdU not found: check if there is a RefParameter without a condition.
2024-12-15 17:25:07,046 [WARN] IP:2191 - SSRU_Underflow_Interrupt not found: check if there is a RefParameter without a condition.
2024-12-15 17:25:07,046 [WARN] IP:2191 - rtcSecureFull not found: check if there is a RefParameter without a condition.
2024-12-15 17:25:07,046 [WARN] IP:2191 - rtcNonSecureFeatures not found: check if there is a RefParameter without a condition.
2024-12-15 17:25:07,046 [WARN] IP:2191 - RTC_NONSECURE_FEATURE_NONE not found: check if there is a RefParameter without a condition.
2024-12-15 17:25:07,046 [WARN] IP:2191 - RTC_NONSECURE_FEATURE_INIT not found: check if there is a RefParameter without a condition.
2024-12-15 17:25:07,046 [WARN] IP:2191 - RTC_NONSECURE_FEATURE_ALRA not found: check if there is a RefParameter without a condition.
2024-12-15 17:25:07,046 [WARN] IP:2191 - RTC_NONSECURE_FEATURE_ALRB not found: check if there is a RefParameter without a condition.
2024-12-15 17:25:07,046 [WARN] IP:2191 - RTC_NONSECURE_FEATURE_TS not found: check if there is a RefParameter without a condition.
2024-12-15 17:25:07,046 [WARN] IP:2191 - RTC_NONSECURE_FEATURE_CAL not found: check if there is a RefParameter without a condition.
2024-12-15 17:25:07,046 [WARN] IP:2191 - RTC_NONSECURE_FEATURE_WUT not found: check if there is a RefParameter without a condition.
2024-12-15 17:25:07,046 [WARN] IP:2191 - Sec_BKP_Registers1 not found: check if there is a RefParameter without a condition.
2024-12-15 17:25:07,047 [WARN] IP:2191 - backupRegisterStartZone2_gS not found: check if there is a RefParameter without a condition.
2024-12-15 17:25:07,047 [WARN] IP:2191 - backupRegisterStartZone3_gS not found: check if there is a RefParameter without a condition.
2024-12-15 17:25:07,048 [WARN] IP:2191 - SSRU_Underflow_Interrupt not found: check if there is a RefParameter without a condition.
2024-12-15 17:25:07,048 [WARN] IP:2191 - BinMixBcdU not found: check if there is a RefParameter without a condition.
2024-12-15 17:25:07,385 [INFO] CodeEngine:255 - oldGeneratedFile, C:\Users\leona\Documents\UBM\GitLab\Precharge_Control\ST\EcoMCU\MXTmpFiles\license.tmp_save
2024-12-15 17:25:07,578 [INFO] CodeEngine:279 - Generated code: C:\Users\leona\Documents\UBM\GitLab\Precharge_Control\ST\EcoMCU\MXTmpFiles\license.tmp
2024-12-15 17:25:07,820 [INFO] CodeEngine:255 - oldGeneratedFile, C:\Users\leona\Documents\UBM\GitLab\Precharge_Control\ST\EcoMCU\Core\Src\gpio.c_save
2024-12-15 17:25:07,977 [INFO] CodeEngine:279 - Generated code: C:\Users\leona\Documents\UBM\GitLab\Precharge_Control\ST\EcoMCU\Core\Src\gpio.c
2024-12-15 17:25:07,988 [INFO] CodeEngine:255 - oldGeneratedFile, C:\Users\leona\Documents\UBM\GitLab\Precharge_Control\ST\EcoMCU\Core\Inc\gpio.h_save
2024-12-15 17:25:08,113 [INFO] CodeEngine:279 - Generated code: C:\Users\leona\Documents\UBM\GitLab\Precharge_Control\ST\EcoMCU\Core\Inc\gpio.h
2024-12-15 17:25:08,767 [WARN] IPConfigManager:98 - WARNING: Missing Config File for DEBUG ip!!
2024-12-15 17:25:09,480 [WARN] IPConfigManager:98 - WARNING: Missing Config File for MEMORYMAP ip!!
2024-12-15 17:25:09,481 [WARN] IP:2191 - DefaultDataRegion not found: check if there is a RefParameter without a condition.
2024-12-15 17:25:09,902 [WARN] IP:2191 - OutPut1 not found: check if there is a RefParameter without a condition.
2024-12-15 17:25:09,902 [WARN] IP:2191 - OutPut2 not found: check if there is a RefParameter without a condition.
2024-12-15 17:25:09,902 [WARN] IP:2191 - OutPut3 not found: check if there is a RefParameter without a condition.
2024-12-15 17:25:09,902 [WARN] IP:2191 - BinMixBcdU not found: check if there is a RefParameter without a condition.
2024-12-15 17:25:09,903 [WARN] IP:2191 - SSRU_Underflow_Interrupt not found: check if there is a RefParameter without a condition.
2024-12-15 17:25:09,903 [WARN] IP:2191 - rtcSecureFull not found: check if there is a RefParameter without a condition.
2024-12-15 17:25:09,903 [WARN] IP:2191 - rtcNonSecureFeatures not found: check if there is a RefParameter without a condition.
2024-12-15 17:25:09,903 [WARN] IP:2191 - RTC_NONSECURE_FEATURE_NONE not found: check if there is a RefParameter without a condition.
2024-12-15 17:25:09,903 [WARN] IP:2191 - RTC_NONSECURE_FEATURE_INIT not found: check if there is a RefParameter without a condition.
2024-12-15 17:25:09,903 [WARN] IP:2191 - RTC_NONSECURE_FEATURE_ALRA not found: check if there is a RefParameter without a condition.
2024-12-15 17:25:09,903 [WARN] IP:2191 - RTC_NONSECURE_FEATURE_ALRB not found: check if there is a RefParameter without a condition.
2024-12-15 17:25:09,903 [WARN] IP:2191 - RTC_NONSECURE_FEATURE_TS not found: check if there is a RefParameter without a condition.
2024-12-15 17:25:09,903 [WARN] IP:2191 - RTC_NONSECURE_FEATURE_CAL not found: check if there is a RefParameter without a condition.
2024-12-15 17:25:09,903 [WARN] IP:2191 - RTC_NONSECURE_FEATURE_WUT not found: check if there is a RefParameter without a condition.
2024-12-15 17:25:09,903 [WARN] IP:2191 - Sec_BKP_Registers1 not found: check if there is a RefParameter without a condition.
2024-12-15 17:25:09,903 [WARN] IP:2191 - backupRegisterStartZone2_gS not found: check if there is a RefParameter without a condition.
2024-12-15 17:25:09,903 [WARN] IP:2191 - backupRegisterStartZone3_gS not found: check if there is a RefParameter without a condition.
2024-12-15 17:25:11,001 [INFO] CodeEngine:255 - oldGeneratedFile, C:\Users\leona\Documents\UBM\GitLab\Precharge_Control\ST\EcoMCU\Core\Src\adc.c_save
2024-12-15 17:25:11,260 [INFO] CodeEngine:279 - Generated code: C:\Users\leona\Documents\UBM\GitLab\Precharge_Control\ST\EcoMCU\Core\Src\adc.c
2024-12-15 17:25:11,274 [INFO] CodeEngine:255 - oldGeneratedFile, C:\Users\leona\Documents\UBM\GitLab\Precharge_Control\ST\EcoMCU\Core\Inc\adc.h_save
2024-12-15 17:25:11,399 [INFO] CodeEngine:279 - Generated code: C:\Users\leona\Documents\UBM\GitLab\Precharge_Control\ST\EcoMCU\Core\Inc\adc.h
2024-12-15 17:25:11,419 [INFO] CodeEngine:255 - oldGeneratedFile, C:\Users\leona\Documents\UBM\GitLab\Precharge_Control\ST\EcoMCU\MXTmpFiles\cortex.tmp_save
2024-12-15 17:25:11,544 [INFO] CodeEngine:279 - Generated code: C:\Users\leona\Documents\UBM\GitLab\Precharge_Control\ST\EcoMCU\MXTmpFiles\cortex.tmp
2024-12-15 17:25:11,566 [INFO] CodeEngine:255 - oldGeneratedFile, C:\Users\leona\Documents\UBM\GitLab\Precharge_Control\ST\EcoMCU\Core\Src\fdcan.c_save
2024-12-15 17:25:11,804 [INFO] CodeEngine:279 - Generated code: C:\Users\leona\Documents\UBM\GitLab\Precharge_Control\ST\EcoMCU\Core\Src\fdcan.c
2024-12-15 17:25:11,818 [INFO] CodeEngine:255 - oldGeneratedFile, C:\Users\leona\Documents\UBM\GitLab\Precharge_Control\ST\EcoMCU\Core\Inc\fdcan.h_save
2024-12-15 17:25:11,947 [INFO] CodeEngine:279 - Generated code: C:\Users\leona\Documents\UBM\GitLab\Precharge_Control\ST\EcoMCU\Core\Inc\fdcan.h
2024-12-15 17:25:11,970 [INFO] CodeEngine:255 - oldGeneratedFile, C:\Users\leona\Documents\UBM\GitLab\Precharge_Control\ST\EcoMCU\Core\Src\i2c.c_save
2024-12-15 17:25:12,149 [INFO] CodeEngine:279 - Generated code: C:\Users\leona\Documents\UBM\GitLab\Precharge_Control\ST\EcoMCU\Core\Src\i2c.c
2024-12-15 17:25:12,162 [INFO] CodeEngine:255 - oldGeneratedFile, C:\Users\leona\Documents\UBM\GitLab\Precharge_Control\ST\EcoMCU\Core\Inc\i2c.h_save
2024-12-15 17:25:12,280 [INFO] CodeEngine:279 - Generated code: C:\Users\leona\Documents\UBM\GitLab\Precharge_Control\ST\EcoMCU\Core\Inc\i2c.h
2024-12-15 17:25:12,303 [INFO] CodeEngine:255 - oldGeneratedFile, C:\Users\leona\Documents\UBM\GitLab\Precharge_Control\ST\EcoMCU\Core\Src\icache.c_save
2024-12-15 17:25:12,448 [INFO] CodeEngine:279 - Generated code: C:\Users\leona\Documents\UBM\GitLab\Precharge_Control\ST\EcoMCU\Core\Src\icache.c
2024-12-15 17:25:12,462 [INFO] CodeEngine:255 - oldGeneratedFile, C:\Users\leona\Documents\UBM\GitLab\Precharge_Control\ST\EcoMCU\Core\Inc\icache.h_save
2024-12-15 17:25:12,587 [INFO] CodeEngine:279 - Generated code: C:\Users\leona\Documents\UBM\GitLab\Precharge_Control\ST\EcoMCU\Core\Inc\icache.h
2024-12-15 17:25:12,612 [INFO] CodeEngine:255 - oldGeneratedFile, C:\Users\leona\Documents\UBM\GitLab\Precharge_Control\ST\EcoMCU\Core\Src\memorymap.c_save
2024-12-15 17:25:12,762 [INFO] CodeEngine:279 - Generated code: C:\Users\leona\Documents\UBM\GitLab\Precharge_Control\ST\EcoMCU\Core\Src\memorymap.c
2024-12-15 17:25:12,772 [INFO] CodeEngine:255 - oldGeneratedFile, C:\Users\leona\Documents\UBM\GitLab\Precharge_Control\ST\EcoMCU\Core\Inc\memorymap.h_save
2024-12-15 17:25:12,896 [INFO] CodeEngine:279 - Generated code: C:\Users\leona\Documents\UBM\GitLab\Precharge_Control\ST\EcoMCU\Core\Inc\memorymap.h
2024-12-15 17:25:12,919 [INFO] CodeEngine:255 - oldGeneratedFile, C:\Users\leona\Documents\UBM\GitLab\Precharge_Control\ST\EcoMCU\Core\Src\rtc.c_save
2024-12-15 17:25:13,103 [INFO] CodeEngine:279 - Generated code: C:\Users\leona\Documents\UBM\GitLab\Precharge_Control\ST\EcoMCU\Core\Src\rtc.c
2024-12-15 17:25:13,114 [INFO] CodeEngine:255 - oldGeneratedFile, C:\Users\leona\Documents\UBM\GitLab\Precharge_Control\ST\EcoMCU\Core\Inc\rtc.h_save
2024-12-15 17:25:13,221 [INFO] CodeEngine:279 - Generated code: C:\Users\leona\Documents\UBM\GitLab\Precharge_Control\ST\EcoMCU\Core\Inc\rtc.h
2024-12-15 17:25:13,247 [INFO] CodeEngine:255 - oldGeneratedFile, C:\Users\leona\Documents\UBM\GitLab\Precharge_Control\ST\EcoMCU\Core\Src\tim.c_save
2024-12-15 17:25:13,402 [INFO] CodeEngine:279 - Generated code: C:\Users\leona\Documents\UBM\GitLab\Precharge_Control\ST\EcoMCU\Core\Src\tim.c
2024-12-15 17:25:13,414 [INFO] CodeEngine:255 - oldGeneratedFile, C:\Users\leona\Documents\UBM\GitLab\Precharge_Control\ST\EcoMCU\Core\Inc\tim.h_save
2024-12-15 17:25:13,532 [INFO] CodeEngine:279 - Generated code: C:\Users\leona\Documents\UBM\GitLab\Precharge_Control\ST\EcoMCU\Core\Inc\tim.h
2024-12-15 17:25:13,581 [INFO] CodeEngine:255 - oldGeneratedFile, C:\Users\leona\Documents\UBM\GitLab\Precharge_Control\ST\EcoMCU\Core\Src\stm32u5xx_it.c_save
2024-12-15 17:25:13,873 [INFO] CodeEngine:279 - Generated code: C:\Users\leona\Documents\UBM\GitLab\Precharge_Control\ST\EcoMCU\Core\Src\stm32u5xx_it.c
2024-12-15 17:25:13,886 [INFO] CodeEngine:255 - oldGeneratedFile, C:\Users\leona\Documents\UBM\GitLab\Precharge_Control\ST\EcoMCU\Core\Inc\stm32u5xx_it.h_save
2024-12-15 17:25:13,990 [INFO] CodeEngine:279 - Generated code: C:\Users\leona\Documents\UBM\GitLab\Precharge_Control\ST\EcoMCU\Core\Inc\stm32u5xx_it.h
2024-12-15 17:25:14,189 [INFO] CodeEngine:255 - oldGeneratedFile, C:\Users\leona\Documents\UBM\GitLab\Precharge_Control\ST\EcoMCU\Core\Src\stm32u5xx_hal_msp.c_save
2024-12-15 17:25:14,329 [INFO] CodeEngine:279 - Generated code: C:\Users\leona\Documents\UBM\GitLab\Precharge_Control\ST\EcoMCU\Core\Src\stm32u5xx_hal_msp.c
2024-12-15 17:25:14,336 [INFO] CodeEngine:255 - oldGeneratedFile, C:\Users\leona\Documents\UBM\GitLab\Precharge_Control\ST\EcoMCU\MXTmpFiles\system.tmp_save
2024-12-15 17:25:14,482 [INFO] CodeEngine:279 - Generated code: C:\Users\leona\Documents\UBM\GitLab\Precharge_Control\ST\EcoMCU\MXTmpFiles\system.tmp
2024-12-15 17:25:14,506 [INFO] CodeEngine:311 - oldGeneratedFile, C:\Users\leona\Documents\UBM\GitLab\Precharge_Control\ST\EcoMCU\Core\Inc\stm32u5xx_hal_conf.h_save
2024-12-15 17:25:14,649 [INFO] CodeEngine:335 - Generated code: C:\Users\leona\Documents\UBM\GitLab\Precharge_Control\ST\EcoMCU\Core\Inc\stm32u5xx_hal_conf.h
2024-12-15 17:25:14,702 [INFO] CodeEngine:255 - oldGeneratedFile, C:\Users\leona\Documents\UBM\GitLab\Precharge_Control\ST\EcoMCU\Core\Inc\main.h_save
2024-12-15 17:25:14,879 [INFO] CodeEngine:279 - Generated code: C:\Users\leona\Documents\UBM\GitLab\Precharge_Control\ST\EcoMCU\Core\Inc\main.h
2024-12-15 17:25:14,889 [INFO] CodeEngine:255 - oldGeneratedFile, C:\Users\leona\Documents\UBM\GitLab\Precharge_Control\ST\EcoMCU\Core\Src\main.c_save
2024-12-15 17:25:15,065 [INFO] CodeEngine:279 - Generated code: C:\Users\leona\Documents\UBM\GitLab\Precharge_Control\ST\EcoMCU\Core\Src\main.c
2024-12-15 17:25:15,786 [INFO] ProjectBuilder:3249 - Time for Copy HAL[1] : 380mS.
2024-12-15 17:25:15,795 [INFO] ProjectBuilder:4828 - Project Generator version: 4.5.0-B34
2024-12-15 17:25:15,998 [INFO] ConfigFileManager:1531 - The Die is : DIE455
2024-12-15 17:25:18,991 [INFO] ProjectBuilder:5097 - Time for Generating toolchain IDE Files: 3196mS.
2024-12-15 17:25:18,992 [INFO] ProjectBuilder:3107 - Time for Copy CMSIS : 1mS.
2024-12-15 17:25:19,013 [INFO] ProjectBuilder:3107 - Time for Copy CMSIS : 0mS.
2024-12-15 17:26:53,452 [INFO] NvicIntPanel:101 - NVIC parent = com.st.microxplorer.plugins.ip.nvic.MultiNvicIntPanel[,0,0,0x0,invalid,layout=javax.swing.BoxLayout,alignmentX=0.0,alignmentY=0.0,border=,flags=9,maximumSize=,minimumSize=,preferredSize=]
2024-12-15 17:26:53,500 [INFO] MemInfoExtractor:277 - EVENT_MCU_SET_IP_PARAMETER
2024-12-15 17:26:56,842 [INFO] UtilMem:75 - End SaveConfig() Used Memory: 843673376 Bytes (1073741824)
2024-12-15 17:27:01,665 [INFO] UtilMem:75 - End SaveConfig() Used Memory: 873559840 Bytes (1073741824)
2024-12-15 17:27:03,281 [INFO] UtilMem:75 - End SaveConfig() Used Memory: 811719464 Bytes (1073741824)
2024-12-15 17:27:03,891 [INFO] BlockDiagram:2766 - set Specific Code input for plugin: TIM6_7U5
2024-12-15 17:27:03,891 [INFO] BlockDiagram:2766 - set Specific Code input for plugin: MEMORYMAP
2024-12-15 17:27:03,892 [INFO] BlockDiagram:2766 - set Specific Code input for plugin: TIM1_8U5
2024-12-15 17:27:03,892 [INFO] BlockDiagram:2766 - set Specific Code input for plugin: ADC
2024-12-15 17:27:03,892 [INFO] BlockDiagram:2766 - set Specific Code input for plugin: PWR
2024-12-15 17:27:03,892 [INFO] BlockDiagram:2766 - set Specific Code input for plugin: SYS
2024-12-15 17:27:03,892 [INFO] BlockDiagram:2766 - set Specific Code input for plugin: ADC
2024-12-15 17:27:03,892 [INFO] BlockDiagram:2766 - set Specific Code input for plugin: RCC
2024-12-15 17:27:03,893 [INFO] BlockDiagram:2766 - set Specific Code input for plugin: I2C
2024-12-15 17:27:03,893 [INFO] BlockDiagram:2766 - set Specific Code input for plugin: LPBAM
2024-12-15 17:27:03,893 [INFO] BlockDiagram:2766 - set Specific Code input for plugin: RTC
2024-12-15 17:27:03,893 [INFO] BlockDiagram:2766 - set Specific Code input for plugin: NVIC
2024-12-15 17:27:03,893 [INFO] BlockDiagram:2766 - set Specific Code input for plugin: ICACHE
2024-12-15 17:27:03,893 [INFO] BlockDiagram:2766 - set Specific Code input for plugin: DEBUG
2024-12-15 17:27:03,894 [INFO] BlockDiagram:2766 - set Specific Code input for plugin: GPIO
2024-12-15 17:27:03,894 [INFO] BlockDiagram:2766 - set Specific Code input for plugin: FDCAN
2024-12-15 17:27:03,894 [INFO] BlockDiagram:2766 - set Specific Code input for plugin: LPBAMQUEUE
2024-12-15 17:27:03,896 [INFO] CodeGenerator:807 - code generatio: config db path: C:\ST\STM32CubeIDE_1.16.1\STM32CubeIDE\plugins\com.st.stm32cube.common.mx_6.12.1.202409122256\\db\
2024-12-15 17:27:04,140 [WARN] IP:2191 - OutPut1 not found: check if there is a RefParameter without a condition.
2024-12-15 17:27:04,140 [WARN] IP:2191 - OutPut2 not found: check if there is a RefParameter without a condition.
2024-12-15 17:27:04,140 [WARN] IP:2191 - OutPut3 not found: check if there is a RefParameter without a condition.
2024-12-15 17:27:04,141 [WARN] IP:2191 - BinMixBcdU not found: check if there is a RefParameter without a condition.
2024-12-15 17:27:04,141 [WARN] IP:2191 - SSRU_Underflow_Interrupt not found: check if there is a RefParameter without a condition.
2024-12-15 17:27:04,141 [WARN] IP:2191 - rtcSecureFull not found: check if there is a RefParameter without a condition.
2024-12-15 17:27:04,144 [WARN] IP:2191 - rtcNonSecureFeatures not found: check if there is a RefParameter without a condition.
2024-12-15 17:27:04,144 [WARN] IP:2191 - RTC_NONSECURE_FEATURE_NONE not found: check if there is a RefParameter without a condition.
2024-12-15 17:27:04,145 [WARN] IP:2191 - RTC_NONSECURE_FEATURE_INIT not found: check if there is a RefParameter without a condition.
2024-12-15 17:27:04,145 [WARN] IP:2191 - RTC_NONSECURE_FEATURE_ALRA not found: check if there is a RefParameter without a condition.
2024-12-15 17:27:04,145 [WARN] IP:2191 - RTC_NONSECURE_FEATURE_ALRB not found: check if there is a RefParameter without a condition.
2024-12-15 17:27:04,145 [WARN] IP:2191 - RTC_NONSECURE_FEATURE_TS not found: check if there is a RefParameter without a condition.
2024-12-15 17:27:04,145 [WARN] IP:2191 - RTC_NONSECURE_FEATURE_CAL not found: check if there is a RefParameter without a condition.
2024-12-15 17:27:04,145 [WARN] IP:2191 - RTC_NONSECURE_FEATURE_WUT not found: check if there is a RefParameter without a condition.
2024-12-15 17:27:04,145 [WARN] IP:2191 - Sec_BKP_Registers1 not found: check if there is a RefParameter without a condition.
2024-12-15 17:27:04,145 [WARN] IP:2191 - backupRegisterStartZone2_gS not found: check if there is a RefParameter without a condition.
2024-12-15 17:27:04,145 [WARN] IP:2191 - backupRegisterStartZone3_gS not found: check if there is a RefParameter without a condition.
2024-12-15 17:27:04,146 [WARN] IP:2191 - SSRU_Underflow_Interrupt not found: check if there is a RefParameter without a condition.
2024-12-15 17:27:04,146 [WARN] IP:2191 - BinMixBcdU not found: check if there is a RefParameter without a condition.
2024-12-15 17:27:04,484 [INFO] CodeEngine:255 - oldGeneratedFile, C:\Users\leona\Documents\UBM\GitLab\Precharge_Control\ST\EcoMCU\MXTmpFiles\license.tmp_save
2024-12-15 17:27:04,599 [INFO] CodeEngine:279 - Generated code: C:\Users\leona\Documents\UBM\GitLab\Precharge_Control\ST\EcoMCU\MXTmpFiles\license.tmp
2024-12-15 17:27:04,848 [INFO] CodeEngine:255 - oldGeneratedFile, C:\Users\leona\Documents\UBM\GitLab\Precharge_Control\ST\EcoMCU\Core\Src\gpio.c_save
2024-12-15 17:27:05,030 [INFO] CodeEngine:279 - Generated code: C:\Users\leona\Documents\UBM\GitLab\Precharge_Control\ST\EcoMCU\Core\Src\gpio.c
2024-12-15 17:27:05,046 [INFO] CodeEngine:255 - oldGeneratedFile, C:\Users\leona\Documents\UBM\GitLab\Precharge_Control\ST\EcoMCU\Core\Inc\gpio.h_save
2024-12-15 17:27:05,215 [INFO] CodeEngine:279 - Generated code: C:\Users\leona\Documents\UBM\GitLab\Precharge_Control\ST\EcoMCU\Core\Inc\gpio.h
2024-12-15 17:27:05,889 [WARN] IPConfigManager:98 - WARNING: Missing Config File for DEBUG ip!!
2024-12-15 17:27:06,705 [WARN] IPConfigManager:98 - WARNING: Missing Config File for MEMORYMAP ip!!
2024-12-15 17:27:06,706 [WARN] IP:2191 - DefaultDataRegion not found: check if there is a RefParameter without a condition.
2024-12-15 17:27:07,075 [WARN] IP:2191 - OutPut1 not found: check if there is a RefParameter without a condition.
2024-12-15 17:27:07,075 [WARN] IP:2191 - OutPut2 not found: check if there is a RefParameter without a condition.
2024-12-15 17:27:07,075 [WARN] IP:2191 - OutPut3 not found: check if there is a RefParameter without a condition.
2024-12-15 17:27:07,076 [WARN] IP:2191 - BinMixBcdU not found: check if there is a RefParameter without a condition.
2024-12-15 17:27:07,077 [WARN] IP:2191 - SSRU_Underflow_Interrupt not found: check if there is a RefParameter without a condition.
2024-12-15 17:27:07,077 [WARN] IP:2191 - rtcSecureFull not found: check if there is a RefParameter without a condition.
2024-12-15 17:27:07,078 [WARN] IP:2191 - rtcNonSecureFeatures not found: check if there is a RefParameter without a condition.
2024-12-15 17:27:07,078 [WARN] IP:2191 - RTC_NONSECURE_FEATURE_NONE not found: check if there is a RefParameter without a condition.
2024-12-15 17:27:07,078 [WARN] IP:2191 - RTC_NONSECURE_FEATURE_INIT not found: check if there is a RefParameter without a condition.
2024-12-15 17:27:07,078 [WARN] IP:2191 - RTC_NONSECURE_FEATURE_ALRA not found: check if there is a RefParameter without a condition.
2024-12-15 17:27:07,078 [WARN] IP:2191 - RTC_NONSECURE_FEATURE_ALRB not found: check if there is a RefParameter without a condition.
2024-12-15 17:27:07,078 [WARN] IP:2191 - RTC_NONSECURE_FEATURE_TS not found: check if there is a RefParameter without a condition.
2024-12-15 17:27:07,078 [WARN] IP:2191 - RTC_NONSECURE_FEATURE_CAL not found: check if there is a RefParameter without a condition.
2024-12-15 17:27:07,078 [WARN] IP:2191 - RTC_NONSECURE_FEATURE_WUT not found: check if there is a RefParameter without a condition.
2024-12-15 17:27:07,078 [WARN] IP:2191 - Sec_BKP_Registers1 not found: check if there is a RefParameter without a condition.
2024-12-15 17:27:07,078 [WARN] IP:2191 - backupRegisterStartZone2_gS not found: check if there is a RefParameter without a condition.
2024-12-15 17:27:07,078 [WARN] IP:2191 - backupRegisterStartZone3_gS not found: check if there is a RefParameter without a condition.
2024-12-15 17:27:08,177 [INFO] CodeEngine:255 - oldGeneratedFile, C:\Users\leona\Documents\UBM\GitLab\Precharge_Control\ST\EcoMCU\Core\Src\adc.c_save
2024-12-15 17:27:08,375 [INFO] CodeEngine:279 - Generated code: C:\Users\leona\Documents\UBM\GitLab\Precharge_Control\ST\EcoMCU\Core\Src\adc.c
2024-12-15 17:27:08,389 [INFO] CodeEngine:255 - oldGeneratedFile, C:\Users\leona\Documents\UBM\GitLab\Precharge_Control\ST\EcoMCU\Core\Inc\adc.h_save
2024-12-15 17:27:08,523 [INFO] CodeEngine:279 - Generated code: C:\Users\leona\Documents\UBM\GitLab\Precharge_Control\ST\EcoMCU\Core\Inc\adc.h
2024-12-15 17:27:08,543 [INFO] CodeEngine:255 - oldGeneratedFile, C:\Users\leona\Documents\UBM\GitLab\Precharge_Control\ST\EcoMCU\MXTmpFiles\cortex.tmp_save
2024-12-15 17:27:08,683 [INFO] CodeEngine:279 - Generated code: C:\Users\leona\Documents\UBM\GitLab\Precharge_Control\ST\EcoMCU\MXTmpFiles\cortex.tmp
2024-12-15 17:27:08,704 [INFO] CodeEngine:255 - oldGeneratedFile, C:\Users\leona\Documents\UBM\GitLab\Precharge_Control\ST\EcoMCU\Core\Src\fdcan.c_save
2024-12-15 17:27:08,886 [INFO] CodeEngine:279 - Generated code: C:\Users\leona\Documents\UBM\GitLab\Precharge_Control\ST\EcoMCU\Core\Src\fdcan.c
2024-12-15 17:27:08,899 [INFO] CodeEngine:255 - oldGeneratedFile, C:\Users\leona\Documents\UBM\GitLab\Precharge_Control\ST\EcoMCU\Core\Inc\fdcan.h_save
2024-12-15 17:27:09,052 [INFO] CodeEngine:279 - Generated code: C:\Users\leona\Documents\UBM\GitLab\Precharge_Control\ST\EcoMCU\Core\Inc\fdcan.h
2024-12-15 17:27:09,079 [INFO] CodeEngine:255 - oldGeneratedFile, C:\Users\leona\Documents\UBM\GitLab\Precharge_Control\ST\EcoMCU\Core\Src\i2c.c_save
2024-12-15 17:27:09,284 [INFO] CodeEngine:279 - Generated code: C:\Users\leona\Documents\UBM\GitLab\Precharge_Control\ST\EcoMCU\Core\Src\i2c.c
2024-12-15 17:27:09,299 [INFO] CodeEngine:255 - oldGeneratedFile, C:\Users\leona\Documents\UBM\GitLab\Precharge_Control\ST\EcoMCU\Core\Inc\i2c.h_save
2024-12-15 17:27:09,504 [INFO] CodeEngine:279 - Generated code: C:\Users\leona\Documents\UBM\GitLab\Precharge_Control\ST\EcoMCU\Core\Inc\i2c.h
2024-12-15 17:27:09,526 [INFO] CodeEngine:255 - oldGeneratedFile, C:\Users\leona\Documents\UBM\GitLab\Precharge_Control\ST\EcoMCU\Core\Src\icache.c_save
2024-12-15 17:27:09,704 [INFO] CodeEngine:279 - Generated code: C:\Users\leona\Documents\UBM\GitLab\Precharge_Control\ST\EcoMCU\Core\Src\icache.c
2024-12-15 17:27:09,718 [INFO] CodeEngine:255 - oldGeneratedFile, C:\Users\leona\Documents\UBM\GitLab\Precharge_Control\ST\EcoMCU\Core\Inc\icache.h_save
2024-12-15 17:27:09,848 [INFO] CodeEngine:279 - Generated code: C:\Users\leona\Documents\UBM\GitLab\Precharge_Control\ST\EcoMCU\Core\Inc\icache.h
2024-12-15 17:27:09,872 [INFO] CodeEngine:255 - oldGeneratedFile, C:\Users\leona\Documents\UBM\GitLab\Precharge_Control\ST\EcoMCU\Core\Src\memorymap.c_save
2024-12-15 17:27:10,042 [INFO] CodeEngine:279 - Generated code: C:\Users\leona\Documents\UBM\GitLab\Precharge_Control\ST\EcoMCU\Core\Src\memorymap.c
2024-12-15 17:27:10,055 [INFO] CodeEngine:255 - oldGeneratedFile, C:\Users\leona\Documents\UBM\GitLab\Precharge_Control\ST\EcoMCU\Core\Inc\memorymap.h_save
2024-12-15 17:27:10,199 [INFO] CodeEngine:279 - Generated code: C:\Users\leona\Documents\UBM\GitLab\Precharge_Control\ST\EcoMCU\Core\Inc\memorymap.h
2024-12-15 17:27:10,232 [INFO] CodeEngine:255 - oldGeneratedFile, C:\Users\leona\Documents\UBM\GitLab\Precharge_Control\ST\EcoMCU\Core\Src\rtc.c_save
2024-12-15 17:27:10,421 [INFO] CodeEngine:279 - Generated code: C:\Users\leona\Documents\UBM\GitLab\Precharge_Control\ST\EcoMCU\Core\Src\rtc.c
2024-12-15 17:27:10,436 [INFO] CodeEngine:255 - oldGeneratedFile, C:\Users\leona\Documents\UBM\GitLab\Precharge_Control\ST\EcoMCU\Core\Inc\rtc.h_save
2024-12-15 17:27:10,562 [INFO] CodeEngine:279 - Generated code: C:\Users\leona\Documents\UBM\GitLab\Precharge_Control\ST\EcoMCU\Core\Inc\rtc.h
2024-12-15 17:27:10,587 [INFO] CodeEngine:255 - oldGeneratedFile, C:\Users\leona\Documents\UBM\GitLab\Precharge_Control\ST\EcoMCU\Core\Src\tim.c_save
2024-12-15 17:27:10,773 [INFO] CodeEngine:279 - Generated code: C:\Users\leona\Documents\UBM\GitLab\Precharge_Control\ST\EcoMCU\Core\Src\tim.c
2024-12-15 17:27:10,787 [INFO] CodeEngine:255 - oldGeneratedFile, C:\Users\leona\Documents\UBM\GitLab\Precharge_Control\ST\EcoMCU\Core\Inc\tim.h_save
2024-12-15 17:27:10,906 [INFO] CodeEngine:279 - Generated code: C:\Users\leona\Documents\UBM\GitLab\Precharge_Control\ST\EcoMCU\Core\Inc\tim.h
2024-12-15 17:27:10,955 [INFO] CodeEngine:255 - oldGeneratedFile, C:\Users\leona\Documents\UBM\GitLab\Precharge_Control\ST\EcoMCU\Core\Src\stm32u5xx_it.c_save
2024-12-15 17:27:11,136 [INFO] CodeEngine:279 - Generated code: C:\Users\leona\Documents\UBM\GitLab\Precharge_Control\ST\EcoMCU\Core\Src\stm32u5xx_it.c
2024-12-15 17:27:11,148 [INFO] CodeEngine:255 - oldGeneratedFile, C:\Users\leona\Documents\UBM\GitLab\Precharge_Control\ST\EcoMCU\Core\Inc\stm32u5xx_it.h_save
2024-12-15 17:27:11,266 [INFO] CodeEngine:279 - Generated code: C:\Users\leona\Documents\UBM\GitLab\Precharge_Control\ST\EcoMCU\Core\Inc\stm32u5xx_it.h
2024-12-15 17:27:11,493 [INFO] CodeEngine:255 - oldGeneratedFile, C:\Users\leona\Documents\UBM\GitLab\Precharge_Control\ST\EcoMCU\Core\Src\stm32u5xx_hal_msp.c_save
2024-12-15 17:27:11,654 [INFO] CodeEngine:279 - Generated code: C:\Users\leona\Documents\UBM\GitLab\Precharge_Control\ST\EcoMCU\Core\Src\stm32u5xx_hal_msp.c
2024-12-15 17:27:11,666 [INFO] CodeEngine:255 - oldGeneratedFile, C:\Users\leona\Documents\UBM\GitLab\Precharge_Control\ST\EcoMCU\MXTmpFiles\system.tmp_save
2024-12-15 17:27:11,766 [INFO] CodeEngine:279 - Generated code: C:\Users\leona\Documents\UBM\GitLab\Precharge_Control\ST\EcoMCU\MXTmpFiles\system.tmp
2024-12-15 17:27:11,786 [INFO] CodeEngine:311 - oldGeneratedFile, C:\Users\leona\Documents\UBM\GitLab\Precharge_Control\ST\EcoMCU\Core\Inc\stm32u5xx_hal_conf.h_save
2024-12-15 17:27:11,908 [INFO] CodeEngine:335 - Generated code: C:\Users\leona\Documents\UBM\GitLab\Precharge_Control\ST\EcoMCU\Core\Inc\stm32u5xx_hal_conf.h
2024-12-15 17:27:11,960 [INFO] CodeEngine:255 - oldGeneratedFile, C:\Users\leona\Documents\UBM\GitLab\Precharge_Control\ST\EcoMCU\Core\Inc\main.h_save
2024-12-15 17:27:12,082 [INFO] CodeEngine:279 - Generated code: C:\Users\leona\Documents\UBM\GitLab\Precharge_Control\ST\EcoMCU\Core\Inc\main.h
2024-12-15 17:27:12,094 [INFO] CodeEngine:255 - oldGeneratedFile, C:\Users\leona\Documents\UBM\GitLab\Precharge_Control\ST\EcoMCU\Core\Src\main.c_save
2024-12-15 17:27:12,266 [INFO] CodeEngine:279 - Generated code: C:\Users\leona\Documents\UBM\GitLab\Precharge_Control\ST\EcoMCU\Core\Src\main.c
2024-12-15 17:27:13,085 [INFO] ProjectBuilder:3249 - Time for Copy HAL[1] : 463mS.
2024-12-15 17:27:13,093 [INFO] ProjectBuilder:4828 - Project Generator version: 4.5.0-B34
2024-12-15 17:27:13,291 [INFO] ConfigFileManager:1531 - The Die is : DIE455
2024-12-15 17:27:15,791 [INFO] ProjectBuilder:5097 - Time for Generating toolchain IDE Files: 2698mS.
2024-12-15 17:27:15,792 [INFO] ProjectBuilder:3107 - Time for Copy CMSIS : 1mS.
2024-12-15 17:27:15,800 [INFO] ProjectBuilder:3107 - Time for Copy CMSIS : 0mS.
2024-12-15 17:27:59,755 [INFO] NvicIntPanel:101 - NVIC parent = com.st.microxplorer.plugins.ip.nvic.MultiNvicIntPanel[,0,0,0x0,invalid,layout=javax.swing.BoxLayout,alignmentX=0.0,alignmentY=0.0,border=,flags=9,maximumSize=,minimumSize=,preferredSize=]
2024-12-15 17:27:59,803 [INFO] MemInfoExtractor:277 - EVENT_MCU_SET_IP_PARAMETER
2024-12-15 17:28:13,935 [INFO] UtilMem:75 - End SaveConfig() Used Memory: 812352160 Bytes (1073741824)
2024-12-15 17:28:14,241 [INFO] UtilMem:75 - End SaveConfig() Used Memory: 833323680 Bytes (1073741824)
2024-12-15 17:28:15,785 [INFO] UtilMem:75 - End SaveConfig() Used Memory: 846247872 Bytes (1073741824)
2024-12-15 17:28:16,365 [INFO] BlockDiagram:2766 - set Specific Code input for plugin: TIM6_7U5
2024-12-15 17:28:16,366 [INFO] BlockDiagram:2766 - set Specific Code input for plugin: MEMORYMAP
2024-12-15 17:28:16,366 [INFO] BlockDiagram:2766 - set Specific Code input for plugin: TIM1_8U5
2024-12-15 17:28:16,366 [INFO] BlockDiagram:2766 - set Specific Code input for plugin: ADC
2024-12-15 17:28:16,366 [INFO] BlockDiagram:2766 - set Specific Code input for plugin: PWR
2024-12-15 17:28:16,366 [INFO] BlockDiagram:2766 - set Specific Code input for plugin: SYS
2024-12-15 17:28:16,366 [INFO] BlockDiagram:2766 - set Specific Code input for plugin: ADC
2024-12-15 17:28:16,366 [INFO] BlockDiagram:2766 - set Specific Code input for plugin: RCC
2024-12-15 17:28:16,366 [INFO] BlockDiagram:2766 - set Specific Code input for plugin: I2C
2024-12-15 17:28:16,366 [INFO] BlockDiagram:2766 - set Specific Code input for plugin: LPBAM
2024-12-15 17:28:16,366 [INFO] BlockDiagram:2766 - set Specific Code input for plugin: RTC
2024-12-15 17:28:16,367 [INFO] BlockDiagram:2766 - set Specific Code input for plugin: NVIC
2024-12-15 17:28:16,367 [INFO] BlockDiagram:2766 - set Specific Code input for plugin: ICACHE
2024-12-15 17:28:16,367 [INFO] BlockDiagram:2766 - set Specific Code input for plugin: DEBUG
2024-12-15 17:28:16,367 [INFO] BlockDiagram:2766 - set Specific Code input for plugin: GPIO
2024-12-15 17:28:16,367 [INFO] BlockDiagram:2766 - set Specific Code input for plugin: FDCAN
2024-12-15 17:28:16,368 [INFO] BlockDiagram:2766 - set Specific Code input for plugin: LPBAMQUEUE
2024-12-15 17:28:16,369 [INFO] CodeGenerator:807 - code generatio: config db path: C:\ST\STM32CubeIDE_1.16.1\STM32CubeIDE\plugins\com.st.stm32cube.common.mx_6.12.1.202409122256\\db\
2024-12-15 17:28:16,571 [WARN] IP:2191 - OutPut1 not found: check if there is a RefParameter without a condition.
2024-12-15 17:28:16,571 [WARN] IP:2191 - OutPut2 not found: check if there is a RefParameter without a condition.
2024-12-15 17:28:16,571 [WARN] IP:2191 - OutPut3 not found: check if there is a RefParameter without a condition.
2024-12-15 17:28:16,571 [WARN] IP:2191 - BinMixBcdU not found: check if there is a RefParameter without a condition.
2024-12-15 17:28:16,572 [WARN] IP:2191 - SSRU_Underflow_Interrupt not found: check if there is a RefParameter without a condition.
2024-12-15 17:28:16,572 [WARN] IP:2191 - rtcSecureFull not found: check if there is a RefParameter without a condition.
2024-12-15 17:28:16,572 [WARN] IP:2191 - rtcNonSecureFeatures not found: check if there is a RefParameter without a condition.
2024-12-15 17:28:16,572 [WARN] IP:2191 - RTC_NONSECURE_FEATURE_NONE not found: check if there is a RefParameter without a condition.
2024-12-15 17:28:16,572 [WARN] IP:2191 - RTC_NONSECURE_FEATURE_INIT not found: check if there is a RefParameter without a condition.
2024-12-15 17:28:16,572 [WARN] IP:2191 - RTC_NONSECURE_FEATURE_ALRA not found: check if there is a RefParameter without a condition.
2024-12-15 17:28:16,572 [WARN] IP:2191 - RTC_NONSECURE_FEATURE_ALRB not found: check if there is a RefParameter without a condition.
2024-12-15 17:28:16,572 [WARN] IP:2191 - RTC_NONSECURE_FEATURE_TS not found: check if there is a RefParameter without a condition.
2024-12-15 17:28:16,572 [WARN] IP:2191 - RTC_NONSECURE_FEATURE_CAL not found: check if there is a RefParameter without a condition.
2024-12-15 17:28:16,572 [WARN] IP:2191 - RTC_NONSECURE_FEATURE_WUT not found: check if there is a RefParameter without a condition.
2024-12-15 17:28:16,572 [WARN] IP:2191 - Sec_BKP_Registers1 not found: check if there is a RefParameter without a condition.
2024-12-15 17:28:16,573 [WARN] IP:2191 - backupRegisterStartZone2_gS not found: check if there is a RefParameter without a condition.
2024-12-15 17:28:16,573 [WARN] IP:2191 - backupRegisterStartZone3_gS not found: check if there is a RefParameter without a condition.
2024-12-15 17:28:16,575 [WARN] IP:2191 - SSRU_Underflow_Interrupt not found: check if there is a RefParameter without a condition.
2024-12-15 17:28:16,575 [WARN] IP:2191 - BinMixBcdU not found: check if there is a RefParameter without a condition.
2024-12-15 17:28:16,865 [INFO] CodeEngine:255 - oldGeneratedFile, C:\Users\leona\Documents\UBM\GitLab\Precharge_Control\ST\EcoMCU\MXTmpFiles\license.tmp_save
2024-12-15 17:28:16,982 [INFO] CodeEngine:279 - Generated code: C:\Users\leona\Documents\UBM\GitLab\Precharge_Control\ST\EcoMCU\MXTmpFiles\license.tmp
2024-12-15 17:28:17,212 [INFO] CodeEngine:255 - oldGeneratedFile, C:\Users\leona\Documents\UBM\GitLab\Precharge_Control\ST\EcoMCU\Core\Src\gpio.c_save
2024-12-15 17:28:17,366 [INFO] CodeEngine:279 - Generated code: C:\Users\leona\Documents\UBM\GitLab\Precharge_Control\ST\EcoMCU\Core\Src\gpio.c
2024-12-15 17:28:17,379 [INFO] CodeEngine:255 - oldGeneratedFile, C:\Users\leona\Documents\UBM\GitLab\Precharge_Control\ST\EcoMCU\Core\Inc\gpio.h_save
2024-12-15 17:28:17,506 [INFO] CodeEngine:279 - Generated code: C:\Users\leona\Documents\UBM\GitLab\Precharge_Control\ST\EcoMCU\Core\Inc\gpio.h
2024-12-15 17:28:18,272 [WARN] IPConfigManager:98 - WARNING: Missing Config File for DEBUG ip!!
2024-12-15 17:28:19,139 [WARN] IPConfigManager:98 - WARNING: Missing Config File for MEMORYMAP ip!!
2024-12-15 17:28:19,140 [WARN] IP:2191 - DefaultDataRegion not found: check if there is a RefParameter without a condition.
2024-12-15 17:28:19,589 [WARN] IP:2191 - OutPut1 not found: check if there is a RefParameter without a condition.
2024-12-15 17:28:19,589 [WARN] IP:2191 - OutPut2 not found: check if there is a RefParameter without a condition.
2024-12-15 17:28:19,589 [WARN] IP:2191 - OutPut3 not found: check if there is a RefParameter without a condition.
2024-12-15 17:28:19,589 [WARN] IP:2191 - BinMixBcdU not found: check if there is a RefParameter without a condition.
2024-12-15 17:28:19,589 [WARN] IP:2191 - SSRU_Underflow_Interrupt not found: check if there is a RefParameter without a condition.
2024-12-15 17:28:19,590 [WARN] IP:2191 - rtcSecureFull not found: check if there is a RefParameter without a condition.
2024-12-15 17:28:19,590 [WARN] IP:2191 - rtcNonSecureFeatures not found: check if there is a RefParameter without a condition.
2024-12-15 17:28:19,590 [WARN] IP:2191 - RTC_NONSECURE_FEATURE_NONE not found: check if there is a RefParameter without a condition.
2024-12-15 17:28:19,590 [WARN] IP:2191 - RTC_NONSECURE_FEATURE_INIT not found: check if there is a RefParameter without a condition.
2024-12-15 17:28:19,590 [WARN] IP:2191 - RTC_NONSECURE_FEATURE_ALRA not found: check if there is a RefParameter without a condition.
2024-12-15 17:28:19,590 [WARN] IP:2191 - RTC_NONSECURE_FEATURE_ALRB not found: check if there is a RefParameter without a condition.
2024-12-15 17:28:19,590 [WARN] IP:2191 - RTC_NONSECURE_FEATURE_TS not found: check if there is a RefParameter without a condition.
2024-12-15 17:28:19,590 [WARN] IP:2191 - RTC_NONSECURE_FEATURE_CAL not found: check if there is a RefParameter without a condition.
2024-12-15 17:28:19,590 [WARN] IP:2191 - RTC_NONSECURE_FEATURE_WUT not found: check if there is a RefParameter without a condition.
2024-12-15 17:28:19,590 [WARN] IP:2191 - Sec_BKP_Registers1 not found: check if there is a RefParameter without a condition.
2024-12-15 17:28:19,590 [WARN] IP:2191 - backupRegisterStartZone2_gS not found: check if there is a RefParameter without a condition.
2024-12-15 17:28:19,590 [WARN] IP:2191 - backupRegisterStartZone3_gS not found: check if there is a RefParameter without a condition.
2024-12-15 17:28:20,458 [INFO] CodeEngine:255 - oldGeneratedFile, C:\Users\leona\Documents\UBM\GitLab\Precharge_Control\ST\EcoMCU\Core\Src\adc.c_save
2024-12-15 17:28:20,639 [INFO] CodeEngine:279 - Generated code: C:\Users\leona\Documents\UBM\GitLab\Precharge_Control\ST\EcoMCU\Core\Src\adc.c
2024-12-15 17:28:20,652 [INFO] CodeEngine:255 - oldGeneratedFile, C:\Users\leona\Documents\UBM\GitLab\Precharge_Control\ST\EcoMCU\Core\Inc\adc.h_save
2024-12-15 17:28:20,761 [INFO] CodeEngine:279 - Generated code: C:\Users\leona\Documents\UBM\GitLab\Precharge_Control\ST\EcoMCU\Core\Inc\adc.h
2024-12-15 17:28:20,781 [INFO] CodeEngine:255 - oldGeneratedFile, C:\Users\leona\Documents\UBM\GitLab\Precharge_Control\ST\EcoMCU\MXTmpFiles\cortex.tmp_save
2024-12-15 17:28:20,908 [INFO] CodeEngine:279 - Generated code: C:\Users\leona\Documents\UBM\GitLab\Precharge_Control\ST\EcoMCU\MXTmpFiles\cortex.tmp
2024-12-15 17:28:20,934 [INFO] CodeEngine:255 - oldGeneratedFile, C:\Users\leona\Documents\UBM\GitLab\Precharge_Control\ST\EcoMCU\Core\Src\fdcan.c_save
2024-12-15 17:28:21,082 [INFO] CodeEngine:279 - Generated code: C:\Users\leona\Documents\UBM\GitLab\Precharge_Control\ST\EcoMCU\Core\Src\fdcan.c
2024-12-15 17:28:21,092 [INFO] CodeEngine:255 - oldGeneratedFile, C:\Users\leona\Documents\UBM\GitLab\Precharge_Control\ST\EcoMCU\Core\Inc\fdcan.h_save
2024-12-15 17:28:21,236 [INFO] CodeEngine:279 - Generated code: C:\Users\leona\Documents\UBM\GitLab\Precharge_Control\ST\EcoMCU\Core\Inc\fdcan.h
2024-12-15 17:28:21,262 [INFO] CodeEngine:255 - oldGeneratedFile, C:\Users\leona\Documents\UBM\GitLab\Precharge_Control\ST\EcoMCU\Core\Src\i2c.c_save
2024-12-15 17:28:21,446 [INFO] CodeEngine:279 - Generated code: C:\Users\leona\Documents\UBM\GitLab\Precharge_Control\ST\EcoMCU\Core\Src\i2c.c
2024-12-15 17:28:21,458 [INFO] CodeEngine:255 - oldGeneratedFile, C:\Users\leona\Documents\UBM\GitLab\Precharge_Control\ST\EcoMCU\Core\Inc\i2c.h_save
2024-12-15 17:28:21,590 [INFO] CodeEngine:279 - Generated code: C:\Users\leona\Documents\UBM\GitLab\Precharge_Control\ST\EcoMCU\Core\Inc\i2c.h
2024-12-15 17:28:21,614 [INFO] CodeEngine:255 - oldGeneratedFile, C:\Users\leona\Documents\UBM\GitLab\Precharge_Control\ST\EcoMCU\Core\Src\icache.c_save
2024-12-15 17:28:21,802 [INFO] CodeEngine:279 - Generated code: C:\Users\leona\Documents\UBM\GitLab\Precharge_Control\ST\EcoMCU\Core\Src\icache.c
2024-12-15 17:28:21,818 [INFO] CodeEngine:255 - oldGeneratedFile, C:\Users\leona\Documents\UBM\GitLab\Precharge_Control\ST\EcoMCU\Core\Inc\icache.h_save
2024-12-15 17:28:21,993 [INFO] CodeEngine:279 - Generated code: C:\Users\leona\Documents\UBM\GitLab\Precharge_Control\ST\EcoMCU\Core\Inc\icache.h
2024-12-15 17:28:22,021 [INFO] CodeEngine:255 - oldGeneratedFile, C:\Users\leona\Documents\UBM\GitLab\Precharge_Control\ST\EcoMCU\Core\Src\memorymap.c_save
2024-12-15 17:28:22,225 [INFO] CodeEngine:279 - Generated code: C:\Users\leona\Documents\UBM\GitLab\Precharge_Control\ST\EcoMCU\Core\Src\memorymap.c
2024-12-15 17:28:22,237 [INFO] CodeEngine:255 - oldGeneratedFile, C:\Users\leona\Documents\UBM\GitLab\Precharge_Control\ST\EcoMCU\Core\Inc\memorymap.h_save
2024-12-15 17:28:22,372 [INFO] CodeEngine:279 - Generated code: C:\Users\leona\Documents\UBM\GitLab\Precharge_Control\ST\EcoMCU\Core\Inc\memorymap.h
2024-12-15 17:28:22,400 [INFO] CodeEngine:255 - oldGeneratedFile, C:\Users\leona\Documents\UBM\GitLab\Precharge_Control\ST\EcoMCU\Core\Src\rtc.c_save
2024-12-15 17:28:22,576 [INFO] CodeEngine:279 - Generated code: C:\Users\leona\Documents\UBM\GitLab\Precharge_Control\ST\EcoMCU\Core\Src\rtc.c
2024-12-15 17:28:22,589 [INFO] CodeEngine:255 - oldGeneratedFile, C:\Users\leona\Documents\UBM\GitLab\Precharge_Control\ST\EcoMCU\Core\Inc\rtc.h_save
2024-12-15 17:28:22,708 [INFO] CodeEngine:279 - Generated code: C:\Users\leona\Documents\UBM\GitLab\Precharge_Control\ST\EcoMCU\Core\Inc\rtc.h
2024-12-15 17:28:22,735 [INFO] CodeEngine:255 - oldGeneratedFile, C:\Users\leona\Documents\UBM\GitLab\Precharge_Control\ST\EcoMCU\Core\Src\tim.c_save
2024-12-15 17:28:22,947 [INFO] CodeEngine:279 - Generated code: C:\Users\leona\Documents\UBM\GitLab\Precharge_Control\ST\EcoMCU\Core\Src\tim.c
2024-12-15 17:28:22,960 [INFO] CodeEngine:255 - oldGeneratedFile, C:\Users\leona\Documents\UBM\GitLab\Precharge_Control\ST\EcoMCU\Core\Inc\tim.h_save
2024-12-15 17:28:23,093 [INFO] CodeEngine:279 - Generated code: C:\Users\leona\Documents\UBM\GitLab\Precharge_Control\ST\EcoMCU\Core\Inc\tim.h
2024-12-15 17:28:23,152 [INFO] CodeEngine:255 - oldGeneratedFile, C:\Users\leona\Documents\UBM\GitLab\Precharge_Control\ST\EcoMCU\Core\Src\stm32u5xx_it.c_save
2024-12-15 17:28:23,350 [INFO] CodeEngine:279 - Generated code: C:\Users\leona\Documents\UBM\GitLab\Precharge_Control\ST\EcoMCU\Core\Src\stm32u5xx_it.c
2024-12-15 17:28:23,363 [INFO] CodeEngine:255 - oldGeneratedFile, C:\Users\leona\Documents\UBM\GitLab\Precharge_Control\ST\EcoMCU\Core\Inc\stm32u5xx_it.h_save
2024-12-15 17:28:23,534 [INFO] CodeEngine:279 - Generated code: C:\Users\leona\Documents\UBM\GitLab\Precharge_Control\ST\EcoMCU\Core\Inc\stm32u5xx_it.h
2024-12-15 17:28:23,799 [INFO] CodeEngine:255 - oldGeneratedFile, C:\Users\leona\Documents\UBM\GitLab\Precharge_Control\ST\EcoMCU\Core\Src\stm32u5xx_hal_msp.c_save
2024-12-15 17:28:23,978 [INFO] CodeEngine:279 - Generated code: C:\Users\leona\Documents\UBM\GitLab\Precharge_Control\ST\EcoMCU\Core\Src\stm32u5xx_hal_msp.c
2024-12-15 17:28:23,987 [INFO] CodeEngine:255 - oldGeneratedFile, C:\Users\leona\Documents\UBM\GitLab\Precharge_Control\ST\EcoMCU\MXTmpFiles\system.tmp_save
2024-12-15 17:28:24,121 [INFO] CodeEngine:279 - Generated code: C:\Users\leona\Documents\UBM\GitLab\Precharge_Control\ST\EcoMCU\MXTmpFiles\system.tmp
2024-12-15 17:28:24,146 [INFO] CodeEngine:311 - oldGeneratedFile, C:\Users\leona\Documents\UBM\GitLab\Precharge_Control\ST\EcoMCU\Core\Inc\stm32u5xx_hal_conf.h_save
2024-12-15 17:28:24,289 [INFO] CodeEngine:335 - Generated code: C:\Users\leona\Documents\UBM\GitLab\Precharge_Control\ST\EcoMCU\Core\Inc\stm32u5xx_hal_conf.h
2024-12-15 17:28:24,352 [INFO] CodeEngine:255 - oldGeneratedFile, C:\Users\leona\Documents\UBM\GitLab\Precharge_Control\ST\EcoMCU\Core\Inc\main.h_save
2024-12-15 17:28:24,519 [INFO] CodeEngine:279 - Generated code: C:\Users\leona\Documents\UBM\GitLab\Precharge_Control\ST\EcoMCU\Core\Inc\main.h
2024-12-15 17:28:24,533 [INFO] CodeEngine:255 - oldGeneratedFile, C:\Users\leona\Documents\UBM\GitLab\Precharge_Control\ST\EcoMCU\Core\Src\main.c_save
2024-12-15 17:28:24,730 [INFO] CodeEngine:279 - Generated code: C:\Users\leona\Documents\UBM\GitLab\Precharge_Control\ST\EcoMCU\Core\Src\main.c
2024-12-15 17:28:25,444 [INFO] ProjectBuilder:3249 - Time for Copy HAL[1] : 362mS.
2024-12-15 17:28:25,455 [INFO] ProjectBuilder:4828 - Project Generator version: 4.5.0-B34
2024-12-15 17:28:25,601 [INFO] ConfigFileManager:1531 - The Die is : DIE455
2024-12-15 17:28:28,276 [INFO] ProjectBuilder:5097 - Time for Generating toolchain IDE Files: 2821mS.
2024-12-15 17:28:28,278 [INFO] ProjectBuilder:3107 - Time for Copy CMSIS : 1mS.
2024-12-15 17:28:28,285 [INFO] ProjectBuilder:3107 - Time for Copy CMSIS : 0mS.
2024-12-15 17:52:49,522 [INFO] NvicIntPanel:101 - NVIC parent = com.st.microxplorer.plugins.ip.nvic.MultiNvicIntPanel[,0,0,0x0,invalid,layout=javax.swing.BoxLayout,alignmentX=0.0,alignmentY=0.0,border=,flags=9,maximumSize=,minimumSize=,preferredSize=]
2024-12-15 17:52:49,573 [INFO] MemInfoExtractor:277 - EVENT_MCU_SET_IP_PARAMETER
2024-12-15 17:52:52,850 [INFO] UtilMem:75 - End SaveConfig() Used Memory: 858261480 Bytes (1073741824)
2024-12-15 17:52:53,124 [INFO] UtilMem:75 - End SaveConfig() Used Memory: 876609512 Bytes (1073741824)
2024-12-15 17:52:54,916 [INFO] UtilMem:75 - End SaveConfig() Used Memory: 834393600 Bytes (1073741824)
2024-12-15 17:52:55,558 [INFO] BlockDiagram:2766 - set Specific Code input for plugin: TIM6_7U5
2024-12-15 17:52:55,558 [INFO] BlockDiagram:2766 - set Specific Code input for plugin: MEMORYMAP
2024-12-15 17:52:55,558 [INFO] BlockDiagram:2766 - set Specific Code input for plugin: TIM1_8U5
2024-12-15 17:52:55,559 [INFO] BlockDiagram:2766 - set Specific Code input for plugin: ADC
2024-12-15 17:52:55,559 [INFO] BlockDiagram:2766 - set Specific Code input for plugin: PWR
2024-12-15 17:52:55,559 [INFO] BlockDiagram:2766 - set Specific Code input for plugin: SYS
2024-12-15 17:52:55,559 [INFO] BlockDiagram:2766 - set Specific Code input for plugin: ADC
2024-12-15 17:52:55,559 [INFO] BlockDiagram:2766 - set Specific Code input for plugin: RCC
2024-12-15 17:52:55,559 [INFO] BlockDiagram:2766 - set Specific Code input for plugin: I2C
2024-12-15 17:52:55,559 [INFO] BlockDiagram:2766 - set Specific Code input for plugin: LPBAM
2024-12-15 17:52:55,559 [INFO] BlockDiagram:2766 - set Specific Code input for plugin: RTC
2024-12-15 17:52:55,559 [INFO] BlockDiagram:2766 - set Specific Code input for plugin: NVIC
2024-12-15 17:52:55,559 [INFO] BlockDiagram:2766 - set Specific Code input for plugin: ICACHE
2024-12-15 17:52:55,559 [INFO] BlockDiagram:2766 - set Specific Code input for plugin: DEBUG
2024-12-15 17:52:55,560 [INFO] BlockDiagram:2766 - set Specific Code input for plugin: GPIO
2024-12-15 17:52:55,560 [INFO] BlockDiagram:2766 - set Specific Code input for plugin: FDCAN
2024-12-15 17:52:55,560 [INFO] BlockDiagram:2766 - set Specific Code input for plugin: LPBAMQUEUE
2024-12-15 17:52:55,563 [INFO] CodeGenerator:807 - code generatio: config db path: C:\ST\STM32CubeIDE_1.16.1\STM32CubeIDE\plugins\com.st.stm32cube.common.mx_6.12.1.202409122256\\db\
2024-12-15 17:52:55,808 [WARN] IP:2191 - OutPut1 not found: check if there is a RefParameter without a condition.
2024-12-15 17:52:55,808 [WARN] IP:2191 - OutPut2 not found: check if there is a RefParameter without a condition.
2024-12-15 17:52:55,808 [WARN] IP:2191 - OutPut3 not found: check if there is a RefParameter without a condition.
2024-12-15 17:52:55,808 [WARN] IP:2191 - BinMixBcdU not found: check if there is a RefParameter without a condition.
2024-12-15 17:52:55,808 [WARN] IP:2191 - SSRU_Underflow_Interrupt not found: check if there is a RefParameter without a condition.
2024-12-15 17:52:55,808 [WARN] IP:2191 - rtcSecureFull not found: check if there is a RefParameter without a condition.
2024-12-15 17:52:55,808 [WARN] IP:2191 - rtcNonSecureFeatures not found: check if there is a RefParameter without a condition.
2024-12-15 17:52:55,808 [WARN] IP:2191 - RTC_NONSECURE_FEATURE_NONE not found: check if there is a RefParameter without a condition.
2024-12-15 17:52:55,808 [WARN] IP:2191 - RTC_NONSECURE_FEATURE_INIT not found: check if there is a RefParameter without a condition.
2024-12-15 17:52:55,809 [WARN] IP:2191 - RTC_NONSECURE_FEATURE_ALRA not found: check if there is a RefParameter without a condition.
2024-12-15 17:52:55,809 [WARN] IP:2191 - RTC_NONSECURE_FEATURE_ALRB not found: check if there is a RefParameter without a condition.
2024-12-15 17:52:55,809 [WARN] IP:2191 - RTC_NONSECURE_FEATURE_TS not found: check if there is a RefParameter without a condition.
2024-12-15 17:52:55,809 [WARN] IP:2191 - RTC_NONSECURE_FEATURE_CAL not found: check if there is a RefParameter without a condition.
2024-12-15 17:52:55,809 [WARN] IP:2191 - RTC_NONSECURE_FEATURE_WUT not found: check if there is a RefParameter without a condition.
2024-12-15 17:52:55,809 [WARN] IP:2191 - Sec_BKP_Registers1 not found: check if there is a RefParameter without a condition.
2024-12-15 17:52:55,809 [WARN] IP:2191 - backupRegisterStartZone2_gS not found: check if there is a RefParameter without a condition.
2024-12-15 17:52:55,809 [WARN] IP:2191 - backupRegisterStartZone3_gS not found: check if there is a RefParameter without a condition.
2024-12-15 17:52:55,810 [WARN] IP:2191 - SSRU_Underflow_Interrupt not found: check if there is a RefParameter without a condition.
2024-12-15 17:52:55,810 [WARN] IP:2191 - BinMixBcdU not found: check if there is a RefParameter without a condition.
2024-12-15 17:52:56,086 [INFO] CodeEngine:255 - oldGeneratedFile, C:\Users\leona\Documents\UBM\GitLab\Precharge_Control\ST\EcoMCU\MXTmpFiles\license.tmp_save
2024-12-15 17:52:56,298 [INFO] CodeEngine:279 - Generated code: C:\Users\leona\Documents\UBM\GitLab\Precharge_Control\ST\EcoMCU\MXTmpFiles\license.tmp
2024-12-15 17:52:56,539 [INFO] CodeEngine:255 - oldGeneratedFile, C:\Users\leona\Documents\UBM\GitLab\Precharge_Control\ST\EcoMCU\Core\Src\gpio.c_save
2024-12-15 17:52:56,737 [INFO] CodeEngine:279 - Generated code: C:\Users\leona\Documents\UBM\GitLab\Precharge_Control\ST\EcoMCU\Core\Src\gpio.c
2024-12-15 17:52:56,753 [INFO] CodeEngine:255 - oldGeneratedFile, C:\Users\leona\Documents\UBM\GitLab\Precharge_Control\ST\EcoMCU\Core\Inc\gpio.h_save
2024-12-15 17:52:56,943 [INFO] CodeEngine:279 - Generated code: C:\Users\leona\Documents\UBM\GitLab\Precharge_Control\ST\EcoMCU\Core\Inc\gpio.h
2024-12-15 17:52:57,737 [WARN] IPConfigManager:98 - WARNING: Missing Config File for DEBUG ip!!
2024-12-15 17:52:58,618 [WARN] IPConfigManager:98 - WARNING: Missing Config File for MEMORYMAP ip!!
2024-12-15 17:52:58,618 [WARN] IP:2191 - DefaultDataRegion not found: check if there is a RefParameter without a condition.
2024-12-15 17:52:58,970 [WARN] IP:2191 - OutPut1 not found: check if there is a RefParameter without a condition.
2024-12-15 17:52:58,970 [WARN] IP:2191 - OutPut2 not found: check if there is a RefParameter without a condition.
2024-12-15 17:52:58,970 [WARN] IP:2191 - OutPut3 not found: check if there is a RefParameter without a condition.
2024-12-15 17:52:58,970 [WARN] IP:2191 - BinMixBcdU not found: check if there is a RefParameter without a condition.
2024-12-15 17:52:58,971 [WARN] IP:2191 - SSRU_Underflow_Interrupt not found: check if there is a RefParameter without a condition.
2024-12-15 17:52:58,971 [WARN] IP:2191 - rtcSecureFull not found: check if there is a RefParameter without a condition.
2024-12-15 17:52:58,971 [WARN] IP:2191 - rtcNonSecureFeatures not found: check if there is a RefParameter without a condition.
2024-12-15 17:52:58,971 [WARN] IP:2191 - RTC_NONSECURE_FEATURE_NONE not found: check if there is a RefParameter without a condition.
2024-12-15 17:52:58,971 [WARN] IP:2191 - RTC_NONSECURE_FEATURE_INIT not found: check if there is a RefParameter without a condition.
2024-12-15 17:52:58,971 [WARN] IP:2191 - RTC_NONSECURE_FEATURE_ALRA not found: check if there is a RefParameter without a condition.
2024-12-15 17:52:58,971 [WARN] IP:2191 - RTC_NONSECURE_FEATURE_ALRB not found: check if there is a RefParameter without a condition.
2024-12-15 17:52:58,971 [WARN] IP:2191 - RTC_NONSECURE_FEATURE_TS not found: check if there is a RefParameter without a condition.
2024-12-15 17:52:58,971 [WARN] IP:2191 - RTC_NONSECURE_FEATURE_CAL not found: check if there is a RefParameter without a condition.
2024-12-15 17:52:58,971 [WARN] IP:2191 - RTC_NONSECURE_FEATURE_WUT not found: check if there is a RefParameter without a condition.
2024-12-15 17:52:58,971 [WARN] IP:2191 - Sec_BKP_Registers1 not found: check if there is a RefParameter without a condition.
2024-12-15 17:52:58,971 [WARN] IP:2191 - backupRegisterStartZone2_gS not found: check if there is a RefParameter without a condition.
2024-12-15 17:52:58,971 [WARN] IP:2191 - backupRegisterStartZone3_gS not found: check if there is a RefParameter without a condition.
2024-12-15 17:52:59,976 [INFO] CodeEngine:255 - oldGeneratedFile, C:\Users\leona\Documents\UBM\GitLab\Precharge_Control\ST\EcoMCU\Core\Src\adc.c_save
2024-12-15 17:53:00,238 [INFO] CodeEngine:279 - Generated code: C:\Users\leona\Documents\UBM\GitLab\Precharge_Control\ST\EcoMCU\Core\Src\adc.c
2024-12-15 17:53:00,251 [INFO] CodeEngine:255 - oldGeneratedFile, C:\Users\leona\Documents\UBM\GitLab\Precharge_Control\ST\EcoMCU\Core\Inc\adc.h_save
2024-12-15 17:53:00,370 [INFO] CodeEngine:279 - Generated code: C:\Users\leona\Documents\UBM\GitLab\Precharge_Control\ST\EcoMCU\Core\Inc\adc.h
2024-12-15 17:53:00,390 [INFO] CodeEngine:255 - oldGeneratedFile, C:\Users\leona\Documents\UBM\GitLab\Precharge_Control\ST\EcoMCU\MXTmpFiles\cortex.tmp_save
2024-12-15 17:53:00,521 [INFO] CodeEngine:279 - Generated code: C:\Users\leona\Documents\UBM\GitLab\Precharge_Control\ST\EcoMCU\MXTmpFiles\cortex.tmp
2024-12-15 17:53:00,546 [INFO] CodeEngine:255 - oldGeneratedFile, C:\Users\leona\Documents\UBM\GitLab\Precharge_Control\ST\EcoMCU\Core\Src\fdcan.c_save
2024-12-15 17:53:00,738 [INFO] CodeEngine:279 - Generated code: C:\Users\leona\Documents\UBM\GitLab\Precharge_Control\ST\EcoMCU\Core\Src\fdcan.c
2024-12-15 17:53:00,751 [INFO] CodeEngine:255 - oldGeneratedFile, C:\Users\leona\Documents\UBM\GitLab\Precharge_Control\ST\EcoMCU\Core\Inc\fdcan.h_save
2024-12-15 17:53:00,913 [INFO] CodeEngine:279 - Generated code: C:\Users\leona\Documents\UBM\GitLab\Precharge_Control\ST\EcoMCU\Core\Inc\fdcan.h
2024-12-15 17:53:00,940 [INFO] CodeEngine:255 - oldGeneratedFile, C:\Users\leona\Documents\UBM\GitLab\Precharge_Control\ST\EcoMCU\Core\Src\i2c.c_save
2024-12-15 17:53:01,133 [INFO] CodeEngine:279 - Generated code: C:\Users\leona\Documents\UBM\GitLab\Precharge_Control\ST\EcoMCU\Core\Src\i2c.c
2024-12-15 17:53:01,146 [INFO] CodeEngine:255 - oldGeneratedFile, C:\Users\leona\Documents\UBM\GitLab\Precharge_Control\ST\EcoMCU\Core\Inc\i2c.h_save
2024-12-15 17:53:01,281 [INFO] CodeEngine:279 - Generated code: C:\Users\leona\Documents\UBM\GitLab\Precharge_Control\ST\EcoMCU\Core\Inc\i2c.h
2024-12-15 17:53:01,305 [INFO] CodeEngine:255 - oldGeneratedFile, C:\Users\leona\Documents\UBM\GitLab\Precharge_Control\ST\EcoMCU\Core\Src\icache.c_save
2024-12-15 17:53:01,481 [INFO] CodeEngine:279 - Generated code: C:\Users\leona\Documents\UBM\GitLab\Precharge_Control\ST\EcoMCU\Core\Src\icache.c
2024-12-15 17:53:01,492 [INFO] CodeEngine:255 - oldGeneratedFile, C:\Users\leona\Documents\UBM\GitLab\Precharge_Control\ST\EcoMCU\Core\Inc\icache.h_save
2024-12-15 17:53:01,625 [INFO] CodeEngine:279 - Generated code: C:\Users\leona\Documents\UBM\GitLab\Precharge_Control\ST\EcoMCU\Core\Inc\icache.h
2024-12-15 17:53:01,648 [INFO] CodeEngine:255 - oldGeneratedFile, C:\Users\leona\Documents\UBM\GitLab\Precharge_Control\ST\EcoMCU\Core\Src\memorymap.c_save
2024-12-15 17:53:01,825 [INFO] CodeEngine:279 - Generated code: C:\Users\leona\Documents\UBM\GitLab\Precharge_Control\ST\EcoMCU\Core\Src\memorymap.c
2024-12-15 17:53:01,838 [INFO] CodeEngine:255 - oldGeneratedFile, C:\Users\leona\Documents\UBM\GitLab\Precharge_Control\ST\EcoMCU\Core\Inc\memorymap.h_save
2024-12-15 17:53:01,962 [INFO] CodeEngine:279 - Generated code: C:\Users\leona\Documents\UBM\GitLab\Precharge_Control\ST\EcoMCU\Core\Inc\memorymap.h
2024-12-15 17:53:01,986 [INFO] CodeEngine:255 - oldGeneratedFile, C:\Users\leona\Documents\UBM\GitLab\Precharge_Control\ST\EcoMCU\Core\Src\rtc.c_save
2024-12-15 17:53:02,227 [INFO] CodeEngine:279 - Generated code: C:\Users\leona\Documents\UBM\GitLab\Precharge_Control\ST\EcoMCU\Core\Src\rtc.c
2024-12-15 17:53:02,240 [INFO] CodeEngine:255 - oldGeneratedFile, C:\Users\leona\Documents\UBM\GitLab\Precharge_Control\ST\EcoMCU\Core\Inc\rtc.h_save
2024-12-15 17:53:02,369 [INFO] CodeEngine:279 - Generated code: C:\Users\leona\Documents\UBM\GitLab\Precharge_Control\ST\EcoMCU\Core\Inc\rtc.h
2024-12-15 17:53:02,397 [INFO] CodeEngine:255 - oldGeneratedFile, C:\Users\leona\Documents\UBM\GitLab\Precharge_Control\ST\EcoMCU\Core\Src\tim.c_save
2024-12-15 17:53:02,579 [INFO] CodeEngine:279 - Generated code: C:\Users\leona\Documents\UBM\GitLab\Precharge_Control\ST\EcoMCU\Core\Src\tim.c
2024-12-15 17:53:02,593 [INFO] CodeEngine:255 - oldGeneratedFile, C:\Users\leona\Documents\UBM\GitLab\Precharge_Control\ST\EcoMCU\Core\Inc\tim.h_save
2024-12-15 17:53:02,737 [INFO] CodeEngine:279 - Generated code: C:\Users\leona\Documents\UBM\GitLab\Precharge_Control\ST\EcoMCU\Core\Inc\tim.h
2024-12-15 17:53:02,809 [INFO] CodeEngine:255 - oldGeneratedFile, C:\Users\leona\Documents\UBM\GitLab\Precharge_Control\ST\EcoMCU\Core\Src\stm32u5xx_it.c_save
2024-12-15 17:53:03,113 [INFO] CodeEngine:279 - Generated code: C:\Users\leona\Documents\UBM\GitLab\Precharge_Control\ST\EcoMCU\Core\Src\stm32u5xx_it.c
2024-12-15 17:53:03,127 [INFO] CodeEngine:255 - oldGeneratedFile, C:\Users\leona\Documents\UBM\GitLab\Precharge_Control\ST\EcoMCU\Core\Inc\stm32u5xx_it.h_save
2024-12-15 17:53:03,274 [INFO] CodeEngine:279 - Generated code: C:\Users\leona\Documents\UBM\GitLab\Precharge_Control\ST\EcoMCU\Core\Inc\stm32u5xx_it.h
2024-12-15 17:53:03,510 [INFO] CodeEngine:255 - oldGeneratedFile, C:\Users\leona\Documents\UBM\GitLab\Precharge_Control\ST\EcoMCU\Core\Src\stm32u5xx_hal_msp.c_save
2024-12-15 17:53:03,667 [INFO] CodeEngine:279 - Generated code: C:\Users\leona\Documents\UBM\GitLab\Precharge_Control\ST\EcoMCU\Core\Src\stm32u5xx_hal_msp.c
2024-12-15 17:53:03,674 [INFO] CodeEngine:255 - oldGeneratedFile, C:\Users\leona\Documents\UBM\GitLab\Precharge_Control\ST\EcoMCU\MXTmpFiles\system.tmp_save
2024-12-15 17:53:03,780 [INFO] CodeEngine:279 - Generated code: C:\Users\leona\Documents\UBM\GitLab\Precharge_Control\ST\EcoMCU\MXTmpFiles\system.tmp
2024-12-15 17:53:03,800 [INFO] CodeEngine:311 - oldGeneratedFile, C:\Users\leona\Documents\UBM\GitLab\Precharge_Control\ST\EcoMCU\Core\Inc\stm32u5xx_hal_conf.h_save
2024-12-15 17:53:03,944 [INFO] CodeEngine:335 - Generated code: C:\Users\leona\Documents\UBM\GitLab\Precharge_Control\ST\EcoMCU\Core\Inc\stm32u5xx_hal_conf.h
2024-12-15 17:53:03,993 [INFO] CodeEngine:255 - oldGeneratedFile, C:\Users\leona\Documents\UBM\GitLab\Precharge_Control\ST\EcoMCU\Core\Inc\main.h_save
2024-12-15 17:53:04,138 [INFO] CodeEngine:279 - Generated code: C:\Users\leona\Documents\UBM\GitLab\Precharge_Control\ST\EcoMCU\Core\Inc\main.h
2024-12-15 17:53:04,149 [INFO] CodeEngine:255 - oldGeneratedFile, C:\Users\leona\Documents\UBM\GitLab\Precharge_Control\ST\EcoMCU\Core\Src\main.c_save
2024-12-15 17:53:04,295 [INFO] CodeEngine:279 - Generated code: C:\Users\leona\Documents\UBM\GitLab\Precharge_Control\ST\EcoMCU\Core\Src\main.c
2024-12-15 17:53:04,955 [INFO] ProjectBuilder:3249 - Time for Copy HAL[1] : 348mS.
2024-12-15 17:53:04,963 [INFO] ProjectBuilder:4828 - Project Generator version: 4.5.0-B34
2024-12-15 17:53:05,170 [INFO] ConfigFileManager:1531 - The Die is : DIE455
2024-12-15 17:53:07,830 [INFO] ProjectBuilder:5097 - Time for Generating toolchain IDE Files: 2867mS.
2024-12-15 17:53:07,831 [INFO] ProjectBuilder:3107 - Time for Copy CMSIS : 1mS.
2024-12-15 17:53:08,204 [INFO] ProjectBuilder:3107 - Time for Copy CMSIS : 0mS.
2024-12-15 18:01:41,063 [INFO] NvicIntPanel:101 - NVIC parent = com.st.microxplorer.plugins.ip.nvic.MultiNvicIntPanel[,0,0,0x0,invalid,layout=javax.swing.BoxLayout,alignmentX=0.0,alignmentY=0.0,border=,flags=9,maximumSize=,minimumSize=,preferredSize=]
2024-12-15 18:01:41,109 [INFO] MemInfoExtractor:277 - EVENT_MCU_SET_IP_PARAMETER
2024-12-15 18:01:44,292 [INFO] UtilMem:75 - End SaveConfig() Used Memory: 827158864 Bytes (1073741824)
2024-12-15 18:01:44,530 [INFO] UtilMem:75 - End SaveConfig() Used Memory: 846033232 Bytes (1073741824)
2024-12-15 18:01:45,927 [INFO] UtilMem:75 - End SaveConfig() Used Memory: 880736784 Bytes (1073741824)
2024-12-15 18:01:46,558 [INFO] BlockDiagram:2766 - set Specific Code input for plugin: TIM6_7U5
2024-12-15 18:01:46,558 [INFO] BlockDiagram:2766 - set Specific Code input for plugin: MEMORYMAP
2024-12-15 18:01:46,558 [INFO] BlockDiagram:2766 - set Specific Code input for plugin: TIM1_8U5
2024-12-15 18:01:46,558 [INFO] BlockDiagram:2766 - set Specific Code input for plugin: ADC
2024-12-15 18:01:46,558 [INFO] BlockDiagram:2766 - set Specific Code input for plugin: PWR
2024-12-15 18:01:46,558 [INFO] BlockDiagram:2766 - set Specific Code input for plugin: SYS
2024-12-15 18:01:46,558 [INFO] BlockDiagram:2766 - set Specific Code input for plugin: ADC
2024-12-15 18:01:46,558 [INFO] BlockDiagram:2766 - set Specific Code input for plugin: RCC
2024-12-15 18:01:46,558 [INFO] BlockDiagram:2766 - set Specific Code input for plugin: I2C
2024-12-15 18:01:46,558 [INFO] BlockDiagram:2766 - set Specific Code input for plugin: LPBAM
2024-12-15 18:01:46,558 [INFO] BlockDiagram:2766 - set Specific Code input for plugin: RTC
2024-12-15 18:01:46,558 [INFO] BlockDiagram:2766 - set Specific Code input for plugin: NVIC
2024-12-15 18:01:46,558 [INFO] BlockDiagram:2766 - set Specific Code input for plugin: ICACHE
2024-12-15 18:01:46,558 [INFO] BlockDiagram:2766 - set Specific Code input for plugin: DEBUG
2024-12-15 18:01:46,559 [INFO] BlockDiagram:2766 - set Specific Code input for plugin: GPIO
2024-12-15 18:01:46,559 [INFO] BlockDiagram:2766 - set Specific Code input for plugin: FDCAN
2024-12-15 18:01:46,559 [INFO] BlockDiagram:2766 - set Specific Code input for plugin: LPBAMQUEUE
2024-12-15 18:01:46,561 [INFO] CodeGenerator:807 - code generatio: config db path: C:\ST\STM32CubeIDE_1.16.1\STM32CubeIDE\plugins\com.st.stm32cube.common.mx_6.12.1.202409122256\\db\
2024-12-15 18:01:46,796 [WARN] IP:2191 - OutPut1 not found: check if there is a RefParameter without a condition.
2024-12-15 18:01:46,796 [WARN] IP:2191 - OutPut2 not found: check if there is a RefParameter without a condition.
2024-12-15 18:01:46,796 [WARN] IP:2191 - OutPut3 not found: check if there is a RefParameter without a condition.
2024-12-15 18:01:46,796 [WARN] IP:2191 - BinMixBcdU not found: check if there is a RefParameter without a condition.
2024-12-15 18:01:46,797 [WARN] IP:2191 - SSRU_Underflow_Interrupt not found: check if there is a RefParameter without a condition.
2024-12-15 18:01:46,797 [WARN] IP:2191 - rtcSecureFull not found: check if there is a RefParameter without a condition.
2024-12-15 18:01:46,797 [WARN] IP:2191 - rtcNonSecureFeatures not found: check if there is a RefParameter without a condition.
2024-12-15 18:01:46,797 [WARN] IP:2191 - RTC_NONSECURE_FEATURE_NONE not found: check if there is a RefParameter without a condition.
2024-12-15 18:01:46,797 [WARN] IP:2191 - RTC_NONSECURE_FEATURE_INIT not found: check if there is a RefParameter without a condition.
2024-12-15 18:01:46,797 [WARN] IP:2191 - RTC_NONSECURE_FEATURE_ALRA not found: check if there is a RefParameter without a condition.
2024-12-15 18:01:46,797 [WARN] IP:2191 - RTC_NONSECURE_FEATURE_ALRB not found: check if there is a RefParameter without a condition.
2024-12-15 18:01:46,797 [WARN] IP:2191 - RTC_NONSECURE_FEATURE_TS not found: check if there is a RefParameter without a condition.
2024-12-15 18:01:46,797 [WARN] IP:2191 - RTC_NONSECURE_FEATURE_CAL not found: check if there is a RefParameter without a condition.
2024-12-15 18:01:46,797 [WARN] IP:2191 - RTC_NONSECURE_FEATURE_WUT not found: check if there is a RefParameter without a condition.
2024-12-15 18:01:46,797 [WARN] IP:2191 - Sec_BKP_Registers1 not found: check if there is a RefParameter without a condition.
2024-12-15 18:01:46,797 [WARN] IP:2191 - backupRegisterStartZone2_gS not found: check if there is a RefParameter without a condition.
2024-12-15 18:01:46,797 [WARN] IP:2191 - backupRegisterStartZone3_gS not found: check if there is a RefParameter without a condition.
2024-12-15 18:01:46,798 [WARN] IP:2191 - SSRU_Underflow_Interrupt not found: check if there is a RefParameter without a condition.
2024-12-15 18:01:46,798 [WARN] IP:2191 - BinMixBcdU not found: check if there is a RefParameter without a condition.
2024-12-15 18:01:47,084 [INFO] CodeEngine:255 - oldGeneratedFile, C:\Users\leona\Documents\UBM\GitLab\Precharge_Control\ST\EcoMCU\MXTmpFiles\license.tmp_save
2024-12-15 18:01:47,271 [INFO] CodeEngine:279 - Generated code: C:\Users\leona\Documents\UBM\GitLab\Precharge_Control\ST\EcoMCU\MXTmpFiles\license.tmp
2024-12-15 18:01:47,538 [INFO] CodeEngine:255 - oldGeneratedFile, C:\Users\leona\Documents\UBM\GitLab\Precharge_Control\ST\EcoMCU\Core\Src\gpio.c_save
2024-12-15 18:01:47,689 [INFO] CodeEngine:279 - Generated code: C:\Users\leona\Documents\UBM\GitLab\Precharge_Control\ST\EcoMCU\Core\Src\gpio.c
2024-12-15 18:01:47,704 [INFO] CodeEngine:255 - oldGeneratedFile, C:\Users\leona\Documents\UBM\GitLab\Precharge_Control\ST\EcoMCU\Core\Inc\gpio.h_save
2024-12-15 18:01:47,855 [INFO] CodeEngine:279 - Generated code: C:\Users\leona\Documents\UBM\GitLab\Precharge_Control\ST\EcoMCU\Core\Inc\gpio.h
2024-12-15 18:01:48,678 [WARN] IPConfigManager:98 - WARNING: Missing Config File for DEBUG ip!!
2024-12-15 18:01:49,548 [WARN] IPConfigManager:98 - WARNING: Missing Config File for MEMORYMAP ip!!
2024-12-15 18:01:49,548 [WARN] IP:2191 - DefaultDataRegion not found: check if there is a RefParameter without a condition.
2024-12-15 18:01:49,932 [WARN] IP:2191 - OutPut1 not found: check if there is a RefParameter without a condition.
2024-12-15 18:01:49,933 [WARN] IP:2191 - OutPut2 not found: check if there is a RefParameter without a condition.
2024-12-15 18:01:49,933 [WARN] IP:2191 - OutPut3 not found: check if there is a RefParameter without a condition.
2024-12-15 18:01:49,933 [WARN] IP:2191 - BinMixBcdU not found: check if there is a RefParameter without a condition.
2024-12-15 18:01:49,933 [WARN] IP:2191 - SSRU_Underflow_Interrupt not found: check if there is a RefParameter without a condition.
2024-12-15 18:01:49,933 [WARN] IP:2191 - rtcSecureFull not found: check if there is a RefParameter without a condition.
2024-12-15 18:01:49,933 [WARN] IP:2191 - rtcNonSecureFeatures not found: check if there is a RefParameter without a condition.
2024-12-15 18:01:49,933 [WARN] IP:2191 - RTC_NONSECURE_FEATURE_NONE not found: check if there is a RefParameter without a condition.
2024-12-15 18:01:49,933 [WARN] IP:2191 - RTC_NONSECURE_FEATURE_INIT not found: check if there is a RefParameter without a condition.
2024-12-15 18:01:49,933 [WARN] IP:2191 - RTC_NONSECURE_FEATURE_ALRA not found: check if there is a RefParameter without a condition.
2024-12-15 18:01:49,933 [WARN] IP:2191 - RTC_NONSECURE_FEATURE_ALRB not found: check if there is a RefParameter without a condition.
2024-12-15 18:01:49,933 [WARN] IP:2191 - RTC_NONSECURE_FEATURE_TS not found: check if there is a RefParameter without a condition.
2024-12-15 18:01:49,933 [WARN] IP:2191 - RTC_NONSECURE_FEATURE_CAL not found: check if there is a RefParameter without a condition.
2024-12-15 18:01:49,933 [WARN] IP:2191 - RTC_NONSECURE_FEATURE_WUT not found: check if there is a RefParameter without a condition.
2024-12-15 18:01:49,933 [WARN] IP:2191 - Sec_BKP_Registers1 not found: check if there is a RefParameter without a condition.
2024-12-15 18:01:49,933 [WARN] IP:2191 - backupRegisterStartZone2_gS not found: check if there is a RefParameter without a condition.
2024-12-15 18:01:49,934 [WARN] IP:2191 - backupRegisterStartZone3_gS not found: check if there is a RefParameter without a condition.
2024-12-15 18:01:50,865 [INFO] CodeEngine:255 - oldGeneratedFile, C:\Users\leona\Documents\UBM\GitLab\Precharge_Control\ST\EcoMCU\Core\Src\adc.c_save
2024-12-15 18:01:51,098 [INFO] CodeEngine:279 - Generated code: C:\Users\leona\Documents\UBM\GitLab\Precharge_Control\ST\EcoMCU\Core\Src\adc.c
2024-12-15 18:01:51,114 [INFO] CodeEngine:255 - oldGeneratedFile, C:\Users\leona\Documents\UBM\GitLab\Precharge_Control\ST\EcoMCU\Core\Inc\adc.h_save
2024-12-15 18:01:51,246 [INFO] CodeEngine:279 - Generated code: C:\Users\leona\Documents\UBM\GitLab\Precharge_Control\ST\EcoMCU\Core\Inc\adc.h
2024-12-15 18:01:51,265 [INFO] CodeEngine:255 - oldGeneratedFile, C:\Users\leona\Documents\UBM\GitLab\Precharge_Control\ST\EcoMCU\MXTmpFiles\cortex.tmp_save
2024-12-15 18:01:51,384 [INFO] CodeEngine:279 - Generated code: C:\Users\leona\Documents\UBM\GitLab\Precharge_Control\ST\EcoMCU\MXTmpFiles\cortex.tmp
2024-12-15 18:01:51,408 [INFO] CodeEngine:255 - oldGeneratedFile, C:\Users\leona\Documents\UBM\GitLab\Precharge_Control\ST\EcoMCU\Core\Src\fdcan.c_save
2024-12-15 18:01:51,622 [INFO] CodeEngine:279 - Generated code: C:\Users\leona\Documents\UBM\GitLab\Precharge_Control\ST\EcoMCU\Core\Src\fdcan.c
2024-12-15 18:01:51,633 [INFO] CodeEngine:255 - oldGeneratedFile, C:\Users\leona\Documents\UBM\GitLab\Precharge_Control\ST\EcoMCU\Core\Inc\fdcan.h_save
2024-12-15 18:01:51,774 [INFO] CodeEngine:279 - Generated code: C:\Users\leona\Documents\UBM\GitLab\Precharge_Control\ST\EcoMCU\Core\Inc\fdcan.h
2024-12-15 18:01:51,798 [INFO] CodeEngine:255 - oldGeneratedFile, C:\Users\leona\Documents\UBM\GitLab\Precharge_Control\ST\EcoMCU\Core\Src\i2c.c_save
2024-12-15 18:01:51,987 [INFO] CodeEngine:279 - Generated code: C:\Users\leona\Documents\UBM\GitLab\Precharge_Control\ST\EcoMCU\Core\Src\i2c.c
2024-12-15 18:01:52,000 [INFO] CodeEngine:255 - oldGeneratedFile, C:\Users\leona\Documents\UBM\GitLab\Precharge_Control\ST\EcoMCU\Core\Inc\i2c.h_save
2024-12-15 18:01:52,142 [INFO] CodeEngine:279 - Generated code: C:\Users\leona\Documents\UBM\GitLab\Precharge_Control\ST\EcoMCU\Core\Inc\i2c.h
2024-12-15 18:01:52,165 [INFO] CodeEngine:255 - oldGeneratedFile, C:\Users\leona\Documents\UBM\GitLab\Precharge_Control\ST\EcoMCU\Core\Src\icache.c_save
2024-12-15 18:01:52,352 [INFO] CodeEngine:279 - Generated code: C:\Users\leona\Documents\UBM\GitLab\Precharge_Control\ST\EcoMCU\Core\Src\icache.c
2024-12-15 18:01:52,366 [INFO] CodeEngine:255 - oldGeneratedFile, C:\Users\leona\Documents\UBM\GitLab\Precharge_Control\ST\EcoMCU\Core\Inc\icache.h_save
2024-12-15 18:01:52,505 [INFO] CodeEngine:279 - Generated code: C:\Users\leona\Documents\UBM\GitLab\Precharge_Control\ST\EcoMCU\Core\Inc\icache.h
2024-12-15 18:01:52,527 [INFO] CodeEngine:255 - oldGeneratedFile, C:\Users\leona\Documents\UBM\GitLab\Precharge_Control\ST\EcoMCU\Core\Src\memorymap.c_save
2024-12-15 18:01:52,692 [INFO] CodeEngine:279 - Generated code: C:\Users\leona\Documents\UBM\GitLab\Precharge_Control\ST\EcoMCU\Core\Src\memorymap.c
2024-12-15 18:01:52,702 [INFO] CodeEngine:255 - oldGeneratedFile, C:\Users\leona\Documents\UBM\GitLab\Precharge_Control\ST\EcoMCU\Core\Inc\memorymap.h_save
2024-12-15 18:01:52,916 [INFO] CodeEngine:279 - Generated code: C:\Users\leona\Documents\UBM\GitLab\Precharge_Control\ST\EcoMCU\Core\Inc\memorymap.h
2024-12-15 18:01:52,941 [INFO] CodeEngine:255 - oldGeneratedFile, C:\Users\leona\Documents\UBM\GitLab\Precharge_Control\ST\EcoMCU\Core\Src\rtc.c_save
2024-12-15 18:01:53,106 [INFO] CodeEngine:279 - Generated code: C:\Users\leona\Documents\UBM\GitLab\Precharge_Control\ST\EcoMCU\Core\Src\rtc.c
2024-12-15 18:01:53,117 [INFO] CodeEngine:255 - oldGeneratedFile, C:\Users\leona\Documents\UBM\GitLab\Precharge_Control\ST\EcoMCU\Core\Inc\rtc.h_save
2024-12-15 18:01:53,243 [INFO] CodeEngine:279 - Generated code: C:\Users\leona\Documents\UBM\GitLab\Precharge_Control\ST\EcoMCU\Core\Inc\rtc.h
2024-12-15 18:01:53,270 [INFO] CodeEngine:255 - oldGeneratedFile, C:\Users\leona\Documents\UBM\GitLab\Precharge_Control\ST\EcoMCU\Core\Src\tim.c_save
2024-12-15 18:01:53,476 [INFO] CodeEngine:279 - Generated code: C:\Users\leona\Documents\UBM\GitLab\Precharge_Control\ST\EcoMCU\Core\Src\tim.c
2024-12-15 18:01:53,493 [INFO] CodeEngine:255 - oldGeneratedFile, C:\Users\leona\Documents\UBM\GitLab\Precharge_Control\ST\EcoMCU\Core\Inc\tim.h_save
2024-12-15 18:01:53,632 [INFO] CodeEngine:279 - Generated code: C:\Users\leona\Documents\UBM\GitLab\Precharge_Control\ST\EcoMCU\Core\Inc\tim.h
2024-12-15 18:01:53,705 [INFO] CodeEngine:255 - oldGeneratedFile, C:\Users\leona\Documents\UBM\GitLab\Precharge_Control\ST\EcoMCU\Core\Src\stm32u5xx_it.c_save
2024-12-15 18:01:54,045 [INFO] CodeEngine:279 - Generated code: C:\Users\leona\Documents\UBM\GitLab\Precharge_Control\ST\EcoMCU\Core\Src\stm32u5xx_it.c
2024-12-15 18:01:54,060 [INFO] CodeEngine:255 - oldGeneratedFile, C:\Users\leona\Documents\UBM\GitLab\Precharge_Control\ST\EcoMCU\Core\Inc\stm32u5xx_it.h_save
2024-12-15 18:01:54,186 [INFO] CodeEngine:279 - Generated code: C:\Users\leona\Documents\UBM\GitLab\Precharge_Control\ST\EcoMCU\Core\Inc\stm32u5xx_it.h
2024-12-15 18:01:54,432 [INFO] CodeEngine:255 - oldGeneratedFile, C:\Users\leona\Documents\UBM\GitLab\Precharge_Control\ST\EcoMCU\Core\Src\stm32u5xx_hal_msp.c_save
2024-12-15 18:01:54,586 [INFO] CodeEngine:279 - Generated code: C:\Users\leona\Documents\UBM\GitLab\Precharge_Control\ST\EcoMCU\Core\Src\stm32u5xx_hal_msp.c
2024-12-15 18:01:54,596 [INFO] CodeEngine:255 - oldGeneratedFile, C:\Users\leona\Documents\UBM\GitLab\Precharge_Control\ST\EcoMCU\MXTmpFiles\system.tmp_save
2024-12-15 18:01:54,686 [INFO] CodeEngine:279 - Generated code: C:\Users\leona\Documents\UBM\GitLab\Precharge_Control\ST\EcoMCU\MXTmpFiles\system.tmp
2024-12-15 18:01:54,707 [INFO] CodeEngine:311 - oldGeneratedFile, C:\Users\leona\Documents\UBM\GitLab\Precharge_Control\ST\EcoMCU\Core\Inc\stm32u5xx_hal_conf.h_save
2024-12-15 18:01:54,845 [INFO] CodeEngine:335 - Generated code: C:\Users\leona\Documents\UBM\GitLab\Precharge_Control\ST\EcoMCU\Core\Inc\stm32u5xx_hal_conf.h
2024-12-15 18:01:54,898 [INFO] CodeEngine:255 - oldGeneratedFile, C:\Users\leona\Documents\UBM\GitLab\Precharge_Control\ST\EcoMCU\Core\Inc\main.h_save
2024-12-15 18:01:55,034 [INFO] CodeEngine:279 - Generated code: C:\Users\leona\Documents\UBM\GitLab\Precharge_Control\ST\EcoMCU\Core\Inc\main.h
2024-12-15 18:01:55,047 [INFO] CodeEngine:255 - oldGeneratedFile, C:\Users\leona\Documents\UBM\GitLab\Precharge_Control\ST\EcoMCU\Core\Src\main.c_save
2024-12-15 18:01:55,249 [INFO] CodeEngine:279 - Generated code: C:\Users\leona\Documents\UBM\GitLab\Precharge_Control\ST\EcoMCU\Core\Src\main.c
2024-12-15 18:01:55,879 [INFO] ProjectBuilder:3249 - Time for Copy HAL[1] : 346mS.
2024-12-15 18:01:55,887 [INFO] ProjectBuilder:4828 - Project Generator version: 4.5.0-B34
2024-12-15 18:01:56,081 [INFO] ConfigFileManager:1531 - The Die is : DIE455
2024-12-15 18:01:58,831 [INFO] ProjectBuilder:5097 - Time for Generating toolchain IDE Files: 2944mS.
2024-12-15 18:01:58,832 [INFO] ProjectBuilder:3107 - Time for Copy CMSIS : 1mS.
2024-12-15 18:01:58,838 [INFO] ProjectBuilder:3107 - Time for Copy CMSIS : 0mS.
2024-12-15 18:11:43,984 [ERROR] LogOutputStream:75 - [STDERR_REDIRECT] 
2024-12-15 22:22:34,757 [INFO] Activator:176 - 


2024-12-15 22:22:34,761 [INFO] Activator:177 - !SESSION log4j initialized
2024-12-15 22:22:46,154 [INFO] LogOutputStream:77 - [STDOUT_REDIRECT] 
2024-12-15 22:22:53,970 [INFO] ApplicationProperties:184 - Using Application install path: C:\ST\STM32CubeIDE_1.16.1\STM32CubeIDE\plugins\com.st.stm32cube.common.mx_6.12.1.202409122256
2024-12-15 22:22:54,005 [INFO] DbMcusXml:78 - Set database path to: C:\ST\STM32CubeIDE_1.16.1\STM32CubeIDE\plugins\com.st.stm32cube.common.mx_6.12.1.202409122256\\db\/mcu/
2024-12-15 22:22:54,006 [INFO] ApiDb:274 - Set plugin database path to: C:\ST\STM32CubeIDE_1.16.1\STM32CubeIDE\plugins\com.st.stm32cube.common.mx_6.12.1.202409122256\\db\/plugins/boardmanager/
2024-12-15 22:22:54,007 [WARN] ApiDb:259 - Overriding images path with different value:  => C:\ST\STM32CubeIDE_1.16.1\STM32CubeIDE\plugins\com.st.stm32cube.common.mx_6.12.1.202409122256\\db\/plugins/mcufinder/images/
2024-12-15 22:22:54,021 [INFO] ApiDb:250 - Set database path to: C:\Users\leona\.stmcufinder\plugins\mcufinder//mcu/
2024-12-15 22:22:54,023 [INFO] DbMcusAds:125 - Set database path to: C:\Users\leona\.stmcufinder\plugins\mcufinder//mcu/
2024-12-15 22:22:54,028 [INFO] CrossReferenceDbSqlite:203 - Set database path to: C:\Users\leona\.stmcufinder\plugins\mcufinder//mcu/cs/
2024-12-15 22:22:54,237 [INFO] RulesReader:64 - Compatibility file has been processed (297 Rules)
2024-12-15 22:22:54,396 [INFO] DbMcusXml:78 - Set database path to: C:\ST\STM32CubeIDE_1.16.1\STM32CubeIDE\plugins\com.st.stm32cube.common.mx_6.12.1.202409122256\\db\/mcu/
2024-12-15 22:22:54,396 [INFO] ApiDb:274 - Set plugin database path to: C:\ST\STM32CubeIDE_1.16.1\STM32CubeIDE\plugins\com.st.stm32cube.common.mx_6.12.1.202409122256\\db\/plugins/boardmanager/
2024-12-15 22:22:54,396 [INFO] ApiDb:261 - Set plugin images path to: C:\ST\STM32CubeIDE_1.16.1\STM32CubeIDE\plugins\com.st.stm32cube.common.mx_6.12.1.202409122256\\db\/plugins/mcufinder/images/
2024-12-15 22:22:54,397 [WARN] DbFile:41 - Overriding database path with different value: C:\Users\leona\.stmcufinder\plugins\mcufinder/ => C:\Users\leona\.stmcufinder\plugins\mcufinder
2024-12-15 22:22:54,397 [INFO] ApiDb:250 - Set database path to: C:\Users\leona\.stmcufinder\plugins\mcufinder//mcu/
2024-12-15 22:22:54,397 [WARN] DbFile:41 - Overriding database path with different value: C:\Users\leona\.stmcufinder\plugins\mcufinder/ => C:\Users\leona\.stmcufinder\plugins\mcufinder
2024-12-15 22:22:54,398 [INFO] DbMcusAds:125 - Set database path to: C:\Users\leona\.stmcufinder\plugins\mcufinder//mcu/
2024-12-15 22:22:54,398 [WARN] DbFile:41 - Overriding database path with different value: C:\Users\leona\.stmcufinder\plugins\mcufinder/ => C:\Users\leona\.stmcufinder\plugins\mcufinder
2024-12-15 22:22:54,398 [WARN] DbFile:41 - Overriding database path with different value: C:\Users\leona\.stmcufinder\plugins\mcufinder/ => C:\Users\leona\.stmcufinder\plugins\mcufinder
2024-12-15 22:22:54,398 [INFO] CrossReferenceDbSqlite:203 - Set database path to: C:\Users\leona\.stmcufinder\plugins\mcufinder//mcu/cs/
2024-12-15 22:22:54,541 [INFO] MainPanel:268 - HeapMemory: 268435456
2024-12-15 22:22:54,694 [INFO] DbMcusXml:78 - Set database path to: C:\ST\STM32CubeIDE_1.16.1\STM32CubeIDE\plugins\com.st.stm32cube.common.mx_6.12.1.202409122256\\db\/mcu/
2024-12-15 22:22:54,694 [INFO] ApiDb:274 - Set plugin database path to: C:\ST\STM32CubeIDE_1.16.1\STM32CubeIDE\plugins\com.st.stm32cube.common.mx_6.12.1.202409122256\\db\/plugins/boardmanager/
2024-12-15 22:22:54,695 [INFO] ApiDb:261 - Set plugin images path to: C:\ST\STM32CubeIDE_1.16.1\STM32CubeIDE\plugins\com.st.stm32cube.common.mx_6.12.1.202409122256\\db\/plugins/mcufinder/images/
2024-12-15 22:22:54,695 [WARN] DbFile:41 - Overriding database path with different value: C:\Users\leona\.stmcufinder\plugins\mcufinder/ => C:\Users\leona\.stmcufinder\plugins\mcufinder
2024-12-15 22:22:54,695 [INFO] ApiDb:250 - Set database path to: C:\Users\leona\.stmcufinder\plugins\mcufinder//mcu/
2024-12-15 22:22:54,696 [WARN] DbFile:41 - Overriding database path with different value: C:\Users\leona\.stmcufinder\plugins\mcufinder/ => C:\Users\leona\.stmcufinder\plugins\mcufinder
2024-12-15 22:22:54,696 [INFO] DbMcusAds:125 - Set database path to: C:\Users\leona\.stmcufinder\plugins\mcufinder//mcu/
2024-12-15 22:22:54,696 [WARN] DbFile:41 - Overriding database path with different value: C:\Users\leona\.stmcufinder\plugins\mcufinder/ => C:\Users\leona\.stmcufinder\plugins\mcufinder
2024-12-15 22:22:54,696 [WARN] DbFile:41 - Overriding database path with different value: C:\Users\leona\.stmcufinder\plugins\mcufinder/ => C:\Users\leona\.stmcufinder\plugins\mcufinder
2024-12-15 22:22:54,696 [INFO] CrossReferenceDbSqlite:203 - Set database path to: C:\Users\leona\.stmcufinder\plugins\mcufinder//mcu/cs/
2024-12-15 22:22:54,732 [INFO] ApplicationProperties:184 - Using Application install path: C:\ST\STM32CubeIDE_1.16.1\STM32CubeIDE\plugins\com.st.stm32cube.common.mx_6.12.1.202409122256
2024-12-15 22:22:54,734 [INFO] PluginManage:196 - Search for loadable plugins [exclusion list=, ]
2024-12-15 22:22:54,736 [INFO] PluginManage:310 - Check plugin analytics
2024-12-15 22:22:59,632 [INFO] AnalyticsPlugin:253 - Accepted Software Licenses: STM32CubeMX.6.12.1
2024-12-15 22:22:59,632 [INFO] AnalyticsPlugin:255 - Accepted CMSIS Pack Licenses: 
2024-12-15 22:22:59,633 [INFO] AnalyticsPlugin:257 - Accepted Firmware Licenses: FW.F4.1.27.0,FW.L4.1.18.0,FW.F4.1.28.0,FW.WL.1.3.0,FW.G4.1.6.0,FW.U5.1.6.0
2024-12-15 22:22:59,640 [INFO] PluginManage:359 - Loaded plugin analytics (category:tool,tabindex:-1)
2024-12-15 22:22:59,641 [INFO] PluginManage:310 - Check plugin cadmodel
2024-12-15 22:22:59,652 [INFO] CADModel:105 - Init CAD model plugin
2024-12-15 22:22:59,653 [INFO] PluginManage:359 - Loaded plugin cadmodel (category:power,tabindex:5)
2024-12-15 22:22:59,653 [INFO] PluginManage:310 - Check plugin clock
2024-12-15 22:22:59,674 [INFO] PluginManage:359 - Loaded plugin clock (category:base,tabindex:2)
2024-12-15 22:22:59,674 [INFO] PluginManage:310 - Check plugin ddr
2024-12-15 22:22:59,679 [INFO] PluginManage:359 - Loaded plugin ddr (category:tool,tabindex:6)
2024-12-15 22:22:59,679 [INFO] PluginManage:310 - Check plugin filemanager
2024-12-15 22:22:59,924 [INFO] PluginManage:359 - Loaded plugin filemanager (category:base,tabindex:10)
2024-12-15 22:22:59,925 [INFO] PluginManage:310 - Check plugin ipmanager
2024-12-15 22:22:59,935 [INFO] PluginManage:359 - Loaded plugin ipmanager (category:base,tabindex:5)
2024-12-15 22:22:59,936 [INFO] PluginManage:310 - Check plugin lpbam
2024-12-15 22:22:59,950 [INFO] PluginManage:359 - Loaded plugin lpbam (category:base,tabindex:0)
2024-12-15 22:22:59,950 [INFO] PluginManage:310 - Check plugin memorymap
2024-12-15 22:22:59,968 [INFO] PluginManage:359 - Loaded plugin memorymap (category:base,tabindex:4)
2024-12-15 22:22:59,968 [INFO] PluginManage:310 - Check plugin pinoutandconfiguration
2024-12-15 22:22:59,980 [INFO] PluginManage:359 - Loaded plugin pinoutandconfiguration (category:base,tabindex:1)
2024-12-15 22:22:59,980 [INFO] PluginManage:310 - Check plugin pinoutconfig
2024-12-15 22:23:00,147 [WARN] SupportedApi:132 - Cannot load RTOS API schema: s4s-elt-must-match.1: The content of 'definitions' must match (annotation?, (simpleType | complexType)?, (unique | key | keyref)*)). A problem was found starting at: attribute.
2024-12-15 22:23:00,440 [INFO] PluginManage:359 - Loaded plugin pinoutconfig (category:base,tabindex:0)
2024-12-15 22:23:00,440 [INFO] PluginManage:310 - Check plugin power
2024-12-15 22:23:00,457 [INFO] PluginManage:359 - Loaded plugin power (category:power,tabindex:4)
2024-12-15 22:23:00,458 [INFO] PluginManage:310 - Check plugin projectmanager
2024-12-15 22:23:00,491 [INFO] PluginManage:359 - Loaded plugin projectmanager (category:projectmanager,tabindex:4)
2024-12-15 22:23:00,492 [INFO] PluginManage:310 - Check plugin rif
2024-12-15 22:23:00,502 [INFO] PluginManage:359 - Loaded plugin rif (category:base,tabindex:3)
2024-12-15 22:23:00,503 [INFO] PluginManage:310 - Check plugin thirdparty
2024-12-15 22:23:00,801 [INFO] PluginManage:359 - Loaded plugin thirdparty (category:base,tabindex:-1)
2024-12-15 22:23:00,802 [INFO] PluginManage:310 - Check plugin tools
2024-12-15 22:23:00,801 [WARN] IntegrityCheckThread:84 - waiting for thirdparty lock release [integrity check]
2024-12-15 22:23:00,802 [INFO] IntegrityCheckThread:86 - entering critical section [integrity check]
2024-12-15 22:23:00,803 [INFO] ThirdPartyUpdaterWithRetryManager:70 - Updater plugin not ready yet. [1/15]
2024-12-15 22:23:00,807 [INFO] PluginManage:359 - Loaded plugin tools (category:base,tabindex:7)
2024-12-15 22:23:00,807 [INFO] PluginManage:310 - Check plugin tutovideos
2024-12-15 22:23:01,153 [INFO] PluginManage:359 - Loaded plugin tutovideos (category:base,tabindex:-1)
2024-12-15 22:23:01,153 [INFO] PluginManage:310 - Check plugin updater
2024-12-15 22:23:01,232 [INFO] PluginManage:359 - Loaded plugin updater (category:base,tabindex:12)
2024-12-15 22:23:01,233 [INFO] PluginManage:310 - Check plugin userauth
2024-12-15 22:23:01,241 [INFO] UserAuth:113 - Init User Auth plugin
2024-12-15 22:23:01,242 [INFO] PluginManage:359 - Loaded plugin userauth (category:base,tabindex:14)
2024-12-15 22:23:01,243 [INFO] PluginManage:283 - PluginManage : Loaded plugins [18]
2024-12-15 22:23:01,586 [INFO] PinOutPanel:1561 - setPackage(No Configuration,No Configuration)
2024-12-15 22:23:01,728 [INFO] CADModel:165 - CPN selected for project level
2024-12-15 22:23:01,728 [INFO] CADModel:114 - Register for checkConnection events
2024-12-15 22:23:01,750 [INFO] IPUIPlugin:80 - create IPUIPlugin
2024-12-15 22:23:01,751 [INFO] PluginManager:220 - loadIPPluginJar : add adc
2024-12-15 22:23:01,755 [INFO] IPUIPlugin:80 - create IPUIPlugin
2024-12-15 22:23:01,755 [INFO] PluginManager:220 - loadIPPluginJar : add aes
2024-12-15 22:23:01,761 [INFO] IPUIPlugin:80 - create IPUIPlugin
2024-12-15 22:23:01,761 [INFO] PluginManager:220 - loadIPPluginJar : add can
2024-12-15 22:23:01,765 [INFO] IPUIPlugin:80 - create IPUIPlugin
2024-12-15 22:23:01,765 [INFO] PluginManager:220 - loadIPPluginJar : add comp
2024-12-15 22:23:01,771 [INFO] IPUIPlugin:80 - create IPUIPlugin
2024-12-15 22:23:01,771 [INFO] PluginManager:220 - loadIPPluginJar : add cryp
2024-12-15 22:23:01,776 [INFO] IPUIPlugin:80 - create IPUIPlugin
2024-12-15 22:23:01,776 [INFO] PluginManager:220 - loadIPPluginJar : add ddr_ctrl_phy
2024-12-15 22:23:01,784 [INFO] IPUIPlugin:80 - create IPUIPlugin
2024-12-15 22:23:01,784 [INFO] PluginManager:220 - loadIPPluginJar : add dfsdm
2024-12-15 22:23:01,799 [INFO] IPUIPlugin:80 - create IPUIPlugin
2024-12-15 22:23:01,800 [INFO] PluginManager:220 - loadIPPluginJar : add dma
2024-12-15 22:23:01,805 [INFO] IPUIPlugin:80 - create IPUIPlugin
2024-12-15 22:23:01,805 [INFO] PluginManager:220 - loadIPPluginJar : add dma3
2024-12-15 22:23:01,811 [INFO] IPUIPlugin:80 - create IPUIPlugin
2024-12-15 22:23:01,811 [INFO] PluginManager:220 - loadIPPluginJar : add extmemmanager
2024-12-15 22:23:01,813 [INFO] IPUIPlugin:80 - create IPUIPlugin
2024-12-15 22:23:01,814 [INFO] PluginManager:220 - loadIPPluginJar : add fatfs
2024-12-15 22:23:01,820 [INFO] IPUIPlugin:80 - create IPUIPlugin
2024-12-15 22:23:01,820 [INFO] PluginManager:220 - loadIPPluginJar : add fmc
2024-12-15 22:23:01,832 [INFO] IPUIPlugin:80 - create IPUIPlugin
2024-12-15 22:23:01,832 [INFO] PluginManager:220 - loadIPPluginJar : add freertos
2024-12-15 22:23:01,835 [INFO] IPUIPlugin:80 - create IPUIPlugin
2024-12-15 22:23:01,835 [INFO] PluginManager:220 - loadIPPluginJar : add genericplugin
2024-12-15 22:23:01,840 [INFO] IPUIPlugin:80 - create IPUIPlugin
2024-12-15 22:23:01,840 [INFO] PluginManager:220 - loadIPPluginJar : add gfxmmu
2024-12-15 22:23:01,848 [INFO] IPUIPlugin:80 - create IPUIPlugin
2024-12-15 22:23:01,848 [INFO] PluginManager:220 - loadIPPluginJar : add gic
2024-12-15 22:23:01,854 [INFO] IPUIPlugin:80 - create IPUIPlugin
2024-12-15 22:23:01,854 [INFO] PluginManager:220 - loadIPPluginJar : add gpio
2024-12-15 22:23:01,859 [INFO] IPUIPlugin:80 - create IPUIPlugin
2024-12-15 22:23:01,859 [INFO] PluginManager:220 - loadIPPluginJar : add gtzc
2024-12-15 22:23:01,863 [INFO] IPUIPlugin:80 - create IPUIPlugin
2024-12-15 22:23:01,863 [INFO] PluginManager:220 - loadIPPluginJar : add hash
2024-12-15 22:23:01,868 [INFO] IPUIPlugin:80 - create IPUIPlugin
2024-12-15 22:23:01,868 [INFO] PluginManager:220 - loadIPPluginJar : add i2c
2024-12-15 22:23:01,873 [INFO] IPUIPlugin:80 - create IPUIPlugin
2024-12-15 22:23:01,874 [INFO] PluginManager:220 - loadIPPluginJar : add i2s
2024-12-15 22:23:01,879 [INFO] IPUIPlugin:80 - create IPUIPlugin
2024-12-15 22:23:01,879 [INFO] PluginManager:220 - loadIPPluginJar : add i3c
2024-12-15 22:23:01,884 [INFO] IPUIPlugin:80 - create IPUIPlugin
2024-12-15 22:23:01,885 [INFO] PluginManager:220 - loadIPPluginJar : add ipddr
2024-12-15 22:23:01,894 [INFO] IPUIPlugin:80 - create IPUIPlugin
2024-12-15 22:23:01,895 [INFO] PluginManager:220 - loadIPPluginJar : add linkedlist
2024-12-15 22:23:01,901 [INFO] IPUIPlugin:80 - create IPUIPlugin
2024-12-15 22:23:01,901 [INFO] PluginManager:220 - loadIPPluginJar : add lorawan
2024-12-15 22:23:01,905 [INFO] IPUIPlugin:80 - create IPUIPlugin
2024-12-15 22:23:01,905 [INFO] PluginManager:220 - loadIPPluginJar : add ltdc
2024-12-15 22:23:01,913 [INFO] IPUIPlugin:80 - create IPUIPlugin
2024-12-15 22:23:01,913 [INFO] PluginManager:220 - loadIPPluginJar : add mdma
2024-12-15 22:23:01,918 [INFO] IPUIPlugin:80 - create IPUIPlugin
2024-12-15 22:23:01,918 [INFO] PluginManager:220 - loadIPPluginJar : add nvic
2024-12-15 22:23:01,923 [INFO] IPUIPlugin:80 - create IPUIPlugin
2024-12-15 22:23:01,923 [INFO] PluginManager:220 - loadIPPluginJar : add opamp
2024-12-15 22:23:01,928 [INFO] IPUIPlugin:80 - create IPUIPlugin
2024-12-15 22:23:01,928 [INFO] PluginManager:220 - loadIPPluginJar : add openamp
2024-12-15 22:23:01,932 [INFO] IPUIPlugin:80 - create IPUIPlugin
2024-12-15 22:23:01,932 [INFO] PluginManager:220 - loadIPPluginJar : add pdm2pcm
2024-12-15 22:23:01,943 [INFO] IPUIPlugin:80 - create IPUIPlugin
2024-12-15 22:23:01,949 [INFO] PluginManager:220 - loadIPPluginJar : add plateformsettings
2024-12-15 22:23:01,952 [INFO] IPUIPlugin:80 - create IPUIPlugin
2024-12-15 22:23:01,953 [INFO] PluginManager:220 - loadIPPluginJar : add quadspi
2024-12-15 22:23:01,956 [INFO] IPUIPlugin:80 - create IPUIPlugin
2024-12-15 22:23:01,958 [INFO] PluginManager:220 - loadIPPluginJar : add radio
2024-12-15 22:23:01,964 [INFO] IPUIPlugin:80 - create IPUIPlugin
2024-12-15 22:23:01,964 [INFO] PluginManager:220 - loadIPPluginJar : add resmgrutility
2024-12-15 22:23:01,971 [INFO] IPUIPlugin:80 - create IPUIPlugin
2024-12-15 22:23:01,971 [INFO] PluginManager:220 - loadIPPluginJar : add sai
2024-12-15 22:23:01,977 [INFO] IPUIPlugin:80 - create IPUIPlugin
2024-12-15 22:23:01,977 [INFO] PluginManager:220 - loadIPPluginJar : add spi
2024-12-15 22:23:01,987 [INFO] IPUIPlugin:80 - create IPUIPlugin
2024-12-15 22:23:01,987 [INFO] PluginManager:220 - loadIPPluginJar : add stm32_wpan
2024-12-15 22:23:01,991 [INFO] IPUIPlugin:80 - create IPUIPlugin
2024-12-15 22:23:01,991 [INFO] PluginManager:220 - loadIPPluginJar : add tim
2024-12-15 22:23:01,998 [INFO] IPUIPlugin:80 - create IPUIPlugin
2024-12-15 22:23:01,999 [INFO] PluginManager:220 - loadIPPluginJar : add touchsensing
2024-12-15 22:23:02,003 [INFO] IPUIPlugin:80 - create IPUIPlugin
2024-12-15 22:23:02,003 [INFO] PluginManager:220 - loadIPPluginJar : add tracer_emb
2024-12-15 22:23:02,007 [INFO] IPUIPlugin:80 - create IPUIPlugin
2024-12-15 22:23:02,007 [INFO] PluginManager:220 - loadIPPluginJar : add ts
2024-12-15 22:23:02,011 [INFO] IPUIPlugin:80 - create IPUIPlugin
2024-12-15 22:23:02,011 [INFO] PluginManager:220 - loadIPPluginJar : add tsc
2024-12-15 22:23:02,015 [INFO] IPUIPlugin:80 - create IPUIPlugin
2024-12-15 22:23:02,015 [INFO] PluginManager:220 - loadIPPluginJar : add ucpd
2024-12-15 22:23:02,020 [INFO] IPUIPlugin:80 - create IPUIPlugin
2024-12-15 22:23:02,021 [INFO] PluginManager:220 - loadIPPluginJar : add usart
2024-12-15 22:23:02,025 [INFO] IPUIPlugin:80 - create IPUIPlugin
2024-12-15 22:23:02,025 [INFO] PluginManager:220 - loadIPPluginJar : add usbx
2024-12-15 22:23:02,208 [INFO] CADModel:165 - CPN selected for project level
2024-12-15 22:23:02,209 [INFO] CADModel:114 - Register for checkConnection events
2024-12-15 22:23:02,209 [FATAL] Updater:334 - Updater called before beeing initialized
2024-12-15 22:23:02,209 [ERROR] CADModel:125 - Updater not yet initialized, retry later 
2024-12-15 22:23:02,431 [INFO] CADModel:165 - CPN selected for project level
2024-12-15 22:23:02,431 [INFO] CADModel:114 - Register for checkConnection events
2024-12-15 22:23:02,432 [FATAL] Updater:334 - Updater called before beeing initialized
2024-12-15 22:23:02,432 [ERROR] CADModel:125 - Updater not yet initialized, retry later 
2024-12-15 22:23:02,437 [FATAL] Updater:334 - Updater called before beeing initialized
2024-12-15 22:23:02,663 [FATAL] Updater:334 - Updater called before beeing initialized
2024-12-15 22:23:02,672 [INFO] DbMcusAds:53 - JSON generation date=Fri Sep 20 15:04:23 CEST 2024 (1726837463113)
2024-12-15 22:23:02,672 [FATAL] Updater:334 - Updater called before beeing initialized
2024-12-15 22:23:02,740 [WARN] DetailPanel:346 - Failed to get advertising image, set to default
2024-12-15 22:23:02,894 [FATAL] Updater:334 - Updater called before beeing initialized
2024-12-15 22:23:02,896 [FATAL] Updater:334 - Updater called before beeing initialized
2024-12-15 22:23:02,896 [FATAL] Updater:334 - Updater called before beeing initialized
2024-12-15 22:23:02,896 [WARN] DetailPanel:346 - Failed to get advertising image, set to default
2024-12-15 22:23:02,898 [FATAL] Updater:334 - Updater called before beeing initialized
2024-12-15 22:23:03,004 [ERROR] Updater:1164 - MainUpdater not yet initialized. External WinMGr cannot be set.
2024-12-15 22:23:03,008 [INFO] Updater:1100 - Updater Version found : 6.12.1
2024-12-15 22:23:03,033 [INFO] ApplicationProperties:184 - Using Application install path: C:\ST\STM32CubeIDE_1.16.1\STM32CubeIDE\plugins\com.st.stm32cube.common.mx_6.12.1.202409122256
2024-12-15 22:23:03,806 [INFO] ThirdPartyUpdaterWithRetryManager:70 - Updater plugin not ready yet. [2/15]
2024-12-15 22:23:03,812 [INFO] MainUpdater:2873 - connection check result : 10
2024-12-15 22:23:03,813 [INFO] MainUpdater:290 - Updater Check For Update Now.
2024-12-15 22:23:03,813 [INFO] MicroXplorer:498 - Change Database Version : DB.6.0.121
2024-12-15 22:23:03,824 [INFO] McuFinderGlobals:63 - Set McuFinder mode to 2 (CubeIDE integrated)
2024-12-15 22:23:03,825 [INFO] UserAuth:417 - Internet connection configuration mode: 1
2024-12-15 22:23:03,855 [INFO] JxBrowserEngine:152 - Initiate JxBrowser Engine with user profile folder
2024-12-15 22:23:04,146 [INFO] CheckServerUpdateThread:120 - End of CheckServer Thread
2024-12-15 22:23:05,278 [INFO] WebApp:167 - Instantiating new browser for Auth
2024-12-15 22:23:06,780 [INFO] WebApp:448 - Apply proxy settings
2024-12-15 22:23:06,781 [INFO] WebApp:533 - Chromium requires no authentication
2024-12-15 22:23:06,798 [INFO] WebApp:476 - Direct internet connection detected
2024-12-15 22:23:06,851 [INFO] WebApp:869 - Register for checkConnection events
2024-12-15 22:23:06,851 [INFO] WebApp:448 - Apply proxy settings
2024-12-15 22:23:06,852 [INFO] WebApp:533 - Chromium requires no authentication
2024-12-15 22:23:06,854 [INFO] WebApp:476 - Direct internet connection detected
2024-12-15 22:23:07,317 [WARN] PackLoader:240 - Cannot read IP mode file for STMicroelectronics.FP-SNS-MOTENVWB1.1.4.0
2024-12-15 22:23:07,335 [WARN] PackLoader:240 - Cannot read IP mode file for STMicroelectronics.FP-ATR-ASTRA1.2.0.1
2024-12-15 22:23:07,359 [WARN] PackLoader:240 - Cannot read IP mode file for STMicroelectronics.X-CUBE-SMBUS.2.1.0
2024-12-15 22:23:07,362 [INFO] WebApp:220 - Starting web application
2024-12-15 22:23:07,363 [INFO] WebApp:578 - Web application path used C:\ST\STM32CubeIDE_1.16.1\STM32CubeIDE\plugins\com.st.stm32cube.common.mx_6.12.1.202409122256\db\plugins\mcufinder\reactClient1\index.html
2024-12-15 22:23:07,377 [WARN] PackLoader:240 - Cannot read IP mode file for STMicroelectronics.X-CUBE-WB05N.1.1.0
2024-12-15 22:23:07,492 [WARN] PackLoader:240 - Cannot read IP mode file for STMicroelectronics.X-CUBE-AZRTOS-F7.1.1.0
2024-12-15 22:23:07,787 [WARN] PackLoader:240 - Cannot read IP mode file for STMicroelectronics.X-CUBE-MEMS1.11.0.0
2024-12-15 22:23:08,294 [INFO] UserAuth:417 - Internet connection configuration mode: 1
2024-12-15 22:23:08,553 [WARN] PackLoader:240 - Cannot read IP mode file for STMicroelectronics.FP-SNS-FLIGHT1.5.0.2
2024-12-15 22:23:08,607 [WARN] PackLoader:240 - Cannot read IP mode file for Infineon.AIROC-Wi-Fi-Bluetooth-STM32.1.7.0
2024-12-15 22:23:08,632 [WARN] PackLoader:240 - Cannot read IP mode file for STMicroelectronics.X-CUBE-DISPLAY.3.0.0
2024-12-15 22:23:08,674 [WARN] PackLoader:240 - Cannot read IP mode file for STMicroelectronics.X-CUBE-BLE1.7.0.0
2024-12-15 22:23:08,687 [WARN] PackLoader:240 - Cannot read IP mode file for STMicroelectronics.X-CUBE-NFC10.1.0.0
2024-12-15 22:23:08,720 [WARN] PackLoader:240 - Cannot read IP mode file for STMicroelectronics.X-CUBE-BLEMGR.4.0.0
2024-12-15 22:23:08,743 [WARN] PackLoader:240 - Cannot read IP mode file for emotas.I-CUBE-CANOPEN.1.3.0
2024-12-15 22:23:08,753 [WARN] PackLoader:240 - Cannot read IP mode file for STMicroelectronics.FP-SNS-SMARTAG2.1.2.0
2024-12-15 22:23:08,773 [INFO] LogOutputStream:77 - [STDOUT_REDIRECT] 1 : Invalid condition id : UX_CORESTACK_Condition cause : null
2024-12-15 22:23:08,774 [INFO] LogOutputStream:77 - [STDOUT_REDIRECT] 1 : Invalid condition id : UX_CORESTACK_Condition cause : null
2024-12-15 22:23:08,777 [INFO] LogOutputStream:77 - [STDOUT_REDIRECT] 1 : Invalid condition id : UX_CORESTACK_Condition cause : null
2024-12-15 22:23:08,804 [INFO] LogOutputStream:77 - [STDOUT_REDIRECT] 1 : Invalid condition id : UX_CORESTACK_Condition cause : null
2024-12-15 22:23:08,807 [INFO] LogOutputStream:77 - [STDOUT_REDIRECT] 1 : Invalid condition id : UX_CORESTACK_Condition cause : null
2024-12-15 22:23:08,815 [WARN] PackLoader:240 - Cannot read IP mode file for STMicroelectronics.X-CUBE-AZRTOS-WL.2.0.0
2024-12-15 22:23:08,828 [WARN] PackLoader:240 - Cannot read IP mode file for STMicroelectronics.FP-SNS-MOTENV1.5.0.0
2024-12-15 22:23:08,839 [WARN] PackLoader:240 - Cannot read IP mode file for wolfSSL.I-CUBE-wolfMQTT.1.19.0
2024-12-15 22:23:08,855 [WARN] PackLoader:240 - Cannot read IP mode file for WES.I-CUBE-Cesium.1.3.0
2024-12-15 22:23:08,868 [WARN] PackLoader:240 - Cannot read IP mode file for STMicroelectronics.X-CUBE-BLE2.3.3.0
2024-12-15 22:23:08,881 [WARN] PackLoader:240 - Cannot read IP mode file for STMicroelectronics.X-CUBE-NFC9.1.0.0
2024-12-15 22:23:08,894 [WARN] PackLoader:240 - Cannot read IP mode file for STMicroelectronics.X-CUBE-TCPP.4.1.0
2024-12-15 22:23:08,967 [WARN] PackLoader:240 - Cannot read IP mode file for STMicroelectronics.X-CUBE-AZRTOS-G0.1.1.0
2024-12-15 22:23:08,985 [WARN] PackLoader:240 - Cannot read IP mode file for STMicroelectronics.X-CUBE-SAFEA1.1.2.2
2024-12-15 22:23:08,997 [WARN] PackLoader:240 - Cannot read IP mode file for STMicroelectronics.X-CUBE-NFC4.3.0.0
2024-12-15 22:23:09,019 [WARN] PackLoader:240 - Cannot read IP mode file for EmbeddedOffice.I-CUBE-FS-RTOS.1.0.1
2024-12-15 22:23:09,020 [ERROR] ConditionMgr:805 - Attr not supported : Dmpu
2024-12-15 22:23:09,021 [ERROR] ConditionMgr:805 - Attr not supported : Dmpu
2024-12-15 22:23:09,021 [ERROR] ConditionMgr:805 - Attr not supported : Dmpu
2024-12-15 22:23:09,022 [ERROR] ConditionMgr:805 - Attr not supported : Dmpu
2024-12-15 22:23:09,022 [ERROR] ConditionMgr:805 - Attr not supported : Dmpu
2024-12-15 22:23:09,023 [ERROR] ConditionMgr:805 - Attr not supported : Dmpu
2024-12-15 22:23:09,023 [ERROR] ConditionMgr:805 - Attr not supported : Dmpu
2024-12-15 22:23:09,024 [ERROR] ConditionMgr:805 - Attr not supported : Dmpu
2024-12-15 22:23:09,024 [ERROR] ConditionMgr:805 - Attr not supported : Dmpu
2024-12-15 22:23:09,024 [ERROR] ConditionMgr:805 - Attr not supported : Dmpu
2024-12-15 22:23:09,024 [ERROR] ConditionMgr:805 - Attr not supported : Dmpu
2024-12-15 22:23:09,026 [ERROR] ConditionMgr:805 - Attr not supported : Dmpu
2024-12-15 22:23:09,026 [ERROR] ConditionMgr:805 - Attr not supported : Dmpu
2024-12-15 22:23:09,027 [ERROR] ConditionMgr:805 - Attr not supported : Dmpu
2024-12-15 22:23:09,027 [ERROR] ConditionMgr:805 - Attr not supported : Dmpu
2024-12-15 22:23:09,027 [ERROR] ConditionMgr:805 - Attr not supported : Dmpu
2024-12-15 22:23:09,028 [ERROR] ConditionMgr:805 - Attr not supported : Dmpu
2024-12-15 22:23:09,029 [ERROR] ConditionMgr:805 - Attr not supported : Dmpu
2024-12-15 22:23:09,030 [ERROR] ConditionMgr:805 - Attr not supported : Dmpu
2024-12-15 22:23:09,030 [ERROR] ConditionMgr:805 - Attr not supported : Dmpu
2024-12-15 22:23:09,031 [ERROR] ConditionMgr:805 - Attr not supported : Dmpu
2024-12-15 22:23:09,031 [ERROR] ConditionMgr:805 - Attr not supported : Dmpu
2024-12-15 22:23:09,031 [ERROR] ConditionMgr:805 - Attr not supported : Dmpu
2024-12-15 22:23:09,031 [ERROR] ConditionMgr:805 - Attr not supported : Dmpu
2024-12-15 22:23:09,031 [ERROR] ConditionMgr:805 - Attr not supported : Dmpu
2024-12-15 22:23:09,031 [ERROR] ConditionMgr:805 - Attr not supported : Dmpu
2024-12-15 22:23:09,032 [ERROR] ConditionMgr:805 - Attr not supported : Dmpu
2024-12-15 22:23:09,032 [ERROR] ConditionMgr:805 - Attr not supported : Dmpu
2024-12-15 22:23:09,033 [ERROR] ConditionMgr:805 - Attr not supported : Dmpu
2024-12-15 22:23:09,033 [ERROR] ConditionMgr:805 - Attr not supported : Dmpu
2024-12-15 22:23:09,033 [ERROR] ConditionMgr:805 - Attr not supported : Dmpu
2024-12-15 22:23:09,034 [ERROR] ConditionMgr:805 - Attr not supported : Dmpu
2024-12-15 22:23:09,034 [ERROR] ConditionMgr:805 - Attr not supported : Dmpu
2024-12-15 22:23:09,034 [ERROR] ConditionMgr:805 - Attr not supported : Dmpu
2024-12-15 22:23:09,034 [ERROR] ConditionMgr:805 - Attr not supported : Dmpu
2024-12-15 22:23:09,034 [ERROR] ConditionMgr:805 - Attr not supported : Dmpu
2024-12-15 22:23:09,035 [ERROR] ConditionMgr:805 - Attr not supported : Dmpu
2024-12-15 22:23:09,035 [ERROR] ConditionMgr:805 - Attr not supported : Dmpu
2024-12-15 22:23:09,035 [ERROR] ConditionMgr:805 - Attr not supported : Dmpu
2024-12-15 22:23:09,036 [ERROR] ConditionMgr:805 - Attr not supported : Dmpu
2024-12-15 22:23:09,036 [ERROR] ConditionMgr:805 - Attr not supported : Dmpu
2024-12-15 22:23:09,036 [ERROR] ConditionMgr:805 - Attr not supported : Dmpu
2024-12-15 22:23:09,036 [ERROR] ConditionMgr:805 - Attr not supported : Dmpu
2024-12-15 22:23:09,037 [ERROR] ConditionMgr:805 - Attr not supported : Dmpu
2024-12-15 22:23:09,037 [ERROR] ConditionMgr:805 - Attr not supported : Dmpu
2024-12-15 22:23:09,037 [ERROR] ConditionMgr:805 - Attr not supported : Dmpu
2024-12-15 22:23:09,037 [ERROR] ConditionMgr:805 - Attr not supported : Dmpu
2024-12-15 22:23:09,037 [ERROR] ConditionMgr:805 - Attr not supported : Dmpu
2024-12-15 22:23:09,037 [ERROR] ConditionMgr:805 - Attr not supported : Dmpu
2024-12-15 22:23:09,038 [ERROR] ConditionMgr:805 - Attr not supported : Dmpu
2024-12-15 22:23:09,038 [ERROR] ConditionMgr:805 - Attr not supported : Dmpu
2024-12-15 22:23:09,038 [ERROR] ConditionMgr:805 - Attr not supported : Dmpu
2024-12-15 22:23:09,038 [ERROR] ConditionMgr:805 - Attr not supported : Dmpu
2024-12-15 22:23:09,038 [ERROR] ConditionMgr:805 - Attr not supported : Dmpu
2024-12-15 22:23:09,038 [ERROR] ConditionMgr:805 - Attr not supported : Dmpu
2024-12-15 22:23:09,039 [ERROR] ConditionMgr:805 - Attr not supported : Dmpu
2024-12-15 22:23:09,039 [ERROR] ConditionMgr:805 - Attr not supported : Dmpu
2024-12-15 22:23:09,039 [ERROR] ConditionMgr:805 - Attr not supported : Dmpu
2024-12-15 22:23:09,039 [ERROR] ConditionMgr:805 - Attr not supported : Dmpu
2024-12-15 22:23:09,039 [ERROR] ConditionMgr:805 - Attr not supported : Dmpu
2024-12-15 22:23:09,040 [ERROR] ConditionMgr:805 - Attr not supported : Dmpu
2024-12-15 22:23:09,040 [ERROR] ConditionMgr:805 - Attr not supported : Dmpu
2024-12-15 22:23:09,040 [ERROR] ConditionMgr:805 - Attr not supported : Dmpu
2024-12-15 22:23:09,040 [ERROR] ConditionMgr:805 - Attr not supported : Dmpu
2024-12-15 22:23:09,064 [ERROR] Engine:466 - C:\Users\leona\.stm32cubemx\thirdparties\pdsc\STMicroelectronics.X-CUBE-TCPP.4.2.0.pdsc: PDSC version is not supported
2024-12-15 22:23:09,074 [WARN] PackLoader:240 - Cannot read IP mode file for RealThread.X-CUBE-RT-Thread_Nano.4.1.1
2024-12-15 22:23:09,082 [WARN] PackLoader:240 - Cannot read IP mode file for STMicroelectronics.FP-ATR-SIGFOX1.3.2.0
2024-12-15 22:23:09,097 [WARN] ConditionMgr:438 - getConditionDescription Invalid condition id : Cortex-A Device cause : null
2024-12-15 22:23:09,133 [WARN] ConditionMgr:1039 - genDependencies : Invalid condition id : Cortex-A Device cause : null
2024-12-15 22:23:09,133 [WARN] ConditionMgr:1039 - genDependencies : Invalid condition id : Cortex-A Device cause : null
2024-12-15 22:23:09,134 [WARN] ConditionMgr:1039 - genDependencies : Invalid condition id : Cortex-A Device cause : null
2024-12-15 22:23:09,146 [WARN] PackLoader:240 - Cannot read IP mode file for STMicroelectronics.X-CUBE-EEPRMA1.5.1.0
2024-12-15 22:23:09,156 [WARN] PackLoader:240 - Cannot read IP mode file for wolfSSL.I-CUBE-wolfSSL.5.7.4
2024-12-15 22:23:09,169 [WARN] PackLoader:240 - Cannot read IP mode file for ITTIA_DB.I-CUBE-ITTIADB.8.9.0
2024-12-15 22:23:09,280 [WARN] PackLoader:240 - Cannot read IP mode file for SEGGER.I-CUBE-embOS.1.3.1
2024-12-15 22:23:09,404 [WARN] PackLoader:240 - Cannot read IP mode file for STMicroelectronics.X-CUBE-ALGOBUILD.1.4.0
2024-12-15 22:23:09,411 [WARN] PackLoader:240 - Cannot read IP mode file for STMicroelectronics.X-CUBE-AI.9.1.0
2024-12-15 22:23:09,455 [WARN] PackLoader:240 - Cannot read IP mode file for STMicroelectronics.X-CUBE-AZRTOS-F4.1.1.0
2024-12-15 22:23:09,474 [WARN] PackLoader:240 - Cannot read IP mode file for STMicroelectronics.X-CUBE-ISPU.2.1.0
2024-12-15 22:23:09,486 [WARN] PackLoader:240 - Cannot read IP mode file for STMicroelectronics.X-CUBE-FREERTOS.1.2.0
2024-12-15 22:23:09,524 [WARN] PackLoader:240 - Cannot read IP mode file for STMicroelectronics.X-CUBE-AZRTOS-L5.2.0.0
2024-12-15 22:23:09,542 [WARN] PackLoader:240 - Cannot read IP mode file for STMicroelectronics.X-CUBE-NFC6.3.1.0
2024-12-15 22:23:09,556 [WARN] PackLoader:240 - Cannot read IP mode file for STMicroelectronics.X-CUBE-DPower.1.2.0
2024-12-15 22:23:09,565 [WARN] PackLoader:240 - Cannot read IP mode file for STMicroelectronics.X-CUBE-FREERTOS.1.3.0
2024-12-15 22:23:09,590 [WARN] PackLoader:240 - Cannot read IP mode file for STMicroelectronics.X-CUBE-NFC7.1.0.1
2024-12-15 22:23:09,632 [WARN] ConditionMgr:438 - getConditionDescription Invalid condition id : LAN8742 Phy interface Condition cause : null
2024-12-15 22:23:09,633 [WARN] PackLoader:240 - Cannot read IP mode file for STMicroelectronics.X-CUBE-AZRTOS-L4.2.0.0
2024-12-15 22:23:09,635 [WARN] ConditionMgr:1039 - genDependencies : Invalid condition id : LAN8742 Phy interface Condition cause : null
2024-12-15 22:23:09,636 [WARN] ConditionMgr:1039 - genDependencies : Invalid condition id : LAN8742 Phy interface Condition cause : null
2024-12-15 22:23:09,637 [WARN] ConditionMgr:1039 - genDependencies : Invalid condition id : LAN8742 Phy interface Condition cause : null
2024-12-15 22:23:09,653 [WARN] PackLoader:240 - Cannot read IP mode file for STMicroelectronics.X-CUBE-SFXS2LP1.4.0.0
2024-12-15 22:23:09,724 [WARN] PackLoader:240 - Cannot read IP mode file for STMicroelectronics.X-CUBE-AZRTOS-H7.3.3.0
2024-12-15 22:23:09,758 [WARN] PackLoader:240 - Cannot read IP mode file for STMicroelectronics.X-CUBE-IPS.3.0.0
2024-12-15 22:23:09,765 [INFO] WebApp:186 - Connection restablished
2024-12-15 22:23:09,806 [WARN] ConditionMgr:438 - getConditionDescription Invalid condition id : UX DEVICE CLASS RTOS Condition cause : null
2024-12-15 22:23:09,807 [WARN] ConditionMgr:438 - getConditionDescription Invalid condition id : UX DEVICE CLASS RTOS Condition cause : null
2024-12-15 22:23:09,812 [WARN] PackLoader:240 - Cannot read IP mode file for STMicroelectronics.X-CUBE-AZRTOS-WB.2.0.0
2024-12-15 22:23:09,814 [WARN] ConditionMgr:1039 - genDependencies : Invalid condition id : UX DEVICE CLASS RTOS Condition cause : null
2024-12-15 22:23:09,815 [WARN] ConditionMgr:1039 - genDependencies : Invalid condition id : UX DEVICE CLASS RTOS Condition cause : null
2024-12-15 22:23:09,816 [WARN] ConditionMgr:1039 - genDependencies : Invalid condition id : UX DEVICE CLASS RTOS Condition cause : null
2024-12-15 22:23:09,816 [WARN] ConditionMgr:1039 - genDependencies : Invalid condition id : UX DEVICE CLASS RTOS Condition cause : null
2024-12-15 22:23:09,817 [WARN] ConditionMgr:1039 - genDependencies : Invalid condition id : UX DEVICE CLASS RTOS Condition cause : null
2024-12-15 22:23:09,827 [WARN] PackLoader:240 - Cannot read IP mode file for STMicroelectronics.X-CUBE-GNSS1.7.0.0
2024-12-15 22:23:09,869 [WARN] PackLoader:240 - Cannot read IP mode file for STMicroelectronics.FP-SNS-STBOX1.2.0.0
2024-12-15 22:23:09,894 [WARN] PackLoader:240 - Cannot read IP mode file for STMicroelectronics.X-CUBE-SUBG2.5.0.0
2024-12-15 22:23:09,915 [WARN] PackLoader:240 - Cannot read IP mode file for Cesanta.I-CUBE-Mongoose.7.13.0
2024-12-15 22:23:09,942 [WARN] PackLoader:240 - Cannot read IP mode file for STMicroelectronics.X-CUBE-AZRTOS-G4.2.0.0
2024-12-15 22:23:09,955 [WARN] PackLoader:240 - Cannot read IP mode file for STMicroelectronics.X-CUBE-ALS.1.0.2
2024-12-15 22:23:09,999 [WARN] PackLoader:240 - Cannot read IP mode file for STMicroelectronics.X-CUBE-TOUCHGFX.4.24.1
2024-12-15 22:23:10,015 [WARN] PackLoader:240 - Cannot read IP mode file for wolfSSL.I-CUBE-wolfTPM.3.4.0
2024-12-15 22:23:10,025 [WARN] PackLoader:240 - Cannot read IP mode file for portGmbH.I-Cube-SoM-uGOAL.1.1.0
2024-12-15 22:23:10,061 [WARN] PackLoader:240 - Cannot read IP mode file for STMicroelectronics.X-CUBE-AZRTOS-H7RS.1.0.0
2024-12-15 22:23:10,086 [WARN] PackLoader:240 - Cannot read IP mode file for STMicroelectronics.X-CUBE-TOF1.3.4.2
2024-12-15 22:23:10,137 [WARN] PackLoader:240 - Cannot read IP mode file for wolfSSL.I-CUBE-wolfSSH.1.4.17
2024-12-15 22:23:10,173 [INFO] ThirdParty:978 - Integrity check success = true
2024-12-15 22:23:10,173 [INFO] IntegrityCheckThread:100 - exiting critical section [integrity check]
2024-12-15 22:23:10,173 [INFO] IntegrityCheckThread:103 - End integrity checks thread
2024-12-15 23:55:19,902 [INFO] WebApp:189 - Connection lost
2024-12-15 23:56:41,466 [INFO] WebApp:186 - Connection restablished
